timestamp,benchmark,parameter,value,fixed_params,time_ms
2026-05-16T20:37:56,VaryN,N,2,"K=3 P=7",0.072
2026-05-16T20:37:57,VaryK,K,1,"N=7 P=7",552.297
2026-05-16T20:37:57,VaryP,P,2,"N=7 K=3",0.0269
2026-05-16T20:37:57,VaryN,N,3,"K=3 P=7",0.9207
2026-05-16T20:37:58,VaryK,K,2,"N=7 P=7",504.672
2026-05-16T20:37:58,VaryP,P,3,"N=7 K=3",0.1264
2026-05-16T20:37:58,VaryN,N,4,"K=3 P=7",9.9801
2026-05-16T20:37:58,VaryK,K,3,"N=7 P=7",508.512
2026-05-16T20:37:58,VaryP,P,4,"N=7 K=3",0.96
2026-05-16T20:37:58,VaryN,N,5,"K=3 P=7",47.267
2026-05-16T20:37:59,VaryK,K,4,"N=7 P=7",535.577
2026-05-16T20:37:59,VaryP,P,5,"N=7 K=3",7.2373
2026-05-16T20:37:59,VaryN,N,6,"K=3 P=7",161.156
2026-05-16T20:37:59,VaryK,K,5,"N=7 P=7",495.001
2026-05-16T20:37:59,VaryP,P,6,"N=7 K=3",73.1923
2026-05-16T20:38:00,VaryN,N,7,"K=3 P=7",496.772
2026-05-16T20:38:00,VaryK,K,6,"N=7 P=7",468.639
2026-05-16T20:38:01,VaryP,P,7,"N=7 K=3",478.685
2026-05-16T20:38:02,VaryN,N,8,"K=3 P=7",1235.29
2026-05-16T20:38:03,VaryK,K,7,"N=7 P=7",513.53
2026-05-16T20:38:07,VaryP,P,8,"N=7 K=3",4002.21
2026-05-16T20:38:10,VaryN,N,9,"K=3 P=7",3015.25
2026-05-16T20:38:10,VaryK,K,8,"N=7 P=7",473.627
2026-05-16T20:38:53,VaryP,P,9,"N=7 K=3",42631.8
2026-05-16T20:39:03,VaryN,N,10,"K=3 P=7",9666.85
2026-05-16T20:39:03,VaryK,K,9,"N=7 P=7",740.85
2026-05-16T20:44:16,VaryP,P,10,"N=7 K=3",312809
2026-05-16T20:44:35,VaryN,N,11,"K=3 P=7",19128.8
2026-05-16T20:44:36,VaryK,K,10,"N=7 P=7",732.627
2026-05-16T21:19:23,VaryP,P,11,"N=7 K=3",2.08689e+06
2026-05-16T21:19:45,VaryN,N,12,"K=3 P=7",22037.1
2026-05-16T21:19:45,VaryK,K,11,"N=7 P=7",449.061
2026-05-16T21:19:45,VaryP,P,12,"N=7 K=3",-1
2026-05-16T21:20:24,VaryN,N,13,"K=3 P=7",38630
2026-05-16T21:20:24,VaryK,K,12,"N=7 P=7",454.718
2026-05-16T21:20:24,VaryP,P,13,"N=7 K=3",-1
2026-05-16T21:21:30,VaryN,N,14,"K=3 P=7",65893.1
2026-05-16T21:21:31,VaryK,K,13,"N=7 P=7",461.376
2026-05-16T21:21:31,VaryP,P,14,"N=7 K=3",-1
2026-05-16T21:23:19,VaryN,N,15,"K=3 P=7",108164
2026-05-16T21:23:20,VaryK,K,14,"N=7 P=7",453.892
2026-05-16T21:23:20,VaryP,P,15,"N=7 K=3",-1
2026-05-16T21:26:15,VaryN,N,16,"K=3 P=7",175012
2026-05-16T21:26:15,VaryK,K,15,"N=7 P=7",502.349
2026-05-16T21:26:15,VaryP,P,16,"N=7 K=3",-1
2026-05-16T21:30:31,VaryN,N,17,"K=3 P=7",255476
2026-05-16T21:30:31,VaryK,K,16,"N=7 P=7",445.96
2026-05-16T21:30:31,VaryP,P,17,"N=7 K=3",-1
2026-05-16T21:36:54,VaryN,N,18,"K=3 P=7",382896
2026-05-16T21:36:54,VaryK,K,17,"N=7 P=7",445.008
2026-05-16T21:36:54,VaryP,P,18,"N=7 K=3",-1
2026-05-16T21:46:13,VaryN,N,19,"K=3 P=7",558824
2026-05-16T21:46:14,VaryK,K,18,"N=7 P=7",485.754
2026-05-16T21:46:14,VaryP,P,19,"N=7 K=3",-1
2026-05-16T21:59:39,VaryN,N,20,"K=3 P=7",805585
2026-05-16T21:59:40,VaryK,K,19,"N=7 P=7",441.676
2026-05-16T21:59:40,VaryP,P,20,"N=7 K=3",-1
2026-05-16T22:18:46,VaryN,N,21,"K=3 P=7",1.14631e+06
2026-05-16T22:18:46,VaryK,K,20,"N=7 P=7",516.218
2026-05-16T22:18:46,VaryP,P,21,"N=7 K=3",-1
2026-05-16T22:41:54,VaryN,N,22,"K=3 P=7",1.38766e+06
2026-05-16T22:41:55,VaryK,K,21,"N=7 P=7",451.412
2026-05-16T22:41:55,VaryP,P,22,"N=7 K=3",-1
2026-05-16T23:04:39,VaryN,N,23,"K=3 P=7",1.3646e+06
2026-05-16T23:04:40,VaryK,K,22,"N=7 P=7",455.971
2026-05-16T23:04:40,VaryP,P,23,"N=7 K=3",-1
2026-05-16T23:27:28,VaryN,N,24,"K=3 P=7",1.36828e+06
2026-05-16T23:27:28,VaryK,K,23,"N=7 P=7",447.08
2026-05-16T23:27:28,VaryP,P,24,"N=7 K=3",-1
2026-05-16T23:50:19,VaryN,N,25,"K=3 P=7",1.37035e+06
2026-05-16T23:50:19,VaryK,K,24,"N=7 P=7",450.462
2026-05-16T23:50:19,VaryP,P,25,"N=7 K=3",-1
2026-05-17T00:13:15,VaryN,N,26,"K=3 P=7",1.37549e+06
2026-05-17T00:13:15,VaryK,K,25,"N=7 P=7",449.439
2026-05-17T00:13:15,VaryP,P,26,"N=7 K=3",-1
2026-05-17T00:13:15,VaryN,N,27,"K=3 P=7",-1
2026-05-17T00:13:16,VaryK,K,26,"N=7 P=7",445.291
2026-05-17T00:13:16,VaryP,P,27,"N=7 K=3",-1
2026-05-17T00:13:16,VaryN,N,28,"K=3 P=7",-1
2026-05-17T00:13:16,VaryK,K,27,"N=7 P=7",510.412
2026-05-17T00:13:16,VaryP,P,28,"N=7 K=3",-1
2026-05-17T00:13:16,VaryN,N,29,"K=3 P=7",-1
2026-05-17T00:13:17,VaryK,K,28,"N=7 P=7",514.644
2026-05-17T00:13:17,VaryP,P,29,"N=7 K=3",-1
2026-05-17T00:13:17,VaryN,N,30,"K=3 P=7",-1
2026-05-17T00:13:17,VaryK,K,29,"N=7 P=7",501.524
2026-05-17T00:13:17,VaryP,P,30,"N=7 K=3",-1
2026-05-17T00:13:17,VaryN,N,31,"K=3 P=7",-1
2026-05-17T00:13:18,VaryK,K,30,"N=7 P=7",467.986
2026-05-17T00:13:18,VaryP,P,31,"N=7 K=3",-1
2026-05-17T00:13:18,VaryN,N,32,"K=3 P=7",-1
2026-05-17T00:13:18,VaryK,K,31,"N=7 P=7",457.413
2026-05-17T00:13:18,VaryP,P,32,"N=7 K=3",-1
2026-05-17T00:13:18,VaryN,N,33,"K=3 P=7",-1
2026-05-17T00:13:19,VaryK,K,32,"N=7 P=7",449.776
2026-05-17T00:13:19,VaryP,P,33,"N=7 K=3",-1
2026-05-17T00:13:19,VaryN,N,34,"K=3 P=7",-1
2026-05-17T00:13:19,VaryK,K,33,"N=7 P=7",451.625
2026-05-17T00:13:19,VaryP,P,34,"N=7 K=3",-1
2026-05-17T00:13:19,VaryN,N,35,"K=3 P=7",-1
2026-05-17T00:13:19,VaryK,K,34,"N=7 P=7",449.476
2026-05-17T00:13:19,VaryP,P,35,"N=7 K=3",-1
2026-05-17T00:13:19,VaryN,N,36,"K=3 P=7",-1
2026-05-17T00:13:20,VaryK,K,35,"N=7 P=7",443.296
2026-05-17T00:13:20,VaryP,P,36,"N=7 K=3",-1
2026-05-17T00:13:20,VaryN,N,37,"K=3 P=7",-1
2026-05-17T00:13:20,VaryK,K,36,"N=7 P=7",442.471
2026-05-17T00:13:20,VaryP,P,37,"N=7 K=3",-1
2026-05-17T00:13:20,VaryN,N,38,"K=3 P=7",-1
2026-05-17T00:13:21,VaryK,K,37,"N=7 P=7",442.539
2026-05-17T00:13:21,VaryP,P,38,"N=7 K=3",-1
2026-05-17T00:13:21,VaryN,N,39,"K=3 P=7",-1
2026-05-17T00:13:21,VaryK,K,38,"N=7 P=7",451.394
2026-05-17T00:13:21,VaryP,P,39,"N=7 K=3",-1
2026-05-17T00:13:21,VaryN,N,40,"K=3 P=7",-1
2026-05-17T00:13:22,VaryK,K,39,"N=7 P=7",448.641
2026-05-17T00:13:22,VaryP,P,40,"N=7 K=3",-1
2026-05-17T00:13:22,VaryN,N,41,"K=3 P=7",-1
2026-05-17T00:13:22,VaryK,K,40,"N=7 P=7",444.732
2026-05-17T00:13:22,VaryP,P,41,"N=7 K=3",-1
2026-05-17T00:13:22,VaryN,N,42,"K=3 P=7",-1
2026-05-17T00:13:23,VaryK,K,41,"N=7 P=7",441.447
2026-05-17T00:13:23,VaryP,P,42,"N=7 K=3",-1
2026-05-17T00:13:23,VaryN,N,43,"K=3 P=7",-1
2026-05-17T00:13:23,VaryK,K,42,"N=7 P=7",446.487
2026-05-17T00:13:23,VaryP,P,43,"N=7 K=3",-1
2026-05-17T00:13:23,VaryN,N,44,"K=3 P=7",-1
2026-05-17T00:13:24,VaryK,K,43,"N=7 P=7",456.174
2026-05-17T00:13:24,VaryP,P,44,"N=7 K=3",-1
2026-05-17T00:13:24,VaryN,N,45,"K=3 P=7",-1
2026-05-17T00:13:24,VaryK,K,44,"N=7 P=7",454.489
2026-05-17T00:13:24,VaryP,P,45,"N=7 K=3",-1
2026-05-17T00:13:24,VaryN,N,46,"K=3 P=7",-1
2026-05-17T00:13:24,VaryK,K,45,"N=7 P=7",450.843
2026-05-17T00:13:24,VaryP,P,46,"N=7 K=3",-1
2026-05-17T00:13:24,VaryN,N,47,"K=3 P=7",-1
2026-05-17T00:13:25,VaryK,K,46,"N=7 P=7",452.629
2026-05-17T00:13:25,VaryP,P,47,"N=7 K=3",-1
2026-05-17T00:13:25,VaryN,N,48,"K=3 P=7",-1
2026-05-17T00:13:25,VaryK,K,47,"N=7 P=7",447.127
2026-05-17T00:13:25,VaryP,P,48,"N=7 K=3",-1
2026-05-17T00:13:25,VaryN,N,49,"K=3 P=7",-1
2026-05-17T00:13:26,VaryK,K,48,"N=7 P=7",444.832
2026-05-17T00:13:26,VaryP,P,49,"N=7 K=3",-1
2026-05-17T00:13:26,VaryN,N,50,"K=3 P=7",-1
2026-05-17T00:13:26,VaryK,K,49,"N=7 P=7",454.741
2026-05-17T00:13:26,VaryP,P,50,"N=7 K=3",-1
2026-05-17T00:13:26,VaryN,N,51,"K=3 P=7",-1
2026-05-17T00:13:27,VaryK,K,50,"N=7 P=7",455.173
2026-05-17T00:13:27,VaryP,P,51,"N=7 K=3",-1
2026-05-17T00:13:27,VaryN,N,52,"K=3 P=7",-1
2026-05-17T00:13:27,VaryK,K,51,"N=7 P=7",447.775
2026-05-17T00:13:27,VaryP,P,52,"N=7 K=3",-1
2026-05-17T00:13:27,VaryN,N,53,"K=3 P=7",-1
2026-05-17T00:13:28,VaryK,K,52,"N=7 P=7",462.482
2026-05-17T00:13:28,VaryP,P,53,"N=7 K=3",-1
2026-05-17T00:13:28,VaryN,N,54,"K=3 P=7",-1
2026-05-17T00:13:28,VaryK,K,53,"N=7 P=7",443.131
2026-05-17T00:13:28,VaryP,P,54,"N=7 K=3",-1
2026-05-17T00:13:28,VaryN,N,55,"K=3 P=7",-1
2026-05-17T00:13:29,VaryK,K,54,"N=7 P=7",451.175
2026-05-17T00:13:29,VaryP,P,55,"N=7 K=3",-1
2026-05-17T00:13:29,VaryN,N,56,"K=3 P=7",-1
2026-05-17T00:13:29,VaryK,K,55,"N=7 P=7",453.884
2026-05-17T00:13:29,VaryP,P,56,"N=7 K=3",-1
2026-05-17T00:13:29,VaryN,N,57,"K=3 P=7",-1
2026-05-17T00:13:30,VaryK,K,56,"N=7 P=7",457.186
2026-05-17T00:13:30,VaryP,P,57,"N=7 K=3",-1
2026-05-17T00:13:30,VaryN,N,58,"K=3 P=7",-1
2026-05-17T00:13:30,VaryK,K,57,"N=7 P=7",452.561
2026-05-17T00:13:30,VaryP,P,58,"N=7 K=3",-1
2026-05-17T00:13:30,VaryN,N,59,"K=3 P=7",-1
2026-05-17T00:13:30,VaryK,K,58,"N=7 P=7",445.039
2026-05-17T00:13:30,VaryP,P,59,"N=7 K=3",-1
2026-05-17T00:13:30,VaryN,N,60,"K=3 P=7",-1
2026-05-17T00:13:31,VaryK,K,59,"N=7 P=7",445.916
2026-05-17T00:13:31,VaryP,P,60,"N=7 K=3",-1
2026-05-17T00:13:31,VaryN,N,61,"K=3 P=7",-1
2026-05-17T00:13:31,VaryK,K,60,"N=7 P=7",453.326
2026-05-17T00:13:31,VaryP,P,61,"N=7 K=3",-1
2026-05-17T00:13:31,VaryN,N,62,"K=3 P=7",-1
2026-05-17T00:13:32,VaryK,K,61,"N=7 P=7",444.659
2026-05-17T00:13:32,VaryP,P,62,"N=7 K=3",-1
2026-05-17T00:13:32,VaryN,N,63,"K=3 P=7",-1
2026-05-17T00:13:32,VaryK,K,62,"N=7 P=7",444.208
2026-05-17T00:13:32,VaryP,P,63,"N=7 K=3",-1
2026-05-17T00:13:32,VaryN,N,64,"K=3 P=7",-1
2026-05-17T00:13:33,VaryK,K,63,"N=7 P=7",446.049
2026-05-17T00:13:33,VaryP,P,64,"N=7 K=3",-1
2026-05-17T00:13:33,VaryN,N,65,"K=3 P=7",-1
2026-05-17T00:13:33,VaryK,K,64,"N=7 P=7",447.924
2026-05-17T00:13:33,VaryP,P,65,"N=7 K=3",-1
2026-05-17T00:13:33,VaryN,N,66,"K=3 P=7",-1
2026-05-17T00:13:34,VaryK,K,65,"N=7 P=7",452.457
2026-05-17T00:13:34,VaryP,P,66,"N=7 K=3",-1
2026-05-17T00:13:34,VaryN,N,67,"K=3 P=7",-1
2026-05-17T00:13:34,VaryK,K,66,"N=7 P=7",459.313
2026-05-17T00:13:34,VaryP,P,67,"N=7 K=3",-1
2026-05-17T00:13:34,VaryN,N,68,"K=3 P=7",-1
2026-05-17T00:13:35,VaryK,K,67,"N=7 P=7",446.163
2026-05-17T00:13:35,VaryP,P,68,"N=7 K=3",-1
2026-05-17T00:13:35,VaryN,N,69,"K=3 P=7",-1
2026-05-17T00:13:35,VaryK,K,68,"N=7 P=7",460.825
2026-05-17T00:13:35,VaryP,P,69,"N=7 K=3",-1
2026-05-17T00:13:35,VaryN,N,70,"K=3 P=7",-1
2026-05-17T00:13:35,VaryK,K,69,"N=7 P=7",445.088
2026-05-17T00:13:35,VaryP,P,70,"N=7 K=3",-1
2026-05-17T00:13:35,VaryN,N,71,"K=3 P=7",-1
2026-05-17T00:13:36,VaryK,K,70,"N=7 P=7",451.655
2026-05-17T00:13:36,VaryP,P,71,"N=7 K=3",-1
2026-05-17T00:13:36,VaryN,N,72,"K=3 P=7",-1
2026-05-17T00:13:36,VaryK,K,71,"N=7 P=7",440.861
2026-05-17T00:13:36,VaryP,P,72,"N=7 K=3",-1
2026-05-17T00:13:36,VaryN,N,73,"K=3 P=7",-1
2026-05-17T00:13:37,VaryK,K,72,"N=7 P=7",448.068
2026-05-17T00:13:37,VaryP,P,73,"N=7 K=3",-1
2026-05-17T00:13:37,VaryN,N,74,"K=3 P=7",-1
2026-05-17T00:13:37,VaryK,K,73,"N=7 P=7",447.203
2026-05-17T00:13:37,VaryP,P,74,"N=7 K=3",-1
2026-05-17T00:13:37,VaryN,N,75,"K=3 P=7",-1
2026-05-17T00:13:38,VaryK,K,74,"N=7 P=7",460.574
2026-05-17T00:13:38,VaryP,P,75,"N=7 K=3",-1
2026-05-17T00:13:38,VaryN,N,76,"K=3 P=7",-1
2026-05-17T00:13:38,VaryK,K,75,"N=7 P=7",458.315
2026-05-17T00:13:38,VaryP,P,76,"N=7 K=3",-1
2026-05-17T00:13:38,VaryN,N,77,"K=3 P=7",-1
2026-05-17T00:13:39,VaryK,K,76,"N=7 P=7",445.305
2026-05-17T00:13:39,VaryP,P,77,"N=7 K=3",-1
2026-05-17T00:13:39,VaryN,N,78,"K=3 P=7",-1
2026-05-17T00:13:39,VaryK,K,77,"N=7 P=7",442.012
2026-05-17T00:13:39,VaryP,P,78,"N=7 K=3",-1
2026-05-17T00:13:39,VaryN,N,79,"K=3 P=7",-1
2026-05-17T00:13:40,VaryK,K,78,"N=7 P=7",445.77
2026-05-17T00:13:40,VaryP,P,79,"N=7 K=3",-1
2026-05-17T00:13:40,VaryN,N,80,"K=3 P=7",-1
2026-05-17T00:13:40,VaryK,K,79,"N=7 P=7",454.249
2026-05-17T00:13:40,VaryP,P,80,"N=7 K=3",-1
2026-05-17T00:13:40,VaryN,N,81,"K=3 P=7",-1
2026-05-17T00:13:40,VaryK,K,80,"N=7 P=7",459.414
2026-05-17T00:13:40,VaryP,P,81,"N=7 K=3",-1
2026-05-17T00:13:40,VaryN,N,82,"K=3 P=7",-1
2026-05-17T00:13:41,VaryK,K,81,"N=7 P=7",447.948
2026-05-17T00:13:41,VaryP,P,82,"N=7 K=3",-1
2026-05-17T00:13:41,VaryN,N,83,"K=3 P=7",-1
2026-05-17T00:13:41,VaryK,K,82,"N=7 P=7",456.899
2026-05-17T00:13:41,VaryP,P,83,"N=7 K=3",-1
2026-05-17T00:13:41,VaryN,N,84,"K=3 P=7",-1
2026-05-17T00:13:42,VaryK,K,83,"N=7 P=7",481.411
2026-05-17T00:13:42,VaryP,P,84,"N=7 K=3",-1
2026-05-17T00:13:42,VaryN,N,85,"K=3 P=7",-1
2026-05-17T00:13:42,VaryK,K,84,"N=7 P=7",464.571
2026-05-17T00:13:42,VaryP,P,85,"N=7 K=3",-1
2026-05-17T00:13:42,VaryN,N,86,"K=3 P=7",-1
2026-05-17T00:13:43,VaryK,K,85,"N=7 P=7",445.267
2026-05-17T00:13:43,VaryP,P,86,"N=7 K=3",-1
2026-05-17T00:13:43,VaryN,N,87,"K=3 P=7",-1
2026-05-17T00:13:43,VaryK,K,86,"N=7 P=7",453.767
2026-05-17T00:13:43,VaryP,P,87,"N=7 K=3",-1
2026-05-17T00:13:43,VaryN,N,88,"K=3 P=7",-1
2026-05-17T00:13:44,VaryK,K,87,"N=7 P=7",451.213
2026-05-17T00:13:44,VaryP,P,88,"N=7 K=3",-1
2026-05-17T00:13:44,VaryN,N,89,"K=3 P=7",-1
2026-05-17T00:13:44,VaryK,K,88,"N=7 P=7",444.275
2026-05-17T00:13:44,VaryP,P,89,"N=7 K=3",-1
2026-05-17T00:13:44,VaryN,N,90,"K=3 P=7",-1
2026-05-17T00:13:45,VaryK,K,89,"N=7 P=7",440.896
2026-05-17T00:13:45,VaryP,P,90,"N=7 K=3",-1
2026-05-17T00:13:45,VaryN,N,91,"K=3 P=7",-1
2026-05-17T00:13:45,VaryK,K,90,"N=7 P=7",444.925
2026-05-17T00:13:45,VaryP,P,91,"N=7 K=3",-1
2026-05-17T00:13:45,VaryN,N,92,"K=3 P=7",-1
2026-05-17T00:13:46,VaryK,K,91,"N=7 P=7",441.366
2026-05-17T00:13:46,VaryP,P,92,"N=7 K=3",-1
2026-05-17T00:13:46,VaryN,N,93,"K=3 P=7",-1
2026-05-17T00:13:46,VaryK,K,92,"N=7 P=7",493.143
2026-05-17T00:13:46,VaryP,P,93,"N=7 K=3",-1
2026-05-17T00:13:46,VaryN,N,94,"K=3 P=7",-1
2026-05-17T00:13:47,VaryK,K,93,"N=7 P=7",545.958
2026-05-17T00:13:47,VaryP,P,94,"N=7 K=3",-1
2026-05-17T00:13:47,VaryN,N,95,"K=3 P=7",-1
2026-05-17T00:13:47,VaryK,K,94,"N=7 P=7",521
2026-05-17T00:13:47,VaryP,P,95,"N=7 K=3",-1
2026-05-17T00:13:47,VaryN,N,96,"K=3 P=7",-1
2026-05-17T00:13:48,VaryK,K,95,"N=7 P=7",469.988
2026-05-17T00:13:48,VaryP,P,96,"N=7 K=3",-1
2026-05-17T00:13:48,VaryN,N,97,"K=3 P=7",-1
2026-05-17T00:13:48,VaryK,K,96,"N=7 P=7",450.695
2026-05-17T00:13:48,VaryP,P,97,"N=7 K=3",-1
2026-05-17T00:13:48,VaryN,N,98,"K=3 P=7",-1
2026-05-17T00:13:48,VaryK,K,97,"N=7 P=7",447.58
2026-05-17T00:13:48,VaryP,P,98,"N=7 K=3",-1
2026-05-17T00:13:48,VaryN,N,99,"K=3 P=7",-1
2026-05-17T00:13:49,VaryK,K,98,"N=7 P=7",441.215
2026-05-17T00:13:49,VaryP,P,99,"N=7 K=3",-1
2026-05-17T00:13:49,VaryN,N,100,"K=3 P=7",-1
2026-05-17T00:13:49,VaryK,K,99,"N=7 P=7",433.942
2026-05-17T00:13:49,VaryP,P,100,"N=7 K=3",-1
2026-05-17T00:13:49,VaryN,N,101,"K=3 P=7",-1
2026-05-17T00:13:50,VaryK,K,100,"N=7 P=7",455.554
2026-05-17T00:13:50,VaryP,P,101,"N=7 K=3",-1
2026-05-17T00:13:50,VaryN,N,102,"K=3 P=7",-1
2026-05-17T00:13:50,VaryK,K,101,"N=7 P=7",446.816
2026-05-17T00:13:50,VaryP,P,102,"N=7 K=3",-1
2026-05-17T00:13:50,VaryN,N,103,"K=3 P=7",-1
2026-05-17T00:13:51,VaryK,K,102,"N=7 P=7",451.746
2026-05-17T00:13:51,VaryP,P,103,"N=7 K=3",-1
2026-05-17T00:13:51,VaryN,N,104,"K=3 P=7",-1
2026-05-17T00:13:51,VaryK,K,103,"N=7 P=7",437.081
2026-05-17T00:13:51,VaryP,P,104,"N=7 K=3",-1
2026-05-17T00:13:51,VaryN,N,105,"K=3 P=7",-1
2026-05-17T00:13:52,VaryK,K,104,"N=7 P=7",434.928
2026-05-17T00:13:52,VaryP,P,105,"N=7 K=3",-1
2026-05-17T00:13:52,VaryN,N,106,"K=3 P=7",-1
2026-05-17T00:13:52,VaryK,K,105,"N=7 P=7",456.881
2026-05-17T00:13:52,VaryP,P,106,"N=7 K=3",-1
2026-05-17T00:13:52,VaryN,N,107,"K=3 P=7",-1
2026-05-17T00:13:53,VaryK,K,106,"N=7 P=7",433.547
2026-05-17T00:13:53,VaryP,P,107,"N=7 K=3",-1
2026-05-17T00:13:53,VaryN,N,108,"K=3 P=7",-1
2026-05-17T00:13:53,VaryK,K,107,"N=7 P=7",447.98
2026-05-17T00:13:53,VaryP,P,108,"N=7 K=3",-1
2026-05-17T00:13:53,VaryN,N,109,"K=3 P=7",-1
2026-05-17T00:13:53,VaryK,K,108,"N=7 P=7",444.993
2026-05-17T00:13:53,VaryP,P,109,"N=7 K=3",-1
2026-05-17T00:13:53,VaryN,N,110,"K=3 P=7",-1
2026-05-17T00:13:54,VaryK,K,109,"N=7 P=7",442.252
2026-05-17T00:13:54,VaryP,P,110,"N=7 K=3",-1
2026-05-17T00:13:54,VaryN,N,111,"K=3 P=7",-1
2026-05-17T00:13:54,VaryK,K,110,"N=7 P=7",454.25
2026-05-17T00:13:54,VaryP,P,111,"N=7 K=3",-1
2026-05-17T00:13:54,VaryN,N,112,"K=3 P=7",-1
2026-05-17T00:13:55,VaryK,K,111,"N=7 P=7",443.656
2026-05-17T00:13:55,VaryP,P,112,"N=7 K=3",-1
2026-05-17T00:13:55,VaryN,N,113,"K=3 P=7",-1
2026-05-17T00:13:55,VaryK,K,112,"N=7 P=7",448.251
2026-05-17T00:13:55,VaryP,P,113,"N=7 K=3",-1
2026-05-17T00:13:55,VaryN,N,114,"K=3 P=7",-1
2026-05-17T00:13:56,VaryK,K,113,"N=7 P=7",439.802
2026-05-17T00:13:56,VaryP,P,114,"N=7 K=3",-1
2026-05-17T00:13:56,VaryN,N,115,"K=3 P=7",-1
2026-05-17T00:13:56,VaryK,K,114,"N=7 P=7",446.163
2026-05-17T00:13:56,VaryP,P,115,"N=7 K=3",-1
2026-05-17T00:13:56,VaryN,N,116,"K=3 P=7",-1
2026-05-17T00:13:57,VaryK,K,115,"N=7 P=7",445.082
2026-05-17T00:13:57,VaryP,P,116,"N=7 K=3",-1
2026-05-17T00:13:57,VaryN,N,117,"K=3 P=7",-1
2026-05-17T00:13:57,VaryK,K,116,"N=7 P=7",450.49
2026-05-17T00:13:57,VaryP,P,117,"N=7 K=3",-1
2026-05-17T00:13:57,VaryN,N,118,"K=3 P=7",-1
2026-05-17T00:13:58,VaryK,K,117,"N=7 P=7",436.484
2026-05-17T00:13:58,VaryP,P,118,"N=7 K=3",-1
2026-05-17T00:13:58,VaryN,N,119,"K=3 P=7",-1
2026-05-17T00:13:58,VaryK,K,118,"N=7 P=7",448.154
2026-05-17T00:13:58,VaryP,P,119,"N=7 K=3",-1
2026-05-17T00:13:58,VaryN,N,120,"K=3 P=7",-1
2026-05-17T00:13:58,VaryK,K,119,"N=7 P=7",458.043
2026-05-17T00:13:58,VaryP,P,120,"N=7 K=3",-1
2026-05-17T00:13:58,VaryN,N,121,"K=3 P=7",-1
2026-05-17T00:13:59,VaryK,K,120,"N=7 P=7",451.039
2026-05-17T00:13:59,VaryP,P,121,"N=7 K=3",-1
2026-05-17T00:13:59,VaryN,N,122,"K=3 P=7",-1
2026-05-17T00:13:59,VaryK,K,121,"N=7 P=7",450.46
2026-05-17T00:13:59,VaryP,P,122,"N=7 K=3",-1
2026-05-17T00:13:59,VaryN,N,123,"K=3 P=7",-1
2026-05-17T00:14:00,VaryK,K,122,"N=7 P=7",461.259
2026-05-17T00:14:00,VaryP,P,123,"N=7 K=3",-1
2026-05-17T00:14:00,VaryN,N,124,"K=3 P=7",-1
2026-05-17T00:14:00,VaryK,K,123,"N=7 P=7",447.806
2026-05-17T00:14:00,VaryP,P,124,"N=7 K=3",-1
2026-05-17T00:14:00,VaryN,N,125,"K=3 P=7",-1
2026-05-17T00:14:01,VaryK,K,124,"N=7 P=7",443.597
2026-05-17T00:14:01,VaryP,P,125,"N=7 K=3",-1
2026-05-17T00:14:01,VaryN,N,126,"K=3 P=7",-1
2026-05-17T00:14:01,VaryK,K,125,"N=7 P=7",460.686
2026-05-17T00:14:01,VaryP,P,126,"N=7 K=3",-1
2026-05-17T00:14:01,VaryN,N,127,"K=3 P=7",-1
2026-05-17T00:14:02,VaryK,K,126,"N=7 P=7",449.068
2026-05-17T00:14:02,VaryP,P,127,"N=7 K=3",-1
2026-05-17T00:14:02,VaryN,N,128,"K=3 P=7",-1
2026-05-17T00:14:02,VaryK,K,127,"N=7 P=7",448.535
2026-05-17T00:14:02,VaryP,P,128,"N=7 K=3",-1
2026-05-17T00:14:02,VaryN,N,129,"K=3 P=7",-1
2026-05-17T00:14:03,VaryK,K,128,"N=7 P=7",441.911
2026-05-17T00:14:03,VaryP,P,129,"N=7 K=3",-1
2026-05-17T00:14:03,VaryN,N,130,"K=3 P=7",-1
2026-05-17T00:14:03,VaryK,K,129,"N=7 P=7",439.214
2026-05-17T00:14:03,VaryP,P,130,"N=7 K=3",-1
2026-05-17T00:14:03,VaryN,N,131,"K=3 P=7",-1
2026-05-17T00:14:03,VaryK,K,130,"N=7 P=7",444.726
2026-05-17T00:14:03,VaryP,P,131,"N=7 K=3",-1
2026-05-17T00:14:03,VaryN,N,132,"K=3 P=7",-1
2026-05-17T00:14:04,VaryK,K,131,"N=7 P=7",440.386
2026-05-17T00:14:04,VaryP,P,132,"N=7 K=3",-1
2026-05-17T00:14:04,VaryN,N,133,"K=3 P=7",-1
2026-05-17T00:14:04,VaryK,K,132,"N=7 P=7",450.423
2026-05-17T00:14:04,VaryP,P,133,"N=7 K=3",-1
2026-05-17T00:14:04,VaryN,N,134,"K=3 P=7",-1
2026-05-17T00:14:05,VaryK,K,133,"N=7 P=7",459.653
2026-05-17T00:14:05,VaryP,P,134,"N=7 K=3",-1
2026-05-17T00:14:05,VaryN,N,135,"K=3 P=7",-1
2026-05-17T00:14:05,VaryK,K,134,"N=7 P=7",453.102
2026-05-17T00:14:05,VaryP,P,135,"N=7 K=3",-1
2026-05-17T00:14:05,VaryN,N,136,"K=3 P=7",-1
2026-05-17T00:14:06,VaryK,K,135,"N=7 P=7",448.236
2026-05-17T00:14:06,VaryP,P,136,"N=7 K=3",-1
2026-05-17T00:14:06,VaryN,N,137,"K=3 P=7",-1
2026-05-17T00:14:06,VaryK,K,136,"N=7 P=7",454.139
2026-05-17T00:14:06,VaryP,P,137,"N=7 K=3",-1
2026-05-17T00:14:06,VaryN,N,138,"K=3 P=7",-1
2026-05-17T00:14:07,VaryK,K,137,"N=7 P=7",441.75
2026-05-17T00:14:07,VaryP,P,138,"N=7 K=3",-1
2026-05-17T00:14:07,VaryN,N,139,"K=3 P=7",-1
2026-05-17T00:14:07,VaryK,K,138,"N=7 P=7",453.784
2026-05-17T00:14:07,VaryP,P,139,"N=7 K=3",-1
2026-05-17T00:14:07,VaryN,N,140,"K=3 P=7",-1
2026-05-17T00:14:08,VaryK,K,139,"N=7 P=7",441.192
2026-05-17T00:14:08,VaryP,P,140,"N=7 K=3",-1
2026-05-17T00:14:08,VaryN,N,141,"K=3 P=7",-1
2026-05-17T00:14:08,VaryK,K,140,"N=7 P=7",446.25
2026-05-17T00:14:08,VaryP,P,141,"N=7 K=3",-1
2026-05-17T00:14:08,VaryN,N,142,"K=3 P=7",-1
2026-05-17T00:14:08,VaryK,K,141,"N=7 P=7",441.412
2026-05-17T00:14:08,VaryP,P,142,"N=7 K=3",-1
2026-05-17T00:14:08,VaryN,N,143,"K=3 P=7",-1
2026-05-17T00:14:09,VaryK,K,142,"N=7 P=7",454.378
2026-05-17T00:14:09,VaryP,P,143,"N=7 K=3",-1
2026-05-17T00:14:09,VaryN,N,144,"K=3 P=7",-1
2026-05-17T00:14:09,VaryK,K,143,"N=7 P=7",436.008
2026-05-17T00:14:09,VaryP,P,144,"N=7 K=3",-1
2026-05-17T00:14:09,VaryN,N,145,"K=3 P=7",-1
2026-05-17T00:14:10,VaryK,K,144,"N=7 P=7",451.834
2026-05-17T00:14:10,VaryP,P,145,"N=7 K=3",-1
2026-05-17T00:14:10,VaryN,N,146,"K=3 P=7",-1
2026-05-17T00:14:10,VaryK,K,145,"N=7 P=7",455.794
2026-05-17T00:14:10,VaryP,P,146,"N=7 K=3",-1
2026-05-17T00:14:10,VaryN,N,147,"K=3 P=7",-1
2026-05-17T00:14:11,VaryK,K,146,"N=7 P=7",447.388
2026-05-17T00:14:11,VaryP,P,147,"N=7 K=3",-1
2026-05-17T00:14:11,VaryN,N,148,"K=3 P=7",-1
2026-05-17T00:14:11,VaryK,K,147,"N=7 P=7",456.341
2026-05-17T00:14:11,VaryP,P,148,"N=7 K=3",-1
2026-05-17T00:14:11,VaryN,N,149,"K=3 P=7",-1
2026-05-17T00:14:12,VaryK,K,148,"N=7 P=7",445.011
2026-05-17T00:14:12,VaryP,P,149,"N=7 K=3",-1
2026-05-17T00:14:12,VaryN,N,150,"K=3 P=7",-1
2026-05-17T00:14:12,VaryK,K,149,"N=7 P=7",448.527
2026-05-17T00:14:12,VaryP,P,150,"N=7 K=3",-1
2026-05-17T00:14:12,VaryN,N,151,"K=3 P=7",-1
2026-05-17T00:14:13,VaryK,K,150,"N=7 P=7",443.637
2026-05-17T00:14:13,VaryP,P,151,"N=7 K=3",-1
2026-05-17T00:14:13,VaryN,N,152,"K=3 P=7",-1
2026-05-17T00:14:13,VaryK,K,151,"N=7 P=7",448.955
2026-05-17T00:14:13,VaryP,P,152,"N=7 K=3",-1
2026-05-17T00:14:13,VaryN,N,153,"K=3 P=7",-1
2026-05-17T00:14:13,VaryK,K,152,"N=7 P=7",452.963
2026-05-17T00:14:13,VaryP,P,153,"N=7 K=3",-1
2026-05-17T00:14:13,VaryN,N,154,"K=3 P=7",-1
2026-05-17T00:14:14,VaryK,K,153,"N=7 P=7",455.769
2026-05-17T00:14:14,VaryP,P,154,"N=7 K=3",-1
2026-05-17T00:14:14,VaryN,N,155,"K=3 P=7",-1
2026-05-17T00:14:14,VaryK,K,154,"N=7 P=7",447.993
2026-05-17T00:14:14,VaryP,P,155,"N=7 K=3",-1
2026-05-17T00:14:14,VaryN,N,156,"K=3 P=7",-1
2026-05-17T00:14:15,VaryK,K,155,"N=7 P=7",439.231
2026-05-17T00:14:15,VaryP,P,156,"N=7 K=3",-1
2026-05-17T00:14:15,VaryN,N,157,"K=3 P=7",-1
2026-05-17T00:14:15,VaryK,K,156,"N=7 P=7",458.186
2026-05-17T00:14:15,VaryP,P,157,"N=7 K=3",-1
2026-05-17T00:14:15,VaryN,N,158,"K=3 P=7",-1
2026-05-17T00:14:16,VaryK,K,157,"N=7 P=7",453.925
2026-05-17T00:14:16,VaryP,P,158,"N=7 K=3",-1
2026-05-17T00:14:16,VaryN,N,159,"K=3 P=7",-1
2026-05-17T00:14:16,VaryK,K,158,"N=7 P=7",530.048
2026-05-17T00:14:16,VaryP,P,159,"N=7 K=3",-1
2026-05-17T00:14:16,VaryN,N,160,"K=3 P=7",-1
2026-05-17T00:14:17,VaryK,K,159,"N=7 P=7",490.184
2026-05-17T00:14:17,VaryP,P,160,"N=7 K=3",-1
2026-05-17T00:14:17,VaryN,N,161,"K=3 P=7",-1
2026-05-17T00:14:17,VaryK,K,160,"N=7 P=7",508.791
2026-05-17T00:14:17,VaryP,P,161,"N=7 K=3",-1
2026-05-17T00:14:17,VaryN,N,162,"K=3 P=7",-1
2026-05-17T00:14:18,VaryK,K,161,"N=7 P=7",463.218
2026-05-17T00:14:18,VaryP,P,162,"N=7 K=3",-1
2026-05-17T00:14:18,VaryN,N,163,"K=3 P=7",-1
2026-05-17T00:14:18,VaryK,K,162,"N=7 P=7",455.558
2026-05-17T00:14:18,VaryP,P,163,"N=7 K=3",-1
2026-05-17T00:14:18,VaryN,N,164,"K=3 P=7",-1
2026-05-17T00:14:19,VaryK,K,163,"N=7 P=7",451.822
2026-05-17T00:14:19,VaryP,P,164,"N=7 K=3",-1
2026-05-17T00:14:19,VaryN,N,165,"K=3 P=7",-1
2026-05-17T00:14:19,VaryK,K,164,"N=7 P=7",455.77
2026-05-17T00:14:19,VaryP,P,165,"N=7 K=3",-1
2026-05-17T00:14:19,VaryN,N,166,"K=3 P=7",-1
2026-05-17T00:14:20,VaryK,K,165,"N=7 P=7",449.296
2026-05-17T00:14:20,VaryP,P,166,"N=7 K=3",-1
2026-05-17T00:14:20,VaryN,N,167,"K=3 P=7",-1
2026-05-17T00:14:20,VaryK,K,166,"N=7 P=7",443.119
2026-05-17T00:14:20,VaryP,P,167,"N=7 K=3",-1
2026-05-17T00:14:20,VaryN,N,168,"K=3 P=7",-1
2026-05-17T00:14:21,VaryK,K,167,"N=7 P=7",441.551
2026-05-17T00:14:21,VaryP,P,168,"N=7 K=3",-1
2026-05-17T00:14:21,VaryN,N,169,"K=3 P=7",-1
2026-05-17T00:14:21,VaryK,K,168,"N=7 P=7",440.133
2026-05-17T00:14:21,VaryP,P,169,"N=7 K=3",-1
2026-05-17T00:14:21,VaryN,N,170,"K=3 P=7",-1
2026-05-17T00:14:21,VaryK,K,169,"N=7 P=7",444.43
2026-05-17T00:14:21,VaryP,P,170,"N=7 K=3",-1
2026-05-17T00:14:21,VaryN,N,171,"K=3 P=7",-1
2026-05-17T00:14:22,VaryK,K,170,"N=7 P=7",449.242
2026-05-17T00:14:22,VaryP,P,171,"N=7 K=3",-1
2026-05-17T00:14:22,VaryN,N,172,"K=3 P=7",-1
2026-05-17T00:14:22,VaryK,K,171,"N=7 P=7",459.639
2026-05-17T00:14:22,VaryP,P,172,"N=7 K=3",-1
2026-05-17T00:14:22,VaryN,N,173,"K=3 P=7",-1
2026-05-17T00:14:23,VaryK,K,172,"N=7 P=7",448.124
2026-05-17T00:14:23,VaryP,P,173,"N=7 K=3",-1
2026-05-17T00:14:23,VaryN,N,174,"K=3 P=7",-1
2026-05-17T00:14:23,VaryK,K,173,"N=7 P=7",456.028
2026-05-17T00:14:23,VaryP,P,174,"N=7 K=3",-1
2026-05-17T00:14:23,VaryN,N,175,"K=3 P=7",-1
2026-05-17T00:14:24,VaryK,K,174,"N=7 P=7",450.75
2026-05-17T00:14:24,VaryP,P,175,"N=7 K=3",-1
2026-05-17T00:14:24,VaryN,N,176,"K=3 P=7",-1
2026-05-17T00:14:24,VaryK,K,175,"N=7 P=7",451.559
2026-05-17T00:14:24,VaryP,P,176,"N=7 K=3",-1
2026-05-17T00:14:24,VaryN,N,177,"K=3 P=7",-1
2026-05-17T00:14:25,VaryK,K,176,"N=7 P=7",445.113
2026-05-17T00:14:25,VaryP,P,177,"N=7 K=3",-1
2026-05-17T00:14:25,VaryN,N,178,"K=3 P=7",-1
2026-05-17T00:14:25,VaryK,K,177,"N=7 P=7",458.059
2026-05-17T00:14:25,VaryP,P,178,"N=7 K=3",-1
2026-05-17T00:14:25,VaryN,N,179,"K=3 P=7",-1
2026-05-17T00:14:26,VaryK,K,178,"N=7 P=7",456.685
2026-05-17T00:14:26,VaryP,P,179,"N=7 K=3",-1
2026-05-17T00:14:26,VaryN,N,180,"K=3 P=7",-1
2026-05-17T00:14:26,VaryK,K,179,"N=7 P=7",443.947
2026-05-17T00:14:26,VaryP,P,180,"N=7 K=3",-1
2026-05-17T00:14:26,VaryN,N,181,"K=3 P=7",-1
2026-05-17T00:14:26,VaryK,K,180,"N=7 P=7",454.621
2026-05-17T00:14:26,VaryP,P,181,"N=7 K=3",-1
2026-05-17T00:14:26,VaryN,N,182,"K=3 P=7",-1
2026-05-17T00:14:27,VaryK,K,181,"N=7 P=7",451.522
2026-05-17T00:14:27,VaryP,P,182,"N=7 K=3",-1
2026-05-17T00:14:27,VaryN,N,183,"K=3 P=7",-1
2026-05-17T00:14:27,VaryK,K,182,"N=7 P=7",459.359
2026-05-17T00:14:27,VaryP,P,183,"N=7 K=3",-1
2026-05-17T00:14:27,VaryN,N,184,"K=3 P=7",-1
2026-05-17T00:14:28,VaryK,K,183,"N=7 P=7",442.103
2026-05-17T00:14:28,VaryP,P,184,"N=7 K=3",-1
2026-05-17T00:14:28,VaryN,N,185,"K=3 P=7",-1
2026-05-17T00:14:28,VaryK,K,184,"N=7 P=7",448.966
2026-05-17T00:14:28,VaryP,P,185,"N=7 K=3",-1
2026-05-17T00:14:28,VaryN,N,186,"K=3 P=7",-1
2026-05-17T00:14:29,VaryK,K,185,"N=7 P=7",458.07
2026-05-17T00:14:29,VaryP,P,186,"N=7 K=3",-1
2026-05-17T00:14:29,VaryN,N,187,"K=3 P=7",-1
2026-05-17T00:14:29,VaryK,K,186,"N=7 P=7",446.566
2026-05-17T00:14:29,VaryP,P,187,"N=7 K=3",-1
2026-05-17T00:14:29,VaryN,N,188,"K=3 P=7",-1
2026-05-17T00:14:30,VaryK,K,187,"N=7 P=7",453.002
2026-05-17T00:14:30,VaryP,P,188,"N=7 K=3",-1
2026-05-17T00:14:30,VaryN,N,189,"K=3 P=7",-1
2026-05-17T00:14:30,VaryK,K,188,"N=7 P=7",453.483
2026-05-17T00:14:30,VaryP,P,189,"N=7 K=3",-1
2026-05-17T00:14:30,VaryN,N,190,"K=3 P=7",-1
2026-05-17T00:14:31,VaryK,K,189,"N=7 P=7",456.889
2026-05-17T00:14:31,VaryP,P,190,"N=7 K=3",-1
2026-05-17T00:14:31,VaryN,N,191,"K=3 P=7",-1
2026-05-17T00:14:31,VaryK,K,190,"N=7 P=7",450.154
2026-05-17T00:14:31,VaryP,P,191,"N=7 K=3",-1
2026-05-17T00:14:31,VaryN,N,192,"K=3 P=7",-1
2026-05-17T00:14:32,VaryK,K,191,"N=7 P=7",443.689
2026-05-17T00:14:32,VaryP,P,192,"N=7 K=3",-1
2026-05-17T00:14:32,VaryN,N,193,"K=3 P=7",-1
2026-05-17T00:14:32,VaryK,K,192,"N=7 P=7",442.132
2026-05-17T00:14:32,VaryP,P,193,"N=7 K=3",-1
2026-05-17T00:14:32,VaryN,N,194,"K=3 P=7",-1
2026-05-17T00:14:32,VaryK,K,193,"N=7 P=7",503.649
2026-05-17T00:14:32,VaryP,P,194,"N=7 K=3",-1
2026-05-17T00:14:32,VaryN,N,195,"K=3 P=7",-1
2026-05-17T00:14:33,VaryK,K,194,"N=7 P=7",529.158
2026-05-17T00:14:33,VaryP,P,195,"N=7 K=3",-1
2026-05-17T00:14:33,VaryN,N,196,"K=3 P=7",-1
2026-05-17T00:14:33,VaryK,K,195,"N=7 P=7",464.125
2026-05-17T00:14:33,VaryP,P,196,"N=7 K=3",-1
2026-05-17T00:14:33,VaryN,N,197,"K=3 P=7",-1
2026-05-17T00:14:34,VaryK,K,196,"N=7 P=7",454.548
2026-05-17T00:14:34,VaryP,P,197,"N=7 K=3",-1
2026-05-17T00:14:34,VaryN,N,198,"K=3 P=7",-1
2026-05-17T00:14:34,VaryK,K,197,"N=7 P=7",447.113
2026-05-17T00:14:34,VaryP,P,198,"N=7 K=3",-1
2026-05-17T00:14:34,VaryN,N,199,"K=3 P=7",-1
2026-05-17T00:14:35,VaryK,K,198,"N=7 P=7",449.677
2026-05-17T00:14:35,VaryP,P,199,"N=7 K=3",-1
2026-05-17T00:14:35,VaryN,N,200,"K=3 P=7",-1
2026-05-17T00:14:35,VaryK,K,199,"N=7 P=7",450.075
2026-05-17T00:14:35,VaryP,P,200,"N=7 K=3",-1
2026-05-17T00:14:35,VaryN,N,201,"K=3 P=7",-1
2026-05-17T00:14:36,VaryK,K,200,"N=7 P=7",453.432
2026-05-17T00:14:36,VaryP,P,201,"N=7 K=3",-1
2026-05-17T00:14:36,VaryN,N,202,"K=3 P=7",-1
2026-05-17T00:14:36,VaryK,K,201,"N=7 P=7",449.336
2026-05-17T00:14:36,VaryP,P,202,"N=7 K=3",-1
2026-05-17T00:14:36,VaryN,N,203,"K=3 P=7",-1
2026-05-17T00:14:37,VaryK,K,202,"N=7 P=7",441.041
2026-05-17T00:14:37,VaryP,P,203,"N=7 K=3",-1
2026-05-17T00:14:37,VaryN,N,204,"K=3 P=7",-1
2026-05-17T00:14:37,VaryK,K,203,"N=7 P=7",449.895
2026-05-17T00:14:37,VaryP,P,204,"N=7 K=3",-1
2026-05-17T00:14:37,VaryN,N,205,"K=3 P=7",-1
2026-05-17T00:14:38,VaryK,K,204,"N=7 P=7",445.446
2026-05-17T00:14:38,VaryP,P,205,"N=7 K=3",-1
2026-05-17T00:14:38,VaryN,N,206,"K=3 P=7",-1
2026-05-17T00:14:38,VaryK,K,205,"N=7 P=7",445.76
2026-05-17T00:14:38,VaryP,P,206,"N=7 K=3",-1
2026-05-17T00:14:38,VaryN,N,207,"K=3 P=7",-1
2026-05-17T00:14:38,VaryK,K,206,"N=7 P=7",455.765
2026-05-17T00:14:39,VaryP,P,207,"N=7 K=3",-1
2026-05-17T00:14:39,VaryN,N,208,"K=3 P=7",-1
2026-05-17T00:14:39,VaryK,K,207,"N=7 P=7",449.249
2026-05-17T00:14:39,VaryP,P,208,"N=7 K=3",-1
2026-05-17T00:14:39,VaryN,N,209,"K=3 P=7",-1
2026-05-17T00:14:39,VaryK,K,208,"N=7 P=7",456.312
2026-05-17T00:14:39,VaryP,P,209,"N=7 K=3",-1
2026-05-17T00:14:39,VaryN,N,210,"K=3 P=7",-1
2026-05-17T00:14:40,VaryK,K,209,"N=7 P=7",452.364
2026-05-17T00:14:40,VaryP,P,210,"N=7 K=3",-1
2026-05-17T00:14:40,VaryN,N,211,"K=3 P=7",-1
2026-05-17T00:14:40,VaryK,K,210,"N=7 P=7",468.93
2026-05-17T00:14:40,VaryP,P,211,"N=7 K=3",-1
2026-05-17T00:14:40,VaryN,N,212,"K=3 P=7",-1
2026-05-17T00:14:41,VaryK,K,211,"N=7 P=7",460.009
2026-05-17T00:14:41,VaryP,P,212,"N=7 K=3",-1
2026-05-17T00:14:41,VaryN,N,213,"K=3 P=7",-1
2026-05-17T00:14:41,VaryK,K,212,"N=7 P=7",449.229
2026-05-17T00:14:41,VaryP,P,213,"N=7 K=3",-1
2026-05-17T00:14:41,VaryN,N,214,"K=3 P=7",-1
2026-05-17T00:14:42,VaryK,K,213,"N=7 P=7",442.677
2026-05-17T00:14:42,VaryP,P,214,"N=7 K=3",-1
2026-05-17T00:14:42,VaryN,N,215,"K=3 P=7",-1
2026-05-17T00:14:42,VaryK,K,214,"N=7 P=7",443.941
2026-05-17T00:14:42,VaryP,P,215,"N=7 K=3",-1
2026-05-17T00:14:42,VaryN,N,216,"K=3 P=7",-1
2026-05-17T00:14:43,VaryK,K,215,"N=7 P=7",443.5
2026-05-17T00:14:43,VaryP,P,216,"N=7 K=3",-1
2026-05-17T00:14:43,VaryN,N,217,"K=3 P=7",-1
2026-05-17T00:14:43,VaryK,K,216,"N=7 P=7",436.747
2026-05-17T00:14:43,VaryP,P,217,"N=7 K=3",-1
2026-05-17T00:14:43,VaryN,N,218,"K=3 P=7",-1
2026-05-17T00:14:44,VaryK,K,217,"N=7 P=7",453.588
2026-05-17T00:14:44,VaryP,P,218,"N=7 K=3",-1
2026-05-17T00:14:44,VaryN,N,219,"K=3 P=7",-1
2026-05-17T00:14:44,VaryK,K,218,"N=7 P=7",455.19
2026-05-17T00:14:44,VaryP,P,219,"N=7 K=3",-1
2026-05-17T00:14:44,VaryN,N,220,"K=3 P=7",-1
2026-05-17T00:14:44,VaryK,K,219,"N=7 P=7",449.542
2026-05-17T00:14:44,VaryP,P,220,"N=7 K=3",-1
2026-05-17T00:14:44,VaryN,N,221,"K=3 P=7",-1
2026-05-17T00:14:45,VaryK,K,220,"N=7 P=7",453.152
2026-05-17T00:14:45,VaryP,P,221,"N=7 K=3",-1
2026-05-17T00:14:45,VaryN,N,222,"K=3 P=7",-1
2026-05-17T00:14:45,VaryK,K,221,"N=7 P=7",449.92
2026-05-17T00:14:45,VaryP,P,222,"N=7 K=3",-1
2026-05-17T00:14:45,VaryN,N,223,"K=3 P=7",-1
2026-05-17T00:14:46,VaryK,K,222,"N=7 P=7",458.007
2026-05-17T00:14:46,VaryP,P,223,"N=7 K=3",-1
2026-05-17T00:14:46,VaryN,N,224,"K=3 P=7",-1
2026-05-17T00:14:46,VaryK,K,223,"N=7 P=7",488.187
2026-05-17T00:14:46,VaryP,P,224,"N=7 K=3",-1
2026-05-17T00:14:46,VaryN,N,225,"K=3 P=7",-1
2026-05-17T00:14:47,VaryK,K,224,"N=7 P=7",498.917
2026-05-17T00:14:47,VaryP,P,225,"N=7 K=3",-1
2026-05-17T00:14:47,VaryN,N,226,"K=3 P=7",-1
2026-05-17T00:14:47,VaryK,K,225,"N=7 P=7",483.553
2026-05-17T00:14:47,VaryP,P,226,"N=7 K=3",-1
2026-05-17T00:14:47,VaryN,N,227,"K=3 P=7",-1
2026-05-17T00:14:48,VaryK,K,226,"N=7 P=7",477.028
2026-05-17T00:14:48,VaryP,P,227,"N=7 K=3",-1
2026-05-17T00:14:48,VaryN,N,228,"K=3 P=7",-1
2026-05-17T00:14:48,VaryK,K,227,"N=7 P=7",437.403
2026-05-17T00:14:48,VaryP,P,228,"N=7 K=3",-1
2026-05-17T00:14:48,VaryN,N,229,"K=3 P=7",-1
2026-05-17T00:14:49,VaryK,K,228,"N=7 P=7",442.144
2026-05-17T00:14:49,VaryP,P,229,"N=7 K=3",-1
2026-05-17T00:14:49,VaryN,N,230,"K=3 P=7",-1
2026-05-17T00:14:49,VaryK,K,229,"N=7 P=7",448.526
2026-05-17T00:14:49,VaryP,P,230,"N=7 K=3",-1
2026-05-17T00:14:49,VaryN,N,231,"K=3 P=7",-1
2026-05-17T00:14:50,VaryK,K,230,"N=7 P=7",445.711
2026-05-17T00:14:50,VaryP,P,231,"N=7 K=3",-1
2026-05-17T00:14:50,VaryN,N,232,"K=3 P=7",-1
2026-05-17T00:14:50,VaryK,K,231,"N=7 P=7",447.121
2026-05-17T00:14:50,VaryP,P,232,"N=7 K=3",-1
2026-05-17T00:14:50,VaryN,N,233,"K=3 P=7",-1
2026-05-17T00:14:51,VaryK,K,232,"N=7 P=7",449.697
2026-05-17T00:14:51,VaryP,P,233,"N=7 K=3",-1
2026-05-17T00:14:51,VaryN,N,234,"K=3 P=7",-1
2026-05-17T00:14:51,VaryK,K,233,"N=7 P=7",440.413
2026-05-17T00:14:51,VaryP,P,234,"N=7 K=3",-1
2026-05-17T00:14:51,VaryN,N,235,"K=3 P=7",-1
2026-05-17T00:14:51,VaryK,K,234,"N=7 P=7",459.588
2026-05-17T00:14:51,VaryP,P,235,"N=7 K=3",-1
2026-05-17T00:14:51,VaryN,N,236,"K=3 P=7",-1
2026-05-17T00:14:52,VaryK,K,235,"N=7 P=7",437.501
2026-05-17T00:14:52,VaryP,P,236,"N=7 K=3",-1
2026-05-17T00:14:52,VaryN,N,237,"K=3 P=7",-1
2026-05-17T00:14:52,VaryK,K,236,"N=7 P=7",450.49
2026-05-17T00:14:52,VaryP,P,237,"N=7 K=3",-1
2026-05-17T00:14:52,VaryN,N,238,"K=3 P=7",-1
2026-05-17T00:14:53,VaryK,K,237,"N=7 P=7",445.129
2026-05-17T00:14:53,VaryP,P,238,"N=7 K=3",-1
2026-05-17T00:14:53,VaryN,N,239,"K=3 P=7",-1
2026-05-17T00:14:53,VaryK,K,238,"N=7 P=7",458.638
2026-05-17T00:14:53,VaryP,P,239,"N=7 K=3",-1
2026-05-17T00:14:53,VaryN,N,240,"K=3 P=7",-1
2026-05-17T00:14:54,VaryK,K,239,"N=7 P=7",447.377
2026-05-17T00:14:54,VaryP,P,240,"N=7 K=3",-1
2026-05-17T00:14:54,VaryN,N,241,"K=3 P=7",-1
2026-05-17T00:14:54,VaryK,K,240,"N=7 P=7",448.624
2026-05-17T00:14:54,VaryP,P,241,"N=7 K=3",-1
2026-05-17T00:14:54,VaryN,N,242,"K=3 P=7",-1
2026-05-17T00:14:55,VaryK,K,241,"N=7 P=7",448.017
2026-05-17T00:14:55,VaryP,P,242,"N=7 K=3",-1
2026-05-17T00:14:55,VaryN,N,243,"K=3 P=7",-1
2026-05-17T00:14:55,VaryK,K,242,"N=7 P=7",444.517
2026-05-17T00:14:55,VaryP,P,243,"N=7 K=3",-1
2026-05-17T00:14:55,VaryN,N,244,"K=3 P=7",-1
2026-05-17T00:14:56,VaryK,K,243,"N=7 P=7",447.957
2026-05-17T00:14:56,VaryP,P,244,"N=7 K=3",-1
2026-05-17T00:14:56,VaryN,N,245,"K=3 P=7",-1
2026-05-17T00:14:56,VaryK,K,244,"N=7 P=7",445.353
2026-05-17T00:14:56,VaryP,P,245,"N=7 K=3",-1
2026-05-17T00:14:56,VaryN,N,246,"K=3 P=7",-1
2026-05-17T00:14:56,VaryK,K,245,"N=7 P=7",449.563
2026-05-17T00:14:56,VaryP,P,246,"N=7 K=3",-1
2026-05-17T00:14:56,VaryN,N,247,"K=3 P=7",-1
2026-05-17T00:14:57,VaryK,K,246,"N=7 P=7",446.405
2026-05-17T00:14:57,VaryP,P,247,"N=7 K=3",-1
2026-05-17T00:14:57,VaryN,N,248,"K=3 P=7",-1
2026-05-17T00:14:57,VaryK,K,247,"N=7 P=7",457.103
2026-05-17T00:14:57,VaryP,P,248,"N=7 K=3",-1
2026-05-17T00:14:57,VaryN,N,249,"K=3 P=7",-1
2026-05-17T00:14:58,VaryK,K,248,"N=7 P=7",449.05
2026-05-17T00:14:58,VaryP,P,249,"N=7 K=3",-1
2026-05-17T00:14:58,VaryN,N,250,"K=3 P=7",-1
2026-05-17T00:14:58,VaryK,K,249,"N=7 P=7",447.246
2026-05-17T00:14:58,VaryP,P,250,"N=7 K=3",-1
2026-05-17T00:14:58,VaryN,N,251,"K=3 P=7",-1
2026-05-17T00:14:59,VaryK,K,250,"N=7 P=7",470.029
2026-05-17T00:14:59,VaryP,P,251,"N=7 K=3",-1
2026-05-17T00:14:59,VaryN,N,252,"K=3 P=7",-1
2026-05-17T00:14:59,VaryK,K,251,"N=7 P=7",447.676
2026-05-17T00:14:59,VaryP,P,252,"N=7 K=3",-1
2026-05-17T00:14:59,VaryN,N,253,"K=3 P=7",-1
2026-05-17T00:15:00,VaryK,K,252,"N=7 P=7",450.435
2026-05-17T00:15:00,VaryP,P,253,"N=7 K=3",-1
2026-05-17T00:15:00,VaryN,N,254,"K=3 P=7",-1
2026-05-17T00:15:00,VaryK,K,253,"N=7 P=7",462.401
2026-05-17T00:15:00,VaryP,P,254,"N=7 K=3",-1
2026-05-17T00:15:00,VaryN,N,255,"K=3 P=7",-1
2026-05-17T00:15:01,VaryK,K,254,"N=7 P=7",452.387
2026-05-17T00:15:01,VaryP,P,255,"N=7 K=3",-1
2026-05-17T00:15:01,VaryN,N,256,"K=3 P=7",-1
2026-05-17T00:15:01,VaryK,K,255,"N=7 P=7",441.037
2026-05-17T00:15:01,VaryP,P,256,"N=7 K=3",-1
2026-05-17T00:15:01,VaryN,N,257,"K=3 P=7",-1
2026-05-17T00:15:01,VaryK,K,256,"N=7 P=7",445.756
2026-05-17T00:15:01,VaryP,P,257,"N=7 K=3",-1
2026-05-17T00:15:01,VaryN,N,258,"K=3 P=7",-1
2026-05-17T00:15:02,VaryK,K,257,"N=7 P=7",443.574
2026-05-17T00:15:02,VaryP,P,258,"N=7 K=3",-1
2026-05-17T00:15:02,VaryN,N,259,"K=3 P=7",-1
2026-05-17T00:15:02,VaryK,K,258,"N=7 P=7",446.377
2026-05-17T00:15:02,VaryP,P,259,"N=7 K=3",-1
2026-05-17T00:15:02,VaryN,N,260,"K=3 P=7",-1
2026-05-17T00:15:03,VaryK,K,259,"N=7 P=7",433.498
2026-05-17T00:15:03,VaryP,P,260,"N=7 K=3",-1
2026-05-17T00:15:03,VaryN,N,261,"K=3 P=7",-1
2026-05-17T00:15:03,VaryK,K,260,"N=7 P=7",442.26
2026-05-17T00:15:03,VaryP,P,261,"N=7 K=3",-1
2026-05-17T00:15:03,VaryN,N,262,"K=3 P=7",-1
2026-05-17T00:15:04,VaryK,K,261,"N=7 P=7",449.101
2026-05-17T00:15:04,VaryP,P,262,"N=7 K=3",-1
2026-05-17T00:15:04,VaryN,N,263,"K=3 P=7",-1
2026-05-17T00:15:04,VaryK,K,262,"N=7 P=7",450.829
2026-05-17T00:15:04,VaryP,P,263,"N=7 K=3",-1
2026-05-17T00:15:04,VaryN,N,264,"K=3 P=7",-1
2026-05-17T00:15:05,VaryK,K,263,"N=7 P=7",444.369
2026-05-17T00:15:05,VaryP,P,264,"N=7 K=3",-1
2026-05-17T00:15:05,VaryN,N,265,"K=3 P=7",-1
2026-05-17T00:15:05,VaryK,K,264,"N=7 P=7",450.4
2026-05-17T00:15:05,VaryP,P,265,"N=7 K=3",-1
2026-05-17T00:15:05,VaryN,N,266,"K=3 P=7",-1
2026-05-17T00:15:06,VaryK,K,265,"N=7 P=7",445.353
2026-05-17T00:15:06,VaryP,P,266,"N=7 K=3",-1
2026-05-17T00:15:06,VaryN,N,267,"K=3 P=7",-1
2026-05-17T00:15:06,VaryK,K,266,"N=7 P=7",450.916
2026-05-17T00:15:06,VaryP,P,267,"N=7 K=3",-1
2026-05-17T00:15:06,VaryN,N,268,"K=3 P=7",-1
2026-05-17T00:15:06,VaryK,K,267,"N=7 P=7",445.757
2026-05-17T00:15:06,VaryP,P,268,"N=7 K=3",-1
2026-05-17T00:15:06,VaryN,N,269,"K=3 P=7",-1
2026-05-17T00:15:07,VaryK,K,268,"N=7 P=7",457.7
2026-05-17T00:15:07,VaryP,P,269,"N=7 K=3",-1
2026-05-17T00:15:07,VaryN,N,270,"K=3 P=7",-1
2026-05-17T00:15:07,VaryK,K,269,"N=7 P=7",445.86
2026-05-17T00:15:07,VaryP,P,270,"N=7 K=3",-1
2026-05-17T00:15:07,VaryN,N,271,"K=3 P=7",-1
2026-05-17T00:15:08,VaryK,K,270,"N=7 P=7",447.639
2026-05-17T00:15:08,VaryP,P,271,"N=7 K=3",-1
2026-05-17T00:15:08,VaryN,N,272,"K=3 P=7",-1
2026-05-17T00:15:08,VaryK,K,271,"N=7 P=7",450.858
2026-05-17T00:15:08,VaryP,P,272,"N=7 K=3",-1
2026-05-17T00:15:08,VaryN,N,273,"K=3 P=7",-1
2026-05-17T00:15:09,VaryK,K,272,"N=7 P=7",451.835
2026-05-17T00:15:09,VaryP,P,273,"N=7 K=3",-1
2026-05-17T00:15:09,VaryN,N,274,"K=3 P=7",-1
2026-05-17T00:15:09,VaryK,K,273,"N=7 P=7",447.147
2026-05-17T00:15:09,VaryP,P,274,"N=7 K=3",-1
2026-05-17T00:15:09,VaryN,N,275,"K=3 P=7",-1
2026-05-17T00:15:10,VaryK,K,274,"N=7 P=7",441.499
2026-05-17T00:15:10,VaryP,P,275,"N=7 K=3",-1
2026-05-17T00:15:10,VaryN,N,276,"K=3 P=7",-1
2026-05-17T00:15:10,VaryK,K,275,"N=7 P=7",452.061
2026-05-17T00:15:10,VaryP,P,276,"N=7 K=3",-1
2026-05-17T00:15:10,VaryN,N,277,"K=3 P=7",-1
2026-05-17T00:15:11,VaryK,K,276,"N=7 P=7",440.791
2026-05-17T00:15:11,VaryP,P,277,"N=7 K=3",-1
2026-05-17T00:15:11,VaryN,N,278,"K=3 P=7",-1
2026-05-17T00:15:11,VaryK,K,277,"N=7 P=7",456.237
2026-05-17T00:15:11,VaryP,P,278,"N=7 K=3",-1
2026-05-17T00:15:11,VaryN,N,279,"K=3 P=7",-1
2026-05-17T00:15:11,VaryK,K,278,"N=7 P=7",458.624
2026-05-17T00:15:11,VaryP,P,279,"N=7 K=3",-1
2026-05-17T00:15:11,VaryN,N,280,"K=3 P=7",-1
2026-05-17T00:15:12,VaryK,K,279,"N=7 P=7",459.364
2026-05-17T00:15:12,VaryP,P,280,"N=7 K=3",-1
2026-05-17T00:15:12,VaryN,N,281,"K=3 P=7",-1
2026-05-17T00:15:12,VaryK,K,280,"N=7 P=7",455.77
2026-05-17T00:15:12,VaryP,P,281,"N=7 K=3",-1
2026-05-17T00:15:12,VaryN,N,282,"K=3 P=7",-1
2026-05-17T00:15:13,VaryK,K,281,"N=7 P=7",439.045
2026-05-17T00:15:13,VaryP,P,282,"N=7 K=3",-1
2026-05-17T00:15:13,VaryN,N,283,"K=3 P=7",-1
2026-05-17T00:15:13,VaryK,K,282,"N=7 P=7",448.432
2026-05-17T00:15:13,VaryP,P,283,"N=7 K=3",-1
2026-05-17T00:15:13,VaryN,N,284,"K=3 P=7",-1
2026-05-17T00:15:14,VaryK,K,283,"N=7 P=7",446.638
2026-05-17T00:15:14,VaryP,P,284,"N=7 K=3",-1
2026-05-17T00:15:14,VaryN,N,285,"K=3 P=7",-1
2026-05-17T00:15:14,VaryK,K,284,"N=7 P=7",448.004
2026-05-17T00:15:14,VaryP,P,285,"N=7 K=3",-1
2026-05-17T00:15:14,VaryN,N,286,"K=3 P=7",-1
2026-05-17T00:15:15,VaryK,K,285,"N=7 P=7",456.606
2026-05-17T00:15:15,VaryP,P,286,"N=7 K=3",-1
2026-05-17T00:15:15,VaryN,N,287,"K=3 P=7",-1
2026-05-17T00:15:15,VaryK,K,286,"N=7 P=7",449.167
2026-05-17T00:15:15,VaryP,P,287,"N=7 K=3",-1
2026-05-17T00:15:15,VaryN,N,288,"K=3 P=7",-1
2026-05-17T00:15:16,VaryK,K,287,"N=7 P=7",445.662
2026-05-17T00:15:16,VaryP,P,288,"N=7 K=3",-1
2026-05-17T00:15:16,VaryN,N,289,"K=3 P=7",-1
2026-05-17T00:15:16,VaryK,K,288,"N=7 P=7",490.029
2026-05-17T00:15:16,VaryP,P,289,"N=7 K=3",-1
2026-05-17T00:15:16,VaryN,N,290,"K=3 P=7",-1
2026-05-17T00:15:17,VaryK,K,289,"N=7 P=7",505.593
2026-05-17T00:15:17,VaryP,P,290,"N=7 K=3",-1
2026-05-17T00:15:17,VaryN,N,291,"K=3 P=7",-1
2026-05-17T00:15:17,VaryK,K,290,"N=7 P=7",493.121
2026-05-17T00:15:17,VaryP,P,291,"N=7 K=3",-1
2026-05-17T00:15:17,VaryN,N,292,"K=3 P=7",-1
2026-05-17T00:15:18,VaryK,K,291,"N=7 P=7",455.866
2026-05-17T00:15:18,VaryP,P,292,"N=7 K=3",-1
2026-05-17T00:15:18,VaryN,N,293,"K=3 P=7",-1
2026-05-17T00:15:18,VaryK,K,292,"N=7 P=7",454.291
2026-05-17T00:15:18,VaryP,P,293,"N=7 K=3",-1
2026-05-17T00:15:18,VaryN,N,294,"K=3 P=7",-1
2026-05-17T00:15:18,VaryK,K,293,"N=7 P=7",447.254
2026-05-17T00:15:18,VaryP,P,294,"N=7 K=3",-1
2026-05-17T00:15:18,VaryN,N,295,"K=3 P=7",-1
2026-05-17T00:15:19,VaryK,K,294,"N=7 P=7",438.037
2026-05-17T00:15:19,VaryP,P,295,"N=7 K=3",-1
2026-05-17T00:15:19,VaryN,N,296,"K=3 P=7",-1
2026-05-17T00:15:19,VaryK,K,295,"N=7 P=7",443.269
2026-05-17T00:15:19,VaryP,P,296,"N=7 K=3",-1
2026-05-17T00:15:19,VaryN,N,297,"K=3 P=7",-1
2026-05-17T00:15:20,VaryK,K,296,"N=7 P=7",450.135
2026-05-17T00:15:20,VaryP,P,297,"N=7 K=3",-1
2026-05-17T00:15:20,VaryN,N,298,"K=3 P=7",-1
2026-05-17T00:15:20,VaryK,K,297,"N=7 P=7",455.179
2026-05-17T00:15:20,VaryP,P,298,"N=7 K=3",-1
2026-05-17T00:15:20,VaryN,N,299,"K=3 P=7",-1
2026-05-17T00:15:21,VaryK,K,298,"N=7 P=7",463.802
2026-05-17T00:15:21,VaryP,P,299,"N=7 K=3",-1
2026-05-17T00:15:21,VaryN,N,300,"K=3 P=7",-1
2026-05-17T00:15:21,VaryK,K,299,"N=7 P=7",462.909
2026-05-17T00:15:21,VaryP,P,300,"N=7 K=3",-1
2026-05-17T00:15:21,VaryN,N,301,"K=3 P=7",-1
2026-05-17T00:15:22,VaryK,K,300,"N=7 P=7",445.077
2026-05-17T00:15:22,VaryP,P,301,"N=7 K=3",-1
2026-05-17T00:15:22,VaryN,N,302,"K=3 P=7",-1
2026-05-17T00:15:22,VaryK,K,301,"N=7 P=7",461.837
2026-05-17T00:15:22,VaryP,P,302,"N=7 K=3",-1
2026-05-17T00:15:22,VaryN,N,303,"K=3 P=7",-1
2026-05-17T00:15:23,VaryK,K,302,"N=7 P=7",484.143
2026-05-17T00:15:23,VaryP,P,303,"N=7 K=3",-1
2026-05-17T00:15:23,VaryN,N,304,"K=3 P=7",-1
2026-05-17T00:15:23,VaryK,K,303,"N=7 P=7",444.483
2026-05-17T00:15:23,VaryP,P,304,"N=7 K=3",-1
2026-05-17T00:15:23,VaryN,N,305,"K=3 P=7",-1
2026-05-17T00:15:24,VaryK,K,304,"N=7 P=7",437.506
2026-05-17T00:15:24,VaryP,P,305,"N=7 K=3",-1
2026-05-17T00:15:24,VaryN,N,306,"K=3 P=7",-1
2026-05-17T00:15:24,VaryK,K,305,"N=7 P=7",445.877
2026-05-17T00:15:24,VaryP,P,306,"N=7 K=3",-1
2026-05-17T00:15:24,VaryN,N,307,"K=3 P=7",-1
2026-05-17T00:15:24,VaryK,K,306,"N=7 P=7",454.205
2026-05-17T00:15:24,VaryP,P,307,"N=7 K=3",-1
2026-05-17T00:15:24,VaryN,N,308,"K=3 P=7",-1
2026-05-17T00:15:25,VaryK,K,307,"N=7 P=7",447.458
2026-05-17T00:15:25,VaryP,P,308,"N=7 K=3",-1
2026-05-17T00:15:25,VaryN,N,309,"K=3 P=7",-1
2026-05-17T00:15:25,VaryK,K,308,"N=7 P=7",462.322
2026-05-17T00:15:25,VaryP,P,309,"N=7 K=3",-1
2026-05-17T00:15:25,VaryN,N,310,"K=3 P=7",-1
2026-05-17T00:15:26,VaryK,K,309,"N=7 P=7",444.354
2026-05-17T00:15:26,VaryP,P,310,"N=7 K=3",-1
2026-05-17T00:15:26,VaryN,N,311,"K=3 P=7",-1
2026-05-17T00:15:26,VaryK,K,310,"N=7 P=7",450.439
2026-05-17T00:15:26,VaryP,P,311,"N=7 K=3",-1
2026-05-17T00:15:26,VaryN,N,312,"K=3 P=7",-1
2026-05-17T00:15:27,VaryK,K,311,"N=7 P=7",438.417
2026-05-17T00:15:27,VaryP,P,312,"N=7 K=3",-1
2026-05-17T00:15:27,VaryN,N,313,"K=3 P=7",-1
2026-05-17T00:15:27,VaryK,K,312,"N=7 P=7",450.114
2026-05-17T00:15:27,VaryP,P,313,"N=7 K=3",-1
2026-05-17T00:15:27,VaryN,N,314,"K=3 P=7",-1
2026-05-17T00:15:28,VaryK,K,313,"N=7 P=7",447.972
2026-05-17T00:15:28,VaryP,P,314,"N=7 K=3",-1
2026-05-17T00:15:28,VaryN,N,315,"K=3 P=7",-1
2026-05-17T00:15:28,VaryK,K,314,"N=7 P=7",454.462
2026-05-17T00:15:28,VaryP,P,315,"N=7 K=3",-1
2026-05-17T00:15:28,VaryN,N,316,"K=3 P=7",-1
2026-05-17T00:15:29,VaryK,K,315,"N=7 P=7",451.465
2026-05-17T00:15:29,VaryP,P,316,"N=7 K=3",-1
2026-05-17T00:15:29,VaryN,N,317,"K=3 P=7",-1
2026-05-17T00:15:29,VaryK,K,316,"N=7 P=7",443.837
2026-05-17T00:15:29,VaryP,P,317,"N=7 K=3",-1
2026-05-17T00:15:29,VaryN,N,318,"K=3 P=7",-1
2026-05-17T00:15:29,VaryK,K,317,"N=7 P=7",461.384
2026-05-17T00:15:29,VaryP,P,318,"N=7 K=3",-1
2026-05-17T00:15:29,VaryN,N,319,"K=3 P=7",-1
2026-05-17T00:15:30,VaryK,K,318,"N=7 P=7",444.693
2026-05-17T00:15:30,VaryP,P,319,"N=7 K=3",-1
2026-05-17T00:15:30,VaryN,N,320,"K=3 P=7",-1
2026-05-17T00:15:30,VaryK,K,319,"N=7 P=7",448.875
2026-05-17T00:15:30,VaryP,P,320,"N=7 K=3",-1
2026-05-17T00:15:30,VaryN,N,321,"K=3 P=7",-1
2026-05-17T00:15:31,VaryK,K,320,"N=7 P=7",445.483
2026-05-17T00:15:31,VaryP,P,321,"N=7 K=3",-1
2026-05-17T00:15:31,VaryN,N,322,"K=3 P=7",-1
2026-05-17T00:15:31,VaryK,K,321,"N=7 P=7",453.397
2026-05-17T00:15:31,VaryP,P,322,"N=7 K=3",-1
2026-05-17T00:15:31,VaryN,N,323,"K=3 P=7",-1
2026-05-17T00:15:32,VaryK,K,322,"N=7 P=7",458.236
2026-05-17T00:15:32,VaryP,P,323,"N=7 K=3",-1
2026-05-17T00:15:32,VaryN,N,324,"K=3 P=7",-1
2026-05-17T00:15:32,VaryK,K,323,"N=7 P=7",457.784
2026-05-17T00:15:32,VaryP,P,324,"N=7 K=3",-1
2026-05-17T00:15:32,VaryN,N,325,"K=3 P=7",-1
2026-05-17T00:15:33,VaryK,K,324,"N=7 P=7",442.524
2026-05-17T00:15:33,VaryP,P,325,"N=7 K=3",-1
2026-05-17T00:15:33,VaryN,N,326,"K=3 P=7",-1
2026-05-17T00:15:33,VaryK,K,325,"N=7 P=7",448.903
2026-05-17T00:15:33,VaryP,P,326,"N=7 K=3",-1
2026-05-17T00:15:33,VaryN,N,327,"K=3 P=7",-1
2026-05-17T00:15:34,VaryK,K,326,"N=7 P=7",444.096
2026-05-17T00:15:34,VaryP,P,327,"N=7 K=3",-1
2026-05-17T00:15:34,VaryN,N,328,"K=3 P=7",-1
2026-05-17T00:15:34,VaryK,K,327,"N=7 P=7",436.816
2026-05-17T00:15:34,VaryP,P,328,"N=7 K=3",-1
2026-05-17T00:15:34,VaryN,N,329,"K=3 P=7",-1
2026-05-17T00:15:34,VaryK,K,328,"N=7 P=7",449.891
2026-05-17T00:15:34,VaryP,P,329,"N=7 K=3",-1
2026-05-17T00:15:34,VaryN,N,330,"K=3 P=7",-1
2026-05-17T00:15:35,VaryK,K,329,"N=7 P=7",454.23
2026-05-17T00:15:35,VaryP,P,330,"N=7 K=3",-1
2026-05-17T00:15:35,VaryN,N,331,"K=3 P=7",-1
2026-05-17T00:15:35,VaryK,K,330,"N=7 P=7",456.416
2026-05-17T00:15:35,VaryP,P,331,"N=7 K=3",-1
2026-05-17T00:15:35,VaryN,N,332,"K=3 P=7",-1
2026-05-17T00:15:36,VaryK,K,331,"N=7 P=7",442.37
2026-05-17T00:15:36,VaryP,P,332,"N=7 K=3",-1
2026-05-17T00:15:36,VaryN,N,333,"K=3 P=7",-1
2026-05-17T00:15:36,VaryK,K,332,"N=7 P=7",452.036
2026-05-17T00:15:36,VaryP,P,333,"N=7 K=3",-1
2026-05-17T00:15:36,VaryN,N,334,"K=3 P=7",-1
2026-05-17T00:15:37,VaryK,K,333,"N=7 P=7",450.147
2026-05-17T00:15:37,VaryP,P,334,"N=7 K=3",-1
2026-05-17T00:15:37,VaryN,N,335,"K=3 P=7",-1
2026-05-17T00:15:37,VaryK,K,334,"N=7 P=7",451.304
2026-05-17T00:15:37,VaryP,P,335,"N=7 K=3",-1
2026-05-17T00:15:37,VaryN,N,336,"K=3 P=7",-1
2026-05-17T00:15:38,VaryK,K,335,"N=7 P=7",440.163
2026-05-17T00:15:38,VaryP,P,336,"N=7 K=3",-1
2026-05-17T00:15:38,VaryN,N,337,"K=3 P=7",-1
2026-05-17T00:15:38,VaryK,K,336,"N=7 P=7",451.616
2026-05-17T00:15:38,VaryP,P,337,"N=7 K=3",-1
2026-05-17T00:15:38,VaryN,N,338,"K=3 P=7",-1
2026-05-17T00:15:39,VaryK,K,337,"N=7 P=7",442.427
2026-05-17T00:15:39,VaryP,P,338,"N=7 K=3",-1
2026-05-17T00:15:39,VaryN,N,339,"K=3 P=7",-1
2026-05-17T00:15:39,VaryK,K,338,"N=7 P=7",442.763
2026-05-17T00:15:39,VaryP,P,339,"N=7 K=3",-1
2026-05-17T00:15:39,VaryN,N,340,"K=3 P=7",-1
2026-05-17T00:15:39,VaryK,K,339,"N=7 P=7",451.963
2026-05-17T00:15:39,VaryP,P,340,"N=7 K=3",-1
2026-05-17T00:15:39,VaryN,N,341,"K=3 P=7",-1
2026-05-17T00:15:40,VaryK,K,340,"N=7 P=7",452.019
2026-05-17T00:15:40,VaryP,P,341,"N=7 K=3",-1
2026-05-17T00:15:40,VaryN,N,342,"K=3 P=7",-1
2026-05-17T00:15:40,VaryK,K,341,"N=7 P=7",443.014
2026-05-17T00:15:40,VaryP,P,342,"N=7 K=3",-1
2026-05-17T00:15:40,VaryN,N,343,"K=3 P=7",-1
2026-05-17T00:15:41,VaryK,K,342,"N=7 P=7",474.032
2026-05-17T00:15:41,VaryP,P,343,"N=7 K=3",-1
2026-05-17T00:15:41,VaryN,N,344,"K=3 P=7",-1
2026-05-17T00:15:41,VaryK,K,343,"N=7 P=7",453.457
2026-05-17T00:15:41,VaryP,P,344,"N=7 K=3",-1
2026-05-17T00:15:41,VaryN,N,345,"K=3 P=7",-1
2026-05-17T00:15:42,VaryK,K,344,"N=7 P=7",445.529
2026-05-17T00:15:42,VaryP,P,345,"N=7 K=3",-1
2026-05-17T00:15:42,VaryN,N,346,"K=3 P=7",-1
2026-05-17T00:15:42,VaryK,K,345,"N=7 P=7",450.848
2026-05-17T00:15:42,VaryP,P,346,"N=7 K=3",-1
2026-05-17T00:15:42,VaryN,N,347,"K=3 P=7",-1
2026-05-17T00:15:43,VaryK,K,346,"N=7 P=7",455.396
2026-05-17T00:15:43,VaryP,P,347,"N=7 K=3",-1
2026-05-17T00:15:43,VaryN,N,348,"K=3 P=7",-1
2026-05-17T00:15:43,VaryK,K,347,"N=7 P=7",447.971
2026-05-17T00:15:43,VaryP,P,348,"N=7 K=3",-1
2026-05-17T00:15:43,VaryN,N,349,"K=3 P=7",-1
2026-05-17T00:15:44,VaryK,K,348,"N=7 P=7",443.074
2026-05-17T00:15:44,VaryP,P,349,"N=7 K=3",-1
2026-05-17T00:15:44,VaryN,N,350,"K=3 P=7",-1
2026-05-17T00:15:44,VaryK,K,349,"N=7 P=7",438.231
2026-05-17T00:15:44,VaryP,P,350,"N=7 K=3",-1
2026-05-17T00:15:44,VaryN,N,351,"K=3 P=7",-1
2026-05-17T00:15:45,VaryK,K,350,"N=7 P=7",458.866
2026-05-17T00:15:45,VaryP,P,351,"N=7 K=3",-1
2026-05-17T00:15:45,VaryN,N,352,"K=3 P=7",-1
2026-05-17T00:15:45,VaryK,K,351,"N=7 P=7",448.672
2026-05-17T00:15:45,VaryP,P,352,"N=7 K=3",-1
2026-05-17T00:15:45,VaryN,N,353,"K=3 P=7",-1
2026-05-17T00:15:45,VaryK,K,352,"N=7 P=7",437.374
2026-05-17T00:15:45,VaryP,P,353,"N=7 K=3",-1
2026-05-17T00:15:45,VaryN,N,354,"K=3 P=7",-1
2026-05-17T00:15:46,VaryK,K,353,"N=7 P=7",470.057
2026-05-17T00:15:46,VaryP,P,354,"N=7 K=3",-1
2026-05-17T00:15:46,VaryN,N,355,"K=3 P=7",-1
2026-05-17T00:15:46,VaryK,K,354,"N=7 P=7",519.282
2026-05-17T00:15:46,VaryP,P,355,"N=7 K=3",-1
2026-05-17T00:15:46,VaryN,N,356,"K=3 P=7",-1
2026-05-17T00:15:47,VaryK,K,355,"N=7 P=7",504.824
2026-05-17T00:15:47,VaryP,P,356,"N=7 K=3",-1
2026-05-17T00:15:47,VaryN,N,357,"K=3 P=7",-1
2026-05-17T00:15:47,VaryK,K,356,"N=7 P=7",478.462
2026-05-17T00:15:47,VaryP,P,357,"N=7 K=3",-1
2026-05-17T00:15:47,VaryN,N,358,"K=3 P=7",-1
2026-05-17T00:15:48,VaryK,K,357,"N=7 P=7",447.333
2026-05-17T00:15:48,VaryP,P,358,"N=7 K=3",-1
2026-05-17T00:15:48,VaryN,N,359,"K=3 P=7",-1
2026-05-17T00:15:48,VaryK,K,358,"N=7 P=7",450.65
2026-05-17T00:15:48,VaryP,P,359,"N=7 K=3",-1
2026-05-17T00:15:48,VaryN,N,360,"K=3 P=7",-1
2026-05-17T00:15:49,VaryK,K,359,"N=7 P=7",444.301
2026-05-17T00:15:49,VaryP,P,360,"N=7 K=3",-1
2026-05-17T00:15:49,VaryN,N,361,"K=3 P=7",-1
2026-05-17T00:15:49,VaryK,K,360,"N=7 P=7",445.029
2026-05-17T00:15:49,VaryP,P,361,"N=7 K=3",-1
2026-05-17T00:15:49,VaryN,N,362,"K=3 P=7",-1
2026-05-17T00:15:50,VaryK,K,361,"N=7 P=7",445.658
2026-05-17T00:15:50,VaryP,P,362,"N=7 K=3",-1
2026-05-17T00:15:50,VaryN,N,363,"K=3 P=7",-1
2026-05-17T00:15:50,VaryK,K,362,"N=7 P=7",451.591
2026-05-17T00:15:50,VaryP,P,363,"N=7 K=3",-1
2026-05-17T00:15:50,VaryN,N,364,"K=3 P=7",-1
2026-05-17T00:15:51,VaryK,K,363,"N=7 P=7",442.72
2026-05-17T00:15:51,VaryP,P,364,"N=7 K=3",-1
2026-05-17T00:15:51,VaryN,N,365,"K=3 P=7",-1
2026-05-17T00:15:51,VaryK,K,364,"N=7 P=7",457.194
2026-05-17T00:15:51,VaryP,P,365,"N=7 K=3",-1
2026-05-17T00:15:51,VaryN,N,366,"K=3 P=7",-1
2026-05-17T00:15:52,VaryK,K,365,"N=7 P=7",443.719
2026-05-17T00:15:52,VaryP,P,366,"N=7 K=3",-1
2026-05-17T00:15:52,VaryN,N,367,"K=3 P=7",-1
2026-05-17T00:15:52,VaryK,K,366,"N=7 P=7",455.183
2026-05-17T00:15:52,VaryP,P,367,"N=7 K=3",-1
2026-05-17T00:15:52,VaryN,N,368,"K=3 P=7",-1
2026-05-17T00:15:52,VaryK,K,367,"N=7 P=7",448.482
2026-05-17T00:15:52,VaryP,P,368,"N=7 K=3",-1
2026-05-17T00:15:52,VaryN,N,369,"K=3 P=7",-1
2026-05-17T00:15:53,VaryK,K,368,"N=7 P=7",452.862
2026-05-17T00:15:53,VaryP,P,369,"N=7 K=3",-1
2026-05-17T00:15:53,VaryN,N,370,"K=3 P=7",-1
2026-05-17T00:15:53,VaryK,K,369,"N=7 P=7",451.117
2026-05-17T00:15:53,VaryP,P,370,"N=7 K=3",-1
2026-05-17T00:15:53,VaryN,N,371,"K=3 P=7",-1
2026-05-17T00:15:54,VaryK,K,370,"N=7 P=7",445.799
2026-05-17T00:15:54,VaryP,P,371,"N=7 K=3",-1
2026-05-17T00:15:54,VaryN,N,372,"K=3 P=7",-1
2026-05-17T00:15:54,VaryK,K,371,"N=7 P=7",451.711
2026-05-17T00:15:54,VaryP,P,372,"N=7 K=3",-1
2026-05-17T00:15:54,VaryN,N,373,"K=3 P=7",-1
2026-05-17T00:15:55,VaryK,K,372,"N=7 P=7",447.3
2026-05-17T00:15:55,VaryP,P,373,"N=7 K=3",-1
2026-05-17T00:15:55,VaryN,N,374,"K=3 P=7",-1
2026-05-17T00:15:55,VaryK,K,373,"N=7 P=7",453.052
2026-05-17T00:15:55,VaryP,P,374,"N=7 K=3",-1
2026-05-17T00:15:55,VaryN,N,375,"K=3 P=7",-1
2026-05-17T00:15:56,VaryK,K,374,"N=7 P=7",447.14
2026-05-17T00:15:56,VaryP,P,375,"N=7 K=3",-1
2026-05-17T00:15:56,VaryN,N,376,"K=3 P=7",-1
2026-05-17T00:15:56,VaryK,K,375,"N=7 P=7",445.823
2026-05-17T00:15:56,VaryP,P,376,"N=7 K=3",-1
2026-05-17T00:15:56,VaryN,N,377,"K=3 P=7",-1
2026-05-17T00:15:57,VaryK,K,376,"N=7 P=7",433.92
2026-05-17T00:15:57,VaryP,P,377,"N=7 K=3",-1
2026-05-17T00:15:57,VaryN,N,378,"K=3 P=7",-1
2026-05-17T00:15:57,VaryK,K,377,"N=7 P=7",447.05
2026-05-17T00:15:57,VaryP,P,378,"N=7 K=3",-1
2026-05-17T00:15:57,VaryN,N,379,"K=3 P=7",-1
2026-05-17T00:15:57,VaryK,K,378,"N=7 P=7",444.706
2026-05-17T00:15:57,VaryP,P,379,"N=7 K=3",-1
2026-05-17T00:15:57,VaryN,N,380,"K=3 P=7",-1
2026-05-17T00:15:58,VaryK,K,379,"N=7 P=7",450.039
2026-05-17T00:15:58,VaryP,P,380,"N=7 K=3",-1
2026-05-17T00:15:58,VaryN,N,381,"K=3 P=7",-1
2026-05-17T00:15:58,VaryK,K,380,"N=7 P=7",444.605
2026-05-17T00:15:58,VaryP,P,381,"N=7 K=3",-1
2026-05-17T00:15:58,VaryN,N,382,"K=3 P=7",-1
2026-05-17T00:15:59,VaryK,K,381,"N=7 P=7",447.573
2026-05-17T00:15:59,VaryP,P,382,"N=7 K=3",-1
2026-05-17T00:15:59,VaryN,N,383,"K=3 P=7",-1
2026-05-17T00:15:59,VaryK,K,382,"N=7 P=7",454.469
2026-05-17T00:15:59,VaryP,P,383,"N=7 K=3",-1
2026-05-17T00:15:59,VaryN,N,384,"K=3 P=7",-1
2026-05-17T00:16:00,VaryK,K,383,"N=7 P=7",450.169
2026-05-17T00:16:00,VaryP,P,384,"N=7 K=3",-1
2026-05-17T00:16:00,VaryN,N,385,"K=3 P=7",-1
2026-05-17T00:16:00,VaryK,K,384,"N=7 P=7",460.442
2026-05-17T00:16:00,VaryP,P,385,"N=7 K=3",-1
2026-05-17T00:16:00,VaryN,N,386,"K=3 P=7",-1
2026-05-17T00:16:01,VaryK,K,385,"N=7 P=7",446.619
2026-05-17T00:16:01,VaryP,P,386,"N=7 K=3",-1
2026-05-17T00:16:01,VaryN,N,387,"K=3 P=7",-1
2026-05-17T00:16:01,VaryK,K,386,"N=7 P=7",442.432
2026-05-17T00:16:01,VaryP,P,387,"N=7 K=3",-1
2026-05-17T00:16:01,VaryN,N,388,"K=3 P=7",-1
2026-05-17T00:16:02,VaryK,K,387,"N=7 P=7",452.689
2026-05-17T00:16:02,VaryP,P,388,"N=7 K=3",-1
2026-05-17T00:16:02,VaryN,N,389,"K=3 P=7",-1
2026-05-17T00:16:02,VaryK,K,388,"N=7 P=7",439.579
2026-05-17T00:16:02,VaryP,P,389,"N=7 K=3",-1
2026-05-17T00:16:02,VaryN,N,390,"K=3 P=7",-1
2026-05-17T00:16:02,VaryK,K,389,"N=7 P=7",457.307
2026-05-17T00:16:02,VaryP,P,390,"N=7 K=3",-1
2026-05-17T00:16:02,VaryN,N,391,"K=3 P=7",-1
2026-05-17T00:16:03,VaryK,K,390,"N=7 P=7",450.247
2026-05-17T00:16:03,VaryP,P,391,"N=7 K=3",-1
2026-05-17T00:16:03,VaryN,N,392,"K=3 P=7",-1
2026-05-17T00:16:03,VaryK,K,391,"N=7 P=7",460.569
2026-05-17T00:16:03,VaryP,P,392,"N=7 K=3",-1
2026-05-17T00:16:03,VaryN,N,393,"K=3 P=7",-1
2026-05-17T00:16:04,VaryK,K,392,"N=7 P=7",444.038
2026-05-17T00:16:04,VaryP,P,393,"N=7 K=3",-1
2026-05-17T00:16:04,VaryN,N,394,"K=3 P=7",-1
2026-05-17T00:16:04,VaryK,K,393,"N=7 P=7",454.289
2026-05-17T00:16:04,VaryP,P,394,"N=7 K=3",-1
2026-05-17T00:16:04,VaryN,N,395,"K=3 P=7",-1
2026-05-17T00:16:05,VaryK,K,394,"N=7 P=7",443.908
2026-05-17T00:16:05,VaryP,P,395,"N=7 K=3",-1
2026-05-17T00:16:05,VaryN,N,396,"K=3 P=7",-1
2026-05-17T00:16:05,VaryK,K,395,"N=7 P=7",457.88
2026-05-17T00:16:05,VaryP,P,396,"N=7 K=3",-1
2026-05-17T00:16:05,VaryN,N,397,"K=3 P=7",-1
2026-05-17T00:16:06,VaryK,K,396,"N=7 P=7",435.94
2026-05-17T00:16:06,VaryP,P,397,"N=7 K=3",-1
2026-05-17T00:16:06,VaryN,N,398,"K=3 P=7",-1
2026-05-17T00:16:06,VaryK,K,397,"N=7 P=7",450.213
2026-05-17T00:16:06,VaryP,P,398,"N=7 K=3",-1
2026-05-17T00:16:06,VaryN,N,399,"K=3 P=7",-1
2026-05-17T00:16:07,VaryK,K,398,"N=7 P=7",453.844
2026-05-17T00:16:07,VaryP,P,399,"N=7 K=3",-1
2026-05-17T00:16:07,VaryN,N,400,"K=3 P=7",-1
2026-05-17T00:16:07,VaryK,K,399,"N=7 P=7",454.685
2026-05-17T00:16:07,VaryP,P,400,"N=7 K=3",-1
2026-05-17T00:16:07,VaryN,N,401,"K=3 P=7",-1
2026-05-17T00:16:08,VaryK,K,400,"N=7 P=7",452.877
2026-05-17T00:16:08,VaryP,P,401,"N=7 K=3",-1
2026-05-17T00:16:08,VaryN,N,402,"K=3 P=7",-1
2026-05-17T00:16:08,VaryK,K,401,"N=7 P=7",439.201
2026-05-17T00:16:08,VaryP,P,402,"N=7 K=3",-1
2026-05-17T00:16:08,VaryN,N,403,"K=3 P=7",-1
2026-05-17T00:16:08,VaryK,K,402,"N=7 P=7",440.096
2026-05-17T00:16:08,VaryP,P,403,"N=7 K=3",-1
2026-05-17T00:16:08,VaryN,N,404,"K=3 P=7",-1
2026-05-17T00:16:09,VaryK,K,403,"N=7 P=7",438.368
2026-05-17T00:16:09,VaryP,P,404,"N=7 K=3",-1
2026-05-17T00:16:09,VaryN,N,405,"K=3 P=7",-1
2026-05-17T00:16:09,VaryK,K,404,"N=7 P=7",452.583
2026-05-17T00:16:09,VaryP,P,405,"N=7 K=3",-1
2026-05-17T00:16:09,VaryN,N,406,"K=3 P=7",-1
2026-05-17T00:16:10,VaryK,K,405,"N=7 P=7",450.8
2026-05-17T00:16:10,VaryP,P,406,"N=7 K=3",-1
2026-05-17T00:16:10,VaryN,N,407,"K=3 P=7",-1
2026-05-17T00:16:10,VaryK,K,406,"N=7 P=7",455.779
2026-05-17T00:16:10,VaryP,P,407,"N=7 K=3",-1
2026-05-17T00:16:10,VaryN,N,408,"K=3 P=7",-1
2026-05-17T00:16:11,VaryK,K,407,"N=7 P=7",440.615
2026-05-17T00:16:11,VaryP,P,408,"N=7 K=3",-1
2026-05-17T00:16:11,VaryN,N,409,"K=3 P=7",-1
2026-05-17T00:16:11,VaryK,K,408,"N=7 P=7",443.812
2026-05-17T00:16:11,VaryP,P,409,"N=7 K=3",-1
2026-05-17T00:16:11,VaryN,N,410,"K=3 P=7",-1
2026-05-17T00:16:12,VaryK,K,409,"N=7 P=7",454.664
2026-05-17T00:16:12,VaryP,P,410,"N=7 K=3",-1
2026-05-17T00:16:12,VaryN,N,411,"K=3 P=7",-1
2026-05-17T00:16:12,VaryK,K,410,"N=7 P=7",457.776
2026-05-17T00:16:12,VaryP,P,411,"N=7 K=3",-1
2026-05-17T00:16:12,VaryN,N,412,"K=3 P=7",-1
2026-05-17T00:16:13,VaryK,K,411,"N=7 P=7",452.9
2026-05-17T00:16:13,VaryP,P,412,"N=7 K=3",-1
2026-05-17T00:16:13,VaryN,N,413,"K=3 P=7",-1
2026-05-17T00:16:13,VaryK,K,412,"N=7 P=7",444.82
2026-05-17T00:16:13,VaryP,P,413,"N=7 K=3",-1
2026-05-17T00:16:13,VaryN,N,414,"K=3 P=7",-1
2026-05-17T00:16:13,VaryK,K,413,"N=7 P=7",463.386
2026-05-17T00:16:13,VaryP,P,414,"N=7 K=3",-1
2026-05-17T00:16:13,VaryN,N,415,"K=3 P=7",-1
2026-05-17T00:16:14,VaryK,K,414,"N=7 P=7",441.487
2026-05-17T00:16:14,VaryP,P,415,"N=7 K=3",-1
2026-05-17T00:16:14,VaryN,N,416,"K=3 P=7",-1
2026-05-17T00:16:14,VaryK,K,415,"N=7 P=7",458.157
2026-05-17T00:16:14,VaryP,P,416,"N=7 K=3",-1
2026-05-17T00:16:14,VaryN,N,417,"K=3 P=7",-1
2026-05-17T00:16:15,VaryK,K,416,"N=7 P=7",444.045
2026-05-17T00:16:15,VaryP,P,417,"N=7 K=3",-1
2026-05-17T00:16:15,VaryN,N,418,"K=3 P=7",-1
2026-05-17T00:16:15,VaryK,K,417,"N=7 P=7",458.79
2026-05-17T00:16:15,VaryP,P,418,"N=7 K=3",-1
2026-05-17T00:16:15,VaryN,N,419,"K=3 P=7",-1
2026-05-17T00:16:16,VaryK,K,418,"N=7 P=7",447.429
2026-05-17T00:16:16,VaryP,P,419,"N=7 K=3",-1
2026-05-17T00:16:16,VaryN,N,420,"K=3 P=7",-1
2026-05-17T00:16:16,VaryK,K,419,"N=7 P=7",556.586
2026-05-17T00:16:16,VaryP,P,420,"N=7 K=3",-1
2026-05-17T00:16:16,VaryN,N,421,"K=3 P=7",-1
2026-05-17T00:16:17,VaryK,K,420,"N=7 P=7",478.434
2026-05-17T00:16:17,VaryP,P,421,"N=7 K=3",-1
2026-05-17T00:16:17,VaryN,N,422,"K=3 P=7",-1
2026-05-17T00:16:17,VaryK,K,421,"N=7 P=7",527.505
2026-05-17T00:16:17,VaryP,P,422,"N=7 K=3",-1
2026-05-17T00:16:17,VaryN,N,423,"K=3 P=7",-1
2026-05-17T00:16:18,VaryK,K,422,"N=7 P=7",464.154
2026-05-17T00:16:18,VaryP,P,423,"N=7 K=3",-1
2026-05-17T00:16:18,VaryN,N,424,"K=3 P=7",-1
2026-05-17T00:16:18,VaryK,K,423,"N=7 P=7",456.697
2026-05-17T00:16:18,VaryP,P,424,"N=7 K=3",-1
2026-05-17T00:16:18,VaryN,N,425,"K=3 P=7",-1
2026-05-17T00:16:19,VaryK,K,424,"N=7 P=7",450.168
2026-05-17T00:16:19,VaryP,P,425,"N=7 K=3",-1
2026-05-17T00:16:19,VaryN,N,426,"K=3 P=7",-1
2026-05-17T00:16:19,VaryK,K,425,"N=7 P=7",452.376
2026-05-17T00:16:19,VaryP,P,426,"N=7 K=3",-1
2026-05-17T00:16:19,VaryN,N,427,"K=3 P=7",-1
2026-05-17T00:16:20,VaryK,K,426,"N=7 P=7",446.321
2026-05-17T00:16:20,VaryP,P,427,"N=7 K=3",-1
2026-05-17T00:16:20,VaryN,N,428,"K=3 P=7",-1
2026-05-17T00:16:20,VaryK,K,427,"N=7 P=7",450.777
2026-05-17T00:16:20,VaryP,P,428,"N=7 K=3",-1
2026-05-17T00:16:20,VaryN,N,429,"K=3 P=7",-1
2026-05-17T00:16:21,VaryK,K,428,"N=7 P=7",447.094
2026-05-17T00:16:21,VaryP,P,429,"N=7 K=3",-1
2026-05-17T00:16:21,VaryN,N,430,"K=3 P=7",-1
2026-05-17T00:16:21,VaryK,K,429,"N=7 P=7",442.677
2026-05-17T00:16:21,VaryP,P,430,"N=7 K=3",-1
2026-05-17T00:16:21,VaryN,N,431,"K=3 P=7",-1
2026-05-17T00:16:21,VaryK,K,430,"N=7 P=7",450.372
2026-05-17T00:16:21,VaryP,P,431,"N=7 K=3",-1
2026-05-17T00:16:21,VaryN,N,432,"K=3 P=7",-1
2026-05-17T00:16:22,VaryK,K,431,"N=7 P=7",461.575
2026-05-17T00:16:22,VaryP,P,432,"N=7 K=3",-1
2026-05-17T00:16:22,VaryN,N,433,"K=3 P=7",-1
2026-05-17T00:16:22,VaryK,K,432,"N=7 P=7",446.279
2026-05-17T00:16:22,VaryP,P,433,"N=7 K=3",-1
2026-05-17T00:16:22,VaryN,N,434,"K=3 P=7",-1
2026-05-17T00:16:23,VaryK,K,433,"N=7 P=7",442.794
2026-05-17T00:16:23,VaryP,P,434,"N=7 K=3",-1
2026-05-17T00:16:23,VaryN,N,435,"K=3 P=7",-1
2026-05-17T00:16:23,VaryK,K,434,"N=7 P=7",454.317
2026-05-17T00:16:23,VaryP,P,435,"N=7 K=3",-1
2026-05-17T00:16:23,VaryN,N,436,"K=3 P=7",-1
2026-05-17T00:16:24,VaryK,K,435,"N=7 P=7",459.936
2026-05-17T00:16:24,VaryP,P,436,"N=7 K=3",-1
2026-05-17T00:16:24,VaryN,N,437,"K=3 P=7",-1
2026-05-17T00:16:24,VaryK,K,436,"N=7 P=7",440.601
2026-05-17T00:16:24,VaryP,P,437,"N=7 K=3",-1
2026-05-17T00:16:24,VaryN,N,438,"K=3 P=7",-1
2026-05-17T00:16:25,VaryK,K,437,"N=7 P=7",450.195
2026-05-17T00:16:25,VaryP,P,438,"N=7 K=3",-1
2026-05-17T00:16:25,VaryN,N,439,"K=3 P=7",-1
2026-05-17T00:16:25,VaryK,K,438,"N=7 P=7",430.461
2026-05-17T00:16:25,VaryP,P,439,"N=7 K=3",-1
2026-05-17T00:16:25,VaryN,N,440,"K=3 P=7",-1
2026-05-17T00:16:26,VaryK,K,439,"N=7 P=7",447.943
2026-05-17T00:16:26,VaryP,P,440,"N=7 K=3",-1
2026-05-17T00:16:26,VaryN,N,441,"K=3 P=7",-1
2026-05-17T00:16:26,VaryK,K,440,"N=7 P=7",446.255
2026-05-17T00:16:26,VaryP,P,441,"N=7 K=3",-1
2026-05-17T00:16:26,VaryN,N,442,"K=3 P=7",-1
2026-05-17T00:16:26,VaryK,K,441,"N=7 P=7",450.171
2026-05-17T00:16:26,VaryP,P,442,"N=7 K=3",-1
2026-05-17T00:16:26,VaryN,N,443,"K=3 P=7",-1
2026-05-17T00:16:27,VaryK,K,442,"N=7 P=7",439.308
2026-05-17T00:16:27,VaryP,P,443,"N=7 K=3",-1
2026-05-17T00:16:27,VaryN,N,444,"K=3 P=7",-1
2026-05-17T00:16:27,VaryK,K,443,"N=7 P=7",453.871
2026-05-17T00:16:27,VaryP,P,444,"N=7 K=3",-1
2026-05-17T00:16:27,VaryN,N,445,"K=3 P=7",-1
2026-05-17T00:16:28,VaryK,K,444,"N=7 P=7",442.154
2026-05-17T00:16:28,VaryP,P,445,"N=7 K=3",-1
2026-05-17T00:16:28,VaryN,N,446,"K=3 P=7",-1
2026-05-17T00:16:28,VaryK,K,445,"N=7 P=7",444.61
2026-05-17T00:16:28,VaryP,P,446,"N=7 K=3",-1
2026-05-17T00:16:28,VaryN,N,447,"K=3 P=7",-1
2026-05-17T00:16:29,VaryK,K,446,"N=7 P=7",442.889
2026-05-17T00:16:29,VaryP,P,447,"N=7 K=3",-1
2026-05-17T00:16:29,VaryN,N,448,"K=3 P=7",-1
2026-05-17T00:16:29,VaryK,K,447,"N=7 P=7",451.649
2026-05-17T00:16:29,VaryP,P,448,"N=7 K=3",-1
2026-05-17T00:16:29,VaryN,N,449,"K=3 P=7",-1
2026-05-17T00:16:30,VaryK,K,448,"N=7 P=7",456.405
2026-05-17T00:16:30,VaryP,P,449,"N=7 K=3",-1
2026-05-17T00:16:30,VaryN,N,450,"K=3 P=7",-1
2026-05-17T00:16:30,VaryK,K,449,"N=7 P=7",461.173
2026-05-17T00:16:30,VaryP,P,450,"N=7 K=3",-1
2026-05-17T00:16:30,VaryN,N,451,"K=3 P=7",-1
2026-05-17T00:16:31,VaryK,K,450,"N=7 P=7",457.473
2026-05-17T00:16:31,VaryP,P,451,"N=7 K=3",-1
2026-05-17T00:16:31,VaryN,N,452,"K=3 P=7",-1
2026-05-17T00:16:31,VaryK,K,451,"N=7 P=7",446.692
2026-05-17T00:16:31,VaryP,P,452,"N=7 K=3",-1
2026-05-17T00:16:31,VaryN,N,453,"K=3 P=7",-1
2026-05-17T00:16:31,VaryK,K,452,"N=7 P=7",450.057
2026-05-17T00:16:31,VaryP,P,453,"N=7 K=3",-1
2026-05-17T00:16:31,VaryN,N,454,"K=3 P=7",-1
2026-05-17T00:16:32,VaryK,K,453,"N=7 P=7",459.457
2026-05-17T00:16:32,VaryP,P,454,"N=7 K=3",-1
2026-05-17T00:16:32,VaryN,N,455,"K=3 P=7",-1
2026-05-17T00:16:32,VaryK,K,454,"N=7 P=7",452.188
2026-05-17T00:16:32,VaryP,P,455,"N=7 K=3",-1
2026-05-17T00:16:32,VaryN,N,456,"K=3 P=7",-1
2026-05-17T00:16:33,VaryK,K,455,"N=7 P=7",443.829
2026-05-17T00:16:33,VaryP,P,456,"N=7 K=3",-1
2026-05-17T00:16:33,VaryN,N,457,"K=3 P=7",-1
2026-05-17T00:16:33,VaryK,K,456,"N=7 P=7",453.937
2026-05-17T00:16:33,VaryP,P,457,"N=7 K=3",-1
2026-05-17T00:16:33,VaryN,N,458,"K=3 P=7",-1
2026-05-17T00:16:34,VaryK,K,457,"N=7 P=7",447.929
2026-05-17T00:16:34,VaryP,P,458,"N=7 K=3",-1
2026-05-17T00:16:34,VaryN,N,459,"K=3 P=7",-1
2026-05-17T00:16:34,VaryK,K,458,"N=7 P=7",455.44
2026-05-17T00:16:34,VaryP,P,459,"N=7 K=3",-1
2026-05-17T00:16:34,VaryN,N,460,"K=3 P=7",-1
2026-05-17T00:16:35,VaryK,K,459,"N=7 P=7",441.239
2026-05-17T00:16:35,VaryP,P,460,"N=7 K=3",-1
2026-05-17T00:16:35,VaryN,N,461,"K=3 P=7",-1
2026-05-17T00:16:35,VaryK,K,460,"N=7 P=7",450.311
2026-05-17T00:16:35,VaryP,P,461,"N=7 K=3",-1
2026-05-17T00:16:35,VaryN,N,462,"K=3 P=7",-1
2026-05-17T00:16:36,VaryK,K,461,"N=7 P=7",450.454
2026-05-17T00:16:36,VaryP,P,462,"N=7 K=3",-1
2026-05-17T00:16:36,VaryN,N,463,"K=3 P=7",-1
2026-05-17T00:16:36,VaryK,K,462,"N=7 P=7",446.308
2026-05-17T00:16:36,VaryP,P,463,"N=7 K=3",-1
2026-05-17T00:16:36,VaryN,N,464,"K=3 P=7",-1
2026-05-17T00:16:36,VaryK,K,463,"N=7 P=7",445.671
2026-05-17T00:16:36,VaryP,P,464,"N=7 K=3",-1
2026-05-17T00:16:36,VaryN,N,465,"K=3 P=7",-1
2026-05-17T00:16:37,VaryK,K,464,"N=7 P=7",443.52
2026-05-17T00:16:37,VaryP,P,465,"N=7 K=3",-1
2026-05-17T00:16:37,VaryN,N,466,"K=3 P=7",-1
2026-05-17T00:16:37,VaryK,K,465,"N=7 P=7",452.99
2026-05-17T00:16:37,VaryP,P,466,"N=7 K=3",-1
2026-05-17T00:16:37,VaryN,N,467,"K=3 P=7",-1
2026-05-17T00:16:38,VaryK,K,466,"N=7 P=7",450.157
2026-05-17T00:16:38,VaryP,P,467,"N=7 K=3",-1
2026-05-17T00:16:38,VaryN,N,468,"K=3 P=7",-1
2026-05-17T00:16:38,VaryK,K,467,"N=7 P=7",450.21
2026-05-17T00:16:38,VaryP,P,468,"N=7 K=3",-1
2026-05-17T00:16:38,VaryN,N,469,"K=3 P=7",-1
2026-05-17T00:16:39,VaryK,K,468,"N=7 P=7",446.005
2026-05-17T00:16:39,VaryP,P,469,"N=7 K=3",-1
2026-05-17T00:16:39,VaryN,N,470,"K=3 P=7",-1
2026-05-17T00:16:39,VaryK,K,469,"N=7 P=7",447.667
2026-05-17T00:16:39,VaryP,P,470,"N=7 K=3",-1
2026-05-17T00:16:39,VaryN,N,471,"K=3 P=7",-1
2026-05-17T00:16:40,VaryK,K,470,"N=7 P=7",451.956
2026-05-17T00:16:40,VaryP,P,471,"N=7 K=3",-1
2026-05-17T00:16:40,VaryN,N,472,"K=3 P=7",-1
2026-05-17T00:16:40,VaryK,K,471,"N=7 P=7",442.818
2026-05-17T00:16:40,VaryP,P,472,"N=7 K=3",-1
2026-05-17T00:16:40,VaryN,N,473,"K=3 P=7",-1
2026-05-17T00:16:41,VaryK,K,472,"N=7 P=7",446.178
2026-05-17T00:16:41,VaryP,P,473,"N=7 K=3",-1
2026-05-17T00:16:41,VaryN,N,474,"K=3 P=7",-1
2026-05-17T00:16:41,VaryK,K,473,"N=7 P=7",464.171
2026-05-17T00:16:41,VaryP,P,474,"N=7 K=3",-1
2026-05-17T00:16:41,VaryN,N,475,"K=3 P=7",-1
2026-05-17T00:16:42,VaryK,K,474,"N=7 P=7",448.984
2026-05-17T00:16:42,VaryP,P,475,"N=7 K=3",-1
2026-05-17T00:16:42,VaryN,N,476,"K=3 P=7",-1
2026-05-17T00:16:42,VaryK,K,475,"N=7 P=7",451.154
2026-05-17T00:16:42,VaryP,P,476,"N=7 K=3",-1
2026-05-17T00:16:42,VaryN,N,477,"K=3 P=7",-1
2026-05-17T00:16:42,VaryK,K,476,"N=7 P=7",470.949
2026-05-17T00:16:42,VaryP,P,477,"N=7 K=3",-1
2026-05-17T00:16:42,VaryN,N,478,"K=3 P=7",-1
2026-05-17T00:16:43,VaryK,K,477,"N=7 P=7",434.334
2026-05-17T00:16:43,VaryP,P,478,"N=7 K=3",-1
2026-05-17T00:16:43,VaryN,N,479,"K=3 P=7",-1
2026-05-17T00:16:43,VaryK,K,478,"N=7 P=7",460.279
2026-05-17T00:16:43,VaryP,P,479,"N=7 K=3",-1
2026-05-17T00:16:43,VaryN,N,480,"K=3 P=7",-1
2026-05-17T00:16:44,VaryK,K,479,"N=7 P=7",448.752
2026-05-17T00:16:44,VaryP,P,480,"N=7 K=3",-1
2026-05-17T00:16:44,VaryN,N,481,"K=3 P=7",-1
2026-05-17T00:16:44,VaryK,K,480,"N=7 P=7",441.073
2026-05-17T00:16:44,VaryP,P,481,"N=7 K=3",-1
2026-05-17T00:16:44,VaryN,N,482,"K=3 P=7",-1
2026-05-17T00:16:45,VaryK,K,481,"N=7 P=7",450.944
2026-05-17T00:16:45,VaryP,P,482,"N=7 K=3",-1
2026-05-17T00:16:45,VaryN,N,483,"K=3 P=7",-1
2026-05-17T00:16:45,VaryK,K,482,"N=7 P=7",449.306
2026-05-17T00:16:45,VaryP,P,483,"N=7 K=3",-1
2026-05-17T00:16:45,VaryN,N,484,"K=3 P=7",-1
2026-05-17T00:16:46,VaryK,K,483,"N=7 P=7",447.741
2026-05-17T00:16:46,VaryP,P,484,"N=7 K=3",-1
2026-05-17T00:16:46,VaryN,N,485,"K=3 P=7",-1
2026-05-17T00:16:46,VaryK,K,484,"N=7 P=7",492.337
2026-05-17T00:16:46,VaryP,P,485,"N=7 K=3",-1
2026-05-17T00:16:46,VaryN,N,486,"K=3 P=7",-1
2026-05-17T00:16:47,VaryK,K,485,"N=7 P=7",507.709
2026-05-17T00:16:47,VaryP,P,486,"N=7 K=3",-1
2026-05-17T00:16:47,VaryN,N,487,"K=3 P=7",-1
2026-05-17T00:16:47,VaryK,K,486,"N=7 P=7",481.103
2026-05-17T00:16:47,VaryP,P,487,"N=7 K=3",-1
2026-05-17T00:16:47,VaryN,N,488,"K=3 P=7",-1
2026-05-17T00:16:48,VaryK,K,487,"N=7 P=7",442.05
2026-05-17T00:16:48,VaryP,P,488,"N=7 K=3",-1
2026-05-17T00:16:48,VaryN,N,489,"K=3 P=7",-1
2026-05-17T00:16:48,VaryK,K,488,"N=7 P=7",439.939
2026-05-17T00:16:48,VaryP,P,489,"N=7 K=3",-1
2026-05-17T00:16:48,VaryN,N,490,"K=3 P=7",-1
2026-05-17T00:16:48,VaryK,K,489,"N=7 P=7",451.968
2026-05-17T00:16:48,VaryP,P,490,"N=7 K=3",-1
2026-05-17T00:16:48,VaryN,N,491,"K=3 P=7",-1
2026-05-17T00:16:49,VaryK,K,490,"N=7 P=7",446.424
2026-05-17T00:16:49,VaryP,P,491,"N=7 K=3",-1
2026-05-17T00:16:49,VaryN,N,492,"K=3 P=7",-1
2026-05-17T00:16:49,VaryK,K,491,"N=7 P=7",455.147
2026-05-17T00:16:49,VaryP,P,492,"N=7 K=3",-1
2026-05-17T00:16:49,VaryN,N,493,"K=3 P=7",-1
2026-05-17T00:16:50,VaryK,K,492,"N=7 P=7",445.9
2026-05-17T00:16:50,VaryP,P,493,"N=7 K=3",-1
2026-05-17T00:16:50,VaryN,N,494,"K=3 P=7",-1
2026-05-17T00:16:50,VaryK,K,493,"N=7 P=7",452.68
2026-05-17T00:16:50,VaryP,P,494,"N=7 K=3",-1
2026-05-17T00:16:50,VaryN,N,495,"K=3 P=7",-1
2026-05-17T00:16:51,VaryK,K,494,"N=7 P=7",441.804
2026-05-17T00:16:51,VaryP,P,495,"N=7 K=3",-1
2026-05-17T00:16:51,VaryN,N,496,"K=3 P=7",-1
2026-05-17T00:16:51,VaryK,K,495,"N=7 P=7",438.212
2026-05-17T00:16:51,VaryP,P,496,"N=7 K=3",-1
2026-05-17T00:16:51,VaryN,N,497,"K=3 P=7",-1
2026-05-17T00:16:52,VaryK,K,496,"N=7 P=7",443.312
2026-05-17T00:16:52,VaryP,P,497,"N=7 K=3",-1
2026-05-17T00:16:52,VaryN,N,498,"K=3 P=7",-1
2026-05-17T00:16:52,VaryK,K,497,"N=7 P=7",448.899
2026-05-17T00:16:52,VaryP,P,498,"N=7 K=3",-1
2026-05-17T00:16:52,VaryN,N,499,"K=3 P=7",-1
2026-05-17T00:16:53,VaryK,K,498,"N=7 P=7",452.707
2026-05-17T00:16:53,VaryP,P,499,"N=7 K=3",-1
2026-05-17T00:16:53,VaryN,N,500,"K=3 P=7",-1
2026-05-17T00:16:53,VaryK,K,499,"N=7 P=7",453.662
2026-05-17T00:16:53,VaryP,P,500,"N=7 K=3",-1
2026-05-17T00:16:53,VaryN,N,501,"K=3 P=7",-1
2026-05-17T00:16:54,VaryK,K,500,"N=7 P=7",455.26
2026-05-17T00:16:54,VaryP,P,501,"N=7 K=3",-1
2026-05-17T00:16:54,VaryN,N,502,"K=3 P=7",-1
2026-05-17T00:16:54,VaryK,K,501,"N=7 P=7",453.657
2026-05-17T00:16:54,VaryP,P,502,"N=7 K=3",-1
2026-05-17T00:16:54,VaryN,N,503,"K=3 P=7",-1
2026-05-17T00:16:54,VaryK,K,502,"N=7 P=7",462.074
2026-05-17T00:16:54,VaryP,P,503,"N=7 K=3",-1
2026-05-17T00:16:54,VaryN,N,504,"K=3 P=7",-1
2026-05-17T00:16:55,VaryK,K,503,"N=7 P=7",449.838
2026-05-17T00:16:55,VaryP,P,504,"N=7 K=3",-1
2026-05-17T00:16:55,VaryN,N,505,"K=3 P=7",-1
2026-05-17T00:16:55,VaryK,K,504,"N=7 P=7",451.581
2026-05-17T00:16:55,VaryP,P,505,"N=7 K=3",-1
2026-05-17T00:16:55,VaryN,N,506,"K=3 P=7",-1
2026-05-17T00:16:56,VaryK,K,505,"N=7 P=7",437.482
2026-05-17T00:16:56,VaryP,P,506,"N=7 K=3",-1
2026-05-17T00:16:56,VaryN,N,507,"K=3 P=7",-1
2026-05-17T00:16:56,VaryK,K,506,"N=7 P=7",440.91
2026-05-17T00:16:56,VaryP,P,507,"N=7 K=3",-1
2026-05-17T00:16:56,VaryN,N,508,"K=3 P=7",-1
2026-05-17T00:16:57,VaryK,K,507,"N=7 P=7",442.779
2026-05-17T00:16:57,VaryP,P,508,"N=7 K=3",-1
2026-05-17T00:16:57,VaryN,N,509,"K=3 P=7",-1
2026-05-17T00:16:57,VaryK,K,508,"N=7 P=7",446.406
2026-05-17T00:16:57,VaryP,P,509,"N=7 K=3",-1
2026-05-17T00:16:57,VaryN,N,510,"K=3 P=7",-1
2026-05-17T00:16:58,VaryK,K,509,"N=7 P=7",451.038
2026-05-17T00:16:58,VaryP,P,510,"N=7 K=3",-1
2026-05-17T00:16:58,VaryN,N,511,"K=3 P=7",-1
2026-05-17T00:16:58,VaryK,K,510,"N=7 P=7",449
2026-05-17T00:16:58,VaryP,P,511,"N=7 K=3",-1
2026-05-17T00:16:58,VaryN,N,512,"K=3 P=7",-1
2026-05-17T00:16:59,VaryK,K,511,"N=7 P=7",448.893
2026-05-17T00:16:59,VaryP,P,512,"N=7 K=3",-1
2026-05-17T00:16:59,VaryN,N,513,"K=3 P=7",-1
2026-05-17T00:16:59,VaryK,K,512,"N=7 P=7",438.404
2026-05-17T00:16:59,VaryP,P,513,"N=7 K=3",-1
2026-05-17T00:16:59,VaryN,N,514,"K=3 P=7",-1
2026-05-17T00:16:59,VaryK,K,513,"N=7 P=7",448.635
2026-05-17T00:16:59,VaryP,P,514,"N=7 K=3",-1
2026-05-17T00:16:59,VaryN,N,515,"K=3 P=7",-1
2026-05-17T00:17:00,VaryK,K,514,"N=7 P=7",464.052
2026-05-17T00:17:00,VaryP,P,515,"N=7 K=3",-1
2026-05-17T00:17:00,VaryN,N,516,"K=3 P=7",-1
2026-05-17T00:17:00,VaryK,K,515,"N=7 P=7",445.918
2026-05-17T00:17:00,VaryP,P,516,"N=7 K=3",-1
2026-05-17T00:17:00,VaryN,N,517,"K=3 P=7",-1
2026-05-17T00:17:01,VaryK,K,516,"N=7 P=7",450.46
2026-05-17T00:17:01,VaryP,P,517,"N=7 K=3",-1
2026-05-17T00:17:01,VaryN,N,518,"K=3 P=7",-1
2026-05-17T00:17:01,VaryK,K,517,"N=7 P=7",444.293
2026-05-17T00:17:01,VaryP,P,518,"N=7 K=3",-1
2026-05-17T00:17:01,VaryN,N,519,"K=3 P=7",-1
2026-05-17T00:17:02,VaryK,K,518,"N=7 P=7",441.638
2026-05-17T00:17:02,VaryP,P,519,"N=7 K=3",-1
2026-05-17T00:17:02,VaryN,N,520,"K=3 P=7",-1
2026-05-17T00:17:02,VaryK,K,519,"N=7 P=7",445.028
2026-05-17T00:17:02,VaryP,P,520,"N=7 K=3",-1
2026-05-17T00:17:02,VaryN,N,521,"K=3 P=7",-1
2026-05-17T00:17:03,VaryK,K,520,"N=7 P=7",450.788
2026-05-17T00:17:03,VaryP,P,521,"N=7 K=3",-1
2026-05-17T00:17:03,VaryN,N,522,"K=3 P=7",-1
2026-05-17T00:17:03,VaryK,K,521,"N=7 P=7",462.098
2026-05-17T00:17:03,VaryP,P,522,"N=7 K=3",-1
2026-05-17T00:17:03,VaryN,N,523,"K=3 P=7",-1
2026-05-17T00:17:04,VaryK,K,522,"N=7 P=7",462.994
2026-05-17T00:17:04,VaryP,P,523,"N=7 K=3",-1
2026-05-17T00:17:04,VaryN,N,524,"K=3 P=7",-1
2026-05-17T00:17:04,VaryK,K,523,"N=7 P=7",451.003
2026-05-17T00:17:04,VaryP,P,524,"N=7 K=3",-1
2026-05-17T00:17:04,VaryN,N,525,"K=3 P=7",-1
2026-05-17T00:17:04,VaryK,K,524,"N=7 P=7",467.882
2026-05-17T00:17:04,VaryP,P,525,"N=7 K=3",-1
2026-05-17T00:17:04,VaryN,N,526,"K=3 P=7",-1
2026-05-17T00:17:05,VaryK,K,525,"N=7 P=7",448.336
2026-05-17T00:17:05,VaryP,P,526,"N=7 K=3",-1
2026-05-17T00:17:05,VaryN,N,527,"K=3 P=7",-1
2026-05-17T00:17:05,VaryK,K,526,"N=7 P=7",455.618
2026-05-17T00:17:05,VaryP,P,527,"N=7 K=3",-1
2026-05-17T00:17:05,VaryN,N,528,"K=3 P=7",-1
2026-05-17T00:17:06,VaryK,K,527,"N=7 P=7",452.37
2026-05-17T00:17:06,VaryP,P,528,"N=7 K=3",-1
2026-05-17T00:17:06,VaryN,N,529,"K=3 P=7",-1
2026-05-17T00:17:06,VaryK,K,528,"N=7 P=7",442.566
2026-05-17T00:17:06,VaryP,P,529,"N=7 K=3",-1
2026-05-17T00:17:06,VaryN,N,530,"K=3 P=7",-1
2026-05-17T00:17:07,VaryK,K,529,"N=7 P=7",450.208
2026-05-17T00:17:07,VaryP,P,530,"N=7 K=3",-1
2026-05-17T00:17:07,VaryN,N,531,"K=3 P=7",-1
2026-05-17T00:17:07,VaryK,K,530,"N=7 P=7",453.411
2026-05-17T00:17:07,VaryP,P,531,"N=7 K=3",-1
2026-05-17T00:17:07,VaryN,N,532,"K=3 P=7",-1
2026-05-17T00:17:08,VaryK,K,531,"N=7 P=7",457.377
2026-05-17T00:17:08,VaryP,P,532,"N=7 K=3",-1
2026-05-17T00:17:08,VaryN,N,533,"K=3 P=7",-1
2026-05-17T00:17:08,VaryK,K,532,"N=7 P=7",446.363
2026-05-17T00:17:08,VaryP,P,533,"N=7 K=3",-1
2026-05-17T00:17:08,VaryN,N,534,"K=3 P=7",-1
2026-05-17T00:17:09,VaryK,K,533,"N=7 P=7",443.163
2026-05-17T00:17:09,VaryP,P,534,"N=7 K=3",-1
2026-05-17T00:17:09,VaryN,N,535,"K=3 P=7",-1
2026-05-17T00:17:09,VaryK,K,534,"N=7 P=7",444.265
2026-05-17T00:17:09,VaryP,P,535,"N=7 K=3",-1
2026-05-17T00:17:09,VaryN,N,536,"K=3 P=7",-1
2026-05-17T00:17:10,VaryK,K,535,"N=7 P=7",464.281
2026-05-17T00:17:10,VaryP,P,536,"N=7 K=3",-1
2026-05-17T00:17:10,VaryN,N,537,"K=3 P=7",-1
2026-05-17T00:17:10,VaryK,K,536,"N=7 P=7",456.057
2026-05-17T00:17:10,VaryP,P,537,"N=7 K=3",-1
2026-05-17T00:17:10,VaryN,N,538,"K=3 P=7",-1
2026-05-17T00:17:10,VaryK,K,537,"N=7 P=7",447.957
2026-05-17T00:17:10,VaryP,P,538,"N=7 K=3",-1
2026-05-17T00:17:10,VaryN,N,539,"K=3 P=7",-1
2026-05-17T00:17:11,VaryK,K,538,"N=7 P=7",443.691
2026-05-17T00:17:11,VaryP,P,539,"N=7 K=3",-1
2026-05-17T00:17:11,VaryN,N,540,"K=3 P=7",-1
2026-05-17T00:17:11,VaryK,K,539,"N=7 P=7",447.453
2026-05-17T00:17:11,VaryP,P,540,"N=7 K=3",-1
2026-05-17T00:17:11,VaryN,N,541,"K=3 P=7",-1
2026-05-17T00:17:12,VaryK,K,540,"N=7 P=7",439.134
2026-05-17T00:17:12,VaryP,P,541,"N=7 K=3",-1
2026-05-17T00:17:12,VaryN,N,542,"K=3 P=7",-1
2026-05-17T00:17:12,VaryK,K,541,"N=7 P=7",455.2
2026-05-17T00:17:12,VaryP,P,542,"N=7 K=3",-1
2026-05-17T00:17:12,VaryN,N,543,"K=3 P=7",-1
2026-05-17T00:17:13,VaryK,K,542,"N=7 P=7",449.787
2026-05-17T00:17:13,VaryP,P,543,"N=7 K=3",-1
2026-05-17T00:17:13,VaryN,N,544,"K=3 P=7",-1
2026-05-17T00:17:13,VaryK,K,543,"N=7 P=7",451.081
2026-05-17T00:17:13,VaryP,P,544,"N=7 K=3",-1
2026-05-17T00:17:13,VaryN,N,545,"K=3 P=7",-1
2026-05-17T00:17:14,VaryK,K,544,"N=7 P=7",448.251
2026-05-17T00:17:14,VaryP,P,545,"N=7 K=3",-1
2026-05-17T00:17:14,VaryN,N,546,"K=3 P=7",-1
2026-05-17T00:17:14,VaryK,K,545,"N=7 P=7",456.169
2026-05-17T00:17:14,VaryP,P,546,"N=7 K=3",-1
2026-05-17T00:17:14,VaryN,N,547,"K=3 P=7",-1
2026-05-17T00:17:15,VaryK,K,546,"N=7 P=7",460.338
2026-05-17T00:17:15,VaryP,P,547,"N=7 K=3",-1
2026-05-17T00:17:15,VaryN,N,548,"K=3 P=7",-1
2026-05-17T00:17:15,VaryK,K,547,"N=7 P=7",443.271
2026-05-17T00:17:15,VaryP,P,548,"N=7 K=3",-1
2026-05-17T00:17:15,VaryN,N,549,"K=3 P=7",-1
2026-05-17T00:17:15,VaryK,K,548,"N=7 P=7",456.011
2026-05-17T00:17:15,VaryP,P,549,"N=7 K=3",-1
2026-05-17T00:17:15,VaryN,N,550,"K=3 P=7",-1
2026-05-17T00:17:16,VaryK,K,549,"N=7 P=7",471.699
2026-05-17T00:17:16,VaryP,P,550,"N=7 K=3",-1
2026-05-17T00:17:16,VaryN,N,551,"K=3 P=7",-1
2026-05-17T00:17:16,VaryK,K,550,"N=7 P=7",498.331
2026-05-17T00:17:16,VaryP,P,551,"N=7 K=3",-1
2026-05-17T00:17:16,VaryN,N,552,"K=3 P=7",-1
2026-05-17T00:17:17,VaryK,K,551,"N=7 P=7",489.849
2026-05-17T00:17:17,VaryP,P,552,"N=7 K=3",-1
2026-05-17T00:17:17,VaryN,N,553,"K=3 P=7",-1
2026-05-17T00:17:17,VaryK,K,552,"N=7 P=7",486.092
2026-05-17T00:17:17,VaryP,P,553,"N=7 K=3",-1
2026-05-17T00:17:17,VaryN,N,554,"K=3 P=7",-1
2026-05-17T00:17:18,VaryK,K,553,"N=7 P=7",452.73
2026-05-17T00:17:18,VaryP,P,554,"N=7 K=3",-1
2026-05-17T00:17:18,VaryN,N,555,"K=3 P=7",-1
2026-05-17T00:17:18,VaryK,K,554,"N=7 P=7",461.635
2026-05-17T00:17:18,VaryP,P,555,"N=7 K=3",-1
2026-05-17T00:17:18,VaryN,N,556,"K=3 P=7",-1
2026-05-17T00:17:19,VaryK,K,555,"N=7 P=7",444.944
2026-05-17T00:17:19,VaryP,P,556,"N=7 K=3",-1
2026-05-17T00:17:19,VaryN,N,557,"K=3 P=7",-1
2026-05-17T00:17:19,VaryK,K,556,"N=7 P=7",446.767
2026-05-17T00:17:19,VaryP,P,557,"N=7 K=3",-1
2026-05-17T00:17:19,VaryN,N,558,"K=3 P=7",-1
2026-05-17T00:17:20,VaryK,K,557,"N=7 P=7",447.69
2026-05-17T00:17:20,VaryP,P,558,"N=7 K=3",-1
2026-05-17T00:17:20,VaryN,N,559,"K=3 P=7",-1
2026-05-17T00:17:20,VaryK,K,558,"N=7 P=7",447.483
2026-05-17T00:17:20,VaryP,P,559,"N=7 K=3",-1
2026-05-17T00:17:20,VaryN,N,560,"K=3 P=7",-1
2026-05-17T00:17:21,VaryK,K,559,"N=7 P=7",455.134
2026-05-17T00:17:21,VaryP,P,560,"N=7 K=3",-1
2026-05-17T00:17:21,VaryN,N,561,"K=3 P=7",-1
2026-05-17T00:17:21,VaryK,K,560,"N=7 P=7",443.823
2026-05-17T00:17:21,VaryP,P,561,"N=7 K=3",-1
2026-05-17T00:17:21,VaryN,N,562,"K=3 P=7",-1
2026-05-17T00:17:22,VaryK,K,561,"N=7 P=7",453.005
2026-05-17T00:17:22,VaryP,P,562,"N=7 K=3",-1
2026-05-17T00:17:22,VaryN,N,563,"K=3 P=7",-1
2026-05-17T00:17:22,VaryK,K,562,"N=7 P=7",450.812
2026-05-17T00:17:22,VaryP,P,563,"N=7 K=3",-1
2026-05-17T00:17:22,VaryN,N,564,"K=3 P=7",-1
2026-05-17T00:17:22,VaryK,K,563,"N=7 P=7",448.248
2026-05-17T00:17:22,VaryP,P,564,"N=7 K=3",-1
2026-05-17T00:17:22,VaryN,N,565,"K=3 P=7",-1
2026-05-17T00:17:23,VaryK,K,564,"N=7 P=7",442.077
2026-05-17T00:17:23,VaryP,P,565,"N=7 K=3",-1
2026-05-17T00:17:23,VaryN,N,566,"K=3 P=7",-1
2026-05-17T00:17:23,VaryK,K,565,"N=7 P=7",458.923
2026-05-17T00:17:23,VaryP,P,566,"N=7 K=3",-1
2026-05-17T00:17:23,VaryN,N,567,"K=3 P=7",-1
2026-05-17T00:17:24,VaryK,K,566,"N=7 P=7",455.296
2026-05-17T00:17:24,VaryP,P,567,"N=7 K=3",-1
2026-05-17T00:17:24,VaryN,N,568,"K=3 P=7",-1
2026-05-17T00:17:24,VaryK,K,567,"N=7 P=7",446.701
2026-05-17T00:17:24,VaryP,P,568,"N=7 K=3",-1
2026-05-17T00:17:24,VaryN,N,569,"K=3 P=7",-1
2026-05-17T00:17:25,VaryK,K,568,"N=7 P=7",445.474
2026-05-17T00:17:25,VaryP,P,569,"N=7 K=3",-1
2026-05-17T00:17:25,VaryN,N,570,"K=3 P=7",-1
2026-05-17T00:17:25,VaryK,K,569,"N=7 P=7",442.758
2026-05-17T00:17:25,VaryP,P,570,"N=7 K=3",-1
2026-05-17T00:17:25,VaryN,N,571,"K=3 P=7",-1
2026-05-17T00:17:26,VaryK,K,570,"N=7 P=7",451.858
2026-05-17T00:17:26,VaryP,P,571,"N=7 K=3",-1
2026-05-17T00:17:26,VaryN,N,572,"K=3 P=7",-1
2026-05-17T00:17:26,VaryK,K,571,"N=7 P=7",435.353
2026-05-17T00:17:26,VaryP,P,572,"N=7 K=3",-1
2026-05-17T00:17:26,VaryN,N,573,"K=3 P=7",-1
2026-05-17T00:17:27,VaryK,K,572,"N=7 P=7",444.622
2026-05-17T00:17:27,VaryP,P,573,"N=7 K=3",-1
2026-05-17T00:17:27,VaryN,N,574,"K=3 P=7",-1
2026-05-17T00:17:27,VaryK,K,573,"N=7 P=7",442.827
2026-05-17T00:17:27,VaryP,P,574,"N=7 K=3",-1
2026-05-17T00:17:27,VaryN,N,575,"K=3 P=7",-1
2026-05-17T00:17:27,VaryK,K,574,"N=7 P=7",453.216
2026-05-17T00:17:27,VaryP,P,575,"N=7 K=3",-1
2026-05-17T00:17:27,VaryN,N,576,"K=3 P=7",-1
2026-05-17T00:17:28,VaryK,K,575,"N=7 P=7",438.663
2026-05-17T00:17:28,VaryP,P,576,"N=7 K=3",-1
2026-05-17T00:17:28,VaryN,N,577,"K=3 P=7",-1
2026-05-17T00:17:28,VaryK,K,576,"N=7 P=7",460.769
2026-05-17T00:17:28,VaryP,P,577,"N=7 K=3",-1
2026-05-17T00:17:28,VaryN,N,578,"K=3 P=7",-1
2026-05-17T00:17:29,VaryK,K,577,"N=7 P=7",445.001
2026-05-17T00:17:29,VaryP,P,578,"N=7 K=3",-1
2026-05-17T00:17:29,VaryN,N,579,"K=3 P=7",-1
2026-05-17T00:17:29,VaryK,K,578,"N=7 P=7",434.81
2026-05-17T00:17:29,VaryP,P,579,"N=7 K=3",-1
2026-05-17T00:17:29,VaryN,N,580,"K=3 P=7",-1
2026-05-17T00:17:30,VaryK,K,579,"N=7 P=7",439.915
2026-05-17T00:17:30,VaryP,P,580,"N=7 K=3",-1
2026-05-17T00:17:30,VaryN,N,581,"K=3 P=7",-1
2026-05-17T00:17:30,VaryK,K,580,"N=7 P=7",444.2
2026-05-17T00:17:30,VaryP,P,581,"N=7 K=3",-1
2026-05-17T00:17:30,VaryN,N,582,"K=3 P=7",-1
2026-05-17T00:17:31,VaryK,K,581,"N=7 P=7",445.693
2026-05-17T00:17:31,VaryP,P,582,"N=7 K=3",-1
2026-05-17T00:17:31,VaryN,N,583,"K=3 P=7",-1
2026-05-17T00:17:31,VaryK,K,582,"N=7 P=7",445.78
2026-05-17T00:17:31,VaryP,P,583,"N=7 K=3",-1
2026-05-17T00:17:31,VaryN,N,584,"K=3 P=7",-1
2026-05-17T00:17:32,VaryK,K,583,"N=7 P=7",449.648
2026-05-17T00:17:32,VaryP,P,584,"N=7 K=3",-1
2026-05-17T00:17:32,VaryN,N,585,"K=3 P=7",-1
2026-05-17T00:17:32,VaryK,K,584,"N=7 P=7",453.044
2026-05-17T00:17:32,VaryP,P,585,"N=7 K=3",-1
2026-05-17T00:17:32,VaryN,N,586,"K=3 P=7",-1
2026-05-17T00:17:32,VaryK,K,585,"N=7 P=7",443.157
2026-05-17T00:17:32,VaryP,P,586,"N=7 K=3",-1
2026-05-17T00:17:32,VaryN,N,587,"K=3 P=7",-1
2026-05-17T00:17:33,VaryK,K,586,"N=7 P=7",447.155
2026-05-17T00:17:33,VaryP,P,587,"N=7 K=3",-1
2026-05-17T00:17:33,VaryN,N,588,"K=3 P=7",-1
2026-05-17T00:17:33,VaryK,K,587,"N=7 P=7",453.166
2026-05-17T00:17:33,VaryP,P,588,"N=7 K=3",-1
2026-05-17T00:17:33,VaryN,N,589,"K=3 P=7",-1
2026-05-17T00:17:34,VaryK,K,588,"N=7 P=7",442.775
2026-05-17T00:17:34,VaryP,P,589,"N=7 K=3",-1
2026-05-17T00:17:34,VaryN,N,590,"K=3 P=7",-1
2026-05-17T00:17:34,VaryK,K,589,"N=7 P=7",441.522
2026-05-17T00:17:34,VaryP,P,590,"N=7 K=3",-1
2026-05-17T00:17:34,VaryN,N,591,"K=3 P=7",-1
2026-05-17T00:17:35,VaryK,K,590,"N=7 P=7",448.234
2026-05-17T00:17:35,VaryP,P,591,"N=7 K=3",-1
2026-05-17T00:17:35,VaryN,N,592,"K=3 P=7",-1
2026-05-17T00:17:35,VaryK,K,591,"N=7 P=7",443.376
2026-05-17T00:17:35,VaryP,P,592,"N=7 K=3",-1
2026-05-17T00:17:35,VaryN,N,593,"K=3 P=7",-1
2026-05-17T00:17:36,VaryK,K,592,"N=7 P=7",448.17
2026-05-17T00:17:36,VaryP,P,593,"N=7 K=3",-1
2026-05-17T00:17:36,VaryN,N,594,"K=3 P=7",-1
2026-05-17T00:17:36,VaryK,K,593,"N=7 P=7",437.095
2026-05-17T00:17:36,VaryP,P,594,"N=7 K=3",-1
2026-05-17T00:17:36,VaryN,N,595,"K=3 P=7",-1
2026-05-17T00:17:37,VaryK,K,594,"N=7 P=7",447.664
2026-05-17T00:17:37,VaryP,P,595,"N=7 K=3",-1
2026-05-17T00:17:37,VaryN,N,596,"K=3 P=7",-1
2026-05-17T00:17:37,VaryK,K,595,"N=7 P=7",449.289
2026-05-17T00:17:37,VaryP,P,596,"N=7 K=3",-1
2026-05-17T00:17:37,VaryN,N,597,"K=3 P=7",-1
2026-05-17T00:17:37,VaryK,K,596,"N=7 P=7",438.831
2026-05-17T00:17:37,VaryP,P,597,"N=7 K=3",-1
2026-05-17T00:17:37,VaryN,N,598,"K=3 P=7",-1
2026-05-17T00:17:38,VaryK,K,597,"N=7 P=7",450.364
2026-05-17T00:17:38,VaryP,P,598,"N=7 K=3",-1
2026-05-17T00:17:38,VaryN,N,599,"K=3 P=7",-1
2026-05-17T00:17:38,VaryK,K,598,"N=7 P=7",443.408
2026-05-17T00:17:38,VaryP,P,599,"N=7 K=3",-1
2026-05-17T00:17:38,VaryN,N,600,"K=3 P=7",-1
2026-05-17T00:17:39,VaryK,K,599,"N=7 P=7",446.908
2026-05-17T00:17:39,VaryP,P,600,"N=7 K=3",-1
2026-05-17T00:17:39,VaryN,N,601,"K=3 P=7",-1
2026-05-17T00:17:39,VaryK,K,600,"N=7 P=7",445.993
2026-05-17T00:17:39,VaryP,P,601,"N=7 K=3",-1
2026-05-17T00:17:39,VaryN,N,602,"K=3 P=7",-1
2026-05-17T00:17:40,VaryK,K,601,"N=7 P=7",448.935
2026-05-17T00:17:40,VaryP,P,602,"N=7 K=3",-1
2026-05-17T00:17:40,VaryN,N,603,"K=3 P=7",-1
2026-05-17T00:17:40,VaryK,K,602,"N=7 P=7",438.57
2026-05-17T00:17:40,VaryP,P,603,"N=7 K=3",-1
2026-05-17T00:17:40,VaryN,N,604,"K=3 P=7",-1
2026-05-17T00:17:41,VaryK,K,603,"N=7 P=7",441.44
2026-05-17T00:17:41,VaryP,P,604,"N=7 K=3",-1
2026-05-17T00:17:41,VaryN,N,605,"K=3 P=7",-1
2026-05-17T00:17:41,VaryK,K,604,"N=7 P=7",440.433
2026-05-17T00:17:41,VaryP,P,605,"N=7 K=3",-1
2026-05-17T00:17:41,VaryN,N,606,"K=3 P=7",-1
2026-05-17T00:17:41,VaryK,K,605,"N=7 P=7",449.157
2026-05-17T00:17:41,VaryP,P,606,"N=7 K=3",-1
2026-05-17T00:17:41,VaryN,N,607,"K=3 P=7",-1
2026-05-17T00:17:42,VaryK,K,606,"N=7 P=7",439.524
2026-05-17T00:17:42,VaryP,P,607,"N=7 K=3",-1
2026-05-17T00:17:42,VaryN,N,608,"K=3 P=7",-1
2026-05-17T00:17:42,VaryK,K,607,"N=7 P=7",445.455
2026-05-17T00:17:42,VaryP,P,608,"N=7 K=3",-1
2026-05-17T00:17:42,VaryN,N,609,"K=3 P=7",-1
2026-05-17T00:17:43,VaryK,K,608,"N=7 P=7",439.935
2026-05-17T00:17:43,VaryP,P,609,"N=7 K=3",-1
2026-05-17T00:17:43,VaryN,N,610,"K=3 P=7",-1
2026-05-17T00:17:43,VaryK,K,609,"N=7 P=7",440.566
2026-05-17T00:17:43,VaryP,P,610,"N=7 K=3",-1
2026-05-17T00:17:43,VaryN,N,611,"K=3 P=7",-1
2026-05-17T00:17:44,VaryK,K,610,"N=7 P=7",458.457
2026-05-17T00:17:44,VaryP,P,611,"N=7 K=3",-1
2026-05-17T00:17:44,VaryN,N,612,"K=3 P=7",-1
2026-05-17T00:17:44,VaryK,K,611,"N=7 P=7",437.393
2026-05-17T00:17:44,VaryP,P,612,"N=7 K=3",-1
2026-05-17T00:17:44,VaryN,N,613,"K=3 P=7",-1
2026-05-17T00:17:45,VaryK,K,612,"N=7 P=7",454.952
2026-05-17T00:17:45,VaryP,P,613,"N=7 K=3",-1
2026-05-17T00:17:45,VaryN,N,614,"K=3 P=7",-1
2026-05-17T00:17:45,VaryK,K,613,"N=7 P=7",440.372
2026-05-17T00:17:45,VaryP,P,614,"N=7 K=3",-1
2026-05-17T00:17:45,VaryN,N,615,"K=3 P=7",-1
2026-05-17T00:17:46,VaryK,K,614,"N=7 P=7",467.663
2026-05-17T00:17:46,VaryP,P,615,"N=7 K=3",-1
2026-05-17T00:17:46,VaryN,N,616,"K=3 P=7",-1
2026-05-17T00:17:46,VaryK,K,615,"N=7 P=7",456.892
2026-05-17T00:17:46,VaryP,P,616,"N=7 K=3",-1
2026-05-17T00:17:46,VaryN,N,617,"K=3 P=7",-1
2026-05-17T00:17:47,VaryK,K,616,"N=7 P=7",527.953
2026-05-17T00:17:47,VaryP,P,617,"N=7 K=3",-1
2026-05-17T00:17:47,VaryN,N,618,"K=3 P=7",-1
2026-05-17T00:17:47,VaryK,K,617,"N=7 P=7",504.764
2026-05-17T00:17:47,VaryP,P,618,"N=7 K=3",-1
2026-05-17T00:17:47,VaryN,N,619,"K=3 P=7",-1
2026-05-17T00:17:48,VaryK,K,618,"N=7 P=7",469.776
2026-05-17T00:17:48,VaryP,P,619,"N=7 K=3",-1
2026-05-17T00:17:48,VaryN,N,620,"K=3 P=7",-1
2026-05-17T00:17:48,VaryK,K,619,"N=7 P=7",442.267
2026-05-17T00:17:48,VaryP,P,620,"N=7 K=3",-1
2026-05-17T00:17:48,VaryN,N,621,"K=3 P=7",-1
2026-05-17T00:17:48,VaryK,K,620,"N=7 P=7",447.377
2026-05-17T00:17:48,VaryP,P,621,"N=7 K=3",-1
2026-05-17T00:17:48,VaryN,N,622,"K=3 P=7",-1
2026-05-17T00:17:49,VaryK,K,621,"N=7 P=7",450.29
2026-05-17T00:17:49,VaryP,P,622,"N=7 K=3",-1
2026-05-17T00:17:49,VaryN,N,623,"K=3 P=7",-1
2026-05-17T00:17:49,VaryK,K,622,"N=7 P=7",449.196
2026-05-17T00:17:49,VaryP,P,623,"N=7 K=3",-1
2026-05-17T00:17:49,VaryN,N,624,"K=3 P=7",-1
2026-05-17T00:17:50,VaryK,K,623,"N=7 P=7",442.201
2026-05-17T00:17:50,VaryP,P,624,"N=7 K=3",-1
2026-05-17T00:17:50,VaryN,N,625,"K=3 P=7",-1
2026-05-17T00:17:50,VaryK,K,624,"N=7 P=7",453.005
2026-05-17T00:17:50,VaryP,P,625,"N=7 K=3",-1
2026-05-17T00:17:50,VaryN,N,626,"K=3 P=7",-1
2026-05-17T00:17:51,VaryK,K,625,"N=7 P=7",451.732
2026-05-17T00:17:51,VaryP,P,626,"N=7 K=3",-1
2026-05-17T00:17:51,VaryN,N,627,"K=3 P=7",-1
2026-05-17T00:17:51,VaryK,K,626,"N=7 P=7",442.541
2026-05-17T00:17:51,VaryP,P,627,"N=7 K=3",-1
2026-05-17T00:17:51,VaryN,N,628,"K=3 P=7",-1
2026-05-17T00:17:52,VaryK,K,627,"N=7 P=7",443.979
2026-05-17T00:17:52,VaryP,P,628,"N=7 K=3",-1
2026-05-17T00:17:52,VaryN,N,629,"K=3 P=7",-1
2026-05-17T00:17:52,VaryK,K,628,"N=7 P=7",443.59
2026-05-17T00:17:52,VaryP,P,629,"N=7 K=3",-1
2026-05-17T00:17:52,VaryN,N,630,"K=3 P=7",-1
2026-05-17T00:17:53,VaryK,K,629,"N=7 P=7",448.208
2026-05-17T00:17:53,VaryP,P,630,"N=7 K=3",-1
2026-05-17T00:17:53,VaryN,N,631,"K=3 P=7",-1
2026-05-17T00:17:53,VaryK,K,630,"N=7 P=7",447.411
2026-05-17T00:17:53,VaryP,P,631,"N=7 K=3",-1
2026-05-17T00:17:53,VaryN,N,632,"K=3 P=7",-1
2026-05-17T00:17:53,VaryK,K,631,"N=7 P=7",451.225
2026-05-17T00:17:53,VaryP,P,632,"N=7 K=3",-1
2026-05-17T00:17:53,VaryN,N,633,"K=3 P=7",-1
2026-05-17T00:17:54,VaryK,K,632,"N=7 P=7",447.405
2026-05-17T00:17:54,VaryP,P,633,"N=7 K=3",-1
2026-05-17T00:17:54,VaryN,N,634,"K=3 P=7",-1
2026-05-17T00:17:54,VaryK,K,633,"N=7 P=7",451.415
2026-05-17T00:17:54,VaryP,P,634,"N=7 K=3",-1
2026-05-17T00:17:54,VaryN,N,635,"K=3 P=7",-1
2026-05-17T00:17:55,VaryK,K,634,"N=7 P=7",449.608
2026-05-17T00:17:55,VaryP,P,635,"N=7 K=3",-1
2026-05-17T00:17:55,VaryN,N,636,"K=3 P=7",-1
2026-05-17T00:17:55,VaryK,K,635,"N=7 P=7",447.272
2026-05-17T00:17:55,VaryP,P,636,"N=7 K=3",-1
2026-05-17T00:17:55,VaryN,N,637,"K=3 P=7",-1
2026-05-17T00:17:56,VaryK,K,636,"N=7 P=7",456.93
2026-05-17T00:17:56,VaryP,P,637,"N=7 K=3",-1
2026-05-17T00:17:56,VaryN,N,638,"K=3 P=7",-1
2026-05-17T00:17:56,VaryK,K,637,"N=7 P=7",447.282
2026-05-17T00:17:56,VaryP,P,638,"N=7 K=3",-1
2026-05-17T00:17:56,VaryN,N,639,"K=3 P=7",-1
2026-05-17T00:17:57,VaryK,K,638,"N=7 P=7",468.368
2026-05-17T00:17:57,VaryP,P,639,"N=7 K=3",-1
2026-05-17T00:17:57,VaryN,N,640,"K=3 P=7",-1
2026-05-17T00:17:57,VaryK,K,639,"N=7 P=7",453.345
2026-05-17T00:17:57,VaryP,P,640,"N=7 K=3",-1
2026-05-17T00:17:57,VaryN,N,641,"K=3 P=7",-1
2026-05-17T00:17:58,VaryK,K,640,"N=7 P=7",454.511
2026-05-17T00:17:58,VaryP,P,641,"N=7 K=3",-1
2026-05-17T00:17:58,VaryN,N,642,"K=3 P=7",-1
2026-05-17T00:17:58,VaryK,K,641,"N=7 P=7",442.278
2026-05-17T00:17:58,VaryP,P,642,"N=7 K=3",-1
2026-05-17T00:17:58,VaryN,N,643,"K=3 P=7",-1
2026-05-17T00:17:59,VaryK,K,642,"N=7 P=7",452.534
2026-05-17T00:17:59,VaryP,P,643,"N=7 K=3",-1
2026-05-17T00:17:59,VaryN,N,644,"K=3 P=7",-1
2026-05-17T00:17:59,VaryK,K,643,"N=7 P=7",449.256
2026-05-17T00:17:59,VaryP,P,644,"N=7 K=3",-1
2026-05-17T00:17:59,VaryN,N,645,"K=3 P=7",-1
2026-05-17T00:17:59,VaryK,K,644,"N=7 P=7",446.865
2026-05-17T00:17:59,VaryP,P,645,"N=7 K=3",-1
2026-05-17T00:17:59,VaryN,N,646,"K=3 P=7",-1
2026-05-17T00:18:00,VaryK,K,645,"N=7 P=7",438.787
2026-05-17T00:18:00,VaryP,P,646,"N=7 K=3",-1
2026-05-17T00:18:00,VaryN,N,647,"K=3 P=7",-1
2026-05-17T00:18:00,VaryK,K,646,"N=7 P=7",458.693
2026-05-17T00:18:00,VaryP,P,647,"N=7 K=3",-1
2026-05-17T00:18:00,VaryN,N,648,"K=3 P=7",-1
2026-05-17T00:18:01,VaryK,K,647,"N=7 P=7",468.967
2026-05-17T00:18:01,VaryP,P,648,"N=7 K=3",-1
2026-05-17T00:18:01,VaryN,N,649,"K=3 P=7",-1
2026-05-17T00:18:01,VaryK,K,648,"N=7 P=7",458.358
2026-05-17T00:18:01,VaryP,P,649,"N=7 K=3",-1
2026-05-17T00:18:01,VaryN,N,650,"K=3 P=7",-1
2026-05-17T00:18:02,VaryK,K,649,"N=7 P=7",456.785
2026-05-17T00:18:02,VaryP,P,650,"N=7 K=3",-1
2026-05-17T00:18:02,VaryN,N,651,"K=3 P=7",-1
2026-05-17T00:18:02,VaryK,K,650,"N=7 P=7",459.581
2026-05-17T00:18:02,VaryP,P,651,"N=7 K=3",-1
2026-05-17T00:18:02,VaryN,N,652,"K=3 P=7",-1
2026-05-17T00:18:03,VaryK,K,651,"N=7 P=7",490.165
2026-05-17T00:18:03,VaryP,P,652,"N=7 K=3",-1
2026-05-17T00:18:03,VaryN,N,653,"K=3 P=7",-1
2026-05-17T00:18:03,VaryK,K,652,"N=7 P=7",444.879
2026-05-17T00:18:03,VaryP,P,653,"N=7 K=3",-1
2026-05-17T00:18:03,VaryN,N,654,"K=3 P=7",-1
2026-05-17T00:18:04,VaryK,K,653,"N=7 P=7",449.564
2026-05-17T00:18:04,VaryP,P,654,"N=7 K=3",-1
2026-05-17T00:18:04,VaryN,N,655,"K=3 P=7",-1
2026-05-17T00:18:04,VaryK,K,654,"N=7 P=7",452.873
2026-05-17T00:18:04,VaryP,P,655,"N=7 K=3",-1
2026-05-17T00:18:04,VaryN,N,656,"K=3 P=7",-1
2026-05-17T00:18:05,VaryK,K,655,"N=7 P=7",456.901
2026-05-17T00:18:05,VaryP,P,656,"N=7 K=3",-1
2026-05-17T00:18:05,VaryN,N,657,"K=3 P=7",-1
2026-05-17T00:18:05,VaryK,K,656,"N=7 P=7",449.048
2026-05-17T00:18:05,VaryP,P,657,"N=7 K=3",-1
2026-05-17T00:18:05,VaryN,N,658,"K=3 P=7",-1
2026-05-17T00:18:05,VaryK,K,657,"N=7 P=7",446.627
2026-05-17T00:18:05,VaryP,P,658,"N=7 K=3",-1
2026-05-17T00:18:05,VaryN,N,659,"K=3 P=7",-1
2026-05-17T00:18:06,VaryK,K,658,"N=7 P=7",451.125
2026-05-17T00:18:06,VaryP,P,659,"N=7 K=3",-1
2026-05-17T00:18:06,VaryN,N,660,"K=3 P=7",-1
2026-05-17T00:18:06,VaryK,K,659,"N=7 P=7",441.747
2026-05-17T00:18:06,VaryP,P,660,"N=7 K=3",-1
2026-05-17T00:18:06,VaryN,N,661,"K=3 P=7",-1
2026-05-17T00:18:07,VaryK,K,660,"N=7 P=7",446.457
2026-05-17T00:18:07,VaryP,P,661,"N=7 K=3",-1
2026-05-17T00:18:07,VaryN,N,662,"K=3 P=7",-1
2026-05-17T00:18:07,VaryK,K,661,"N=7 P=7",442.83
2026-05-17T00:18:07,VaryP,P,662,"N=7 K=3",-1
2026-05-17T00:18:07,VaryN,N,663,"K=3 P=7",-1
2026-05-17T00:18:08,VaryK,K,662,"N=7 P=7",442.786
2026-05-17T00:18:08,VaryP,P,663,"N=7 K=3",-1
2026-05-17T00:18:08,VaryN,N,664,"K=3 P=7",-1
2026-05-17T00:18:08,VaryK,K,663,"N=7 P=7",452.432
2026-05-17T00:18:08,VaryP,P,664,"N=7 K=3",-1
2026-05-17T00:18:08,VaryN,N,665,"K=3 P=7",-1
2026-05-17T00:18:09,VaryK,K,664,"N=7 P=7",460.486
2026-05-17T00:18:09,VaryP,P,665,"N=7 K=3",-1
2026-05-17T00:18:09,VaryN,N,666,"K=3 P=7",-1
2026-05-17T00:18:09,VaryK,K,665,"N=7 P=7",462.645
2026-05-17T00:18:09,VaryP,P,666,"N=7 K=3",-1
2026-05-17T00:18:09,VaryN,N,667,"K=3 P=7",-1
2026-05-17T00:18:10,VaryK,K,666,"N=7 P=7",445.488
2026-05-17T00:18:10,VaryP,P,667,"N=7 K=3",-1
2026-05-17T00:18:10,VaryN,N,668,"K=3 P=7",-1
2026-05-17T00:18:10,VaryK,K,667,"N=7 P=7",441.468
2026-05-17T00:18:10,VaryP,P,668,"N=7 K=3",-1
2026-05-17T00:18:10,VaryN,N,669,"K=3 P=7",-1
2026-05-17T00:18:10,VaryK,K,668,"N=7 P=7",449.972
2026-05-17T00:18:10,VaryP,P,669,"N=7 K=3",-1
2026-05-17T00:18:10,VaryN,N,670,"K=3 P=7",-1
2026-05-17T00:18:11,VaryK,K,669,"N=7 P=7",446.054
2026-05-17T00:18:11,VaryP,P,670,"N=7 K=3",-1
2026-05-17T00:18:11,VaryN,N,671,"K=3 P=7",-1
2026-05-17T00:18:11,VaryK,K,670,"N=7 P=7",445.072
2026-05-17T00:18:11,VaryP,P,671,"N=7 K=3",-1
2026-05-17T00:18:11,VaryN,N,672,"K=3 P=7",-1
2026-05-17T00:18:12,VaryK,K,671,"N=7 P=7",432.972
2026-05-17T00:18:12,VaryP,P,672,"N=7 K=3",-1
2026-05-17T00:18:12,VaryN,N,673,"K=3 P=7",-1
2026-05-17T00:18:12,VaryK,K,672,"N=7 P=7",437.673
2026-05-17T00:18:12,VaryP,P,673,"N=7 K=3",-1
2026-05-17T00:18:12,VaryN,N,674,"K=3 P=7",-1
2026-05-17T00:18:13,VaryK,K,673,"N=7 P=7",457.898
2026-05-17T00:18:13,VaryP,P,674,"N=7 K=3",-1
2026-05-17T00:18:13,VaryN,N,675,"K=3 P=7",-1
2026-05-17T00:18:13,VaryK,K,674,"N=7 P=7",451.958
2026-05-17T00:18:13,VaryP,P,675,"N=7 K=3",-1
2026-05-17T00:18:13,VaryN,N,676,"K=3 P=7",-1
2026-05-17T00:18:14,VaryK,K,675,"N=7 P=7",458.741
2026-05-17T00:18:14,VaryP,P,676,"N=7 K=3",-1
2026-05-17T00:18:14,VaryN,N,677,"K=3 P=7",-1
2026-05-17T00:18:14,VaryK,K,676,"N=7 P=7",445.59
2026-05-17T00:18:14,VaryP,P,677,"N=7 K=3",-1
2026-05-17T00:18:14,VaryN,N,678,"K=3 P=7",-1
2026-05-17T00:18:15,VaryK,K,677,"N=7 P=7",459.317
2026-05-17T00:18:15,VaryP,P,678,"N=7 K=3",-1
2026-05-17T00:18:15,VaryN,N,679,"K=3 P=7",-1
2026-05-17T00:18:15,VaryK,K,678,"N=7 P=7",438.394
2026-05-17T00:18:15,VaryP,P,679,"N=7 K=3",-1
2026-05-17T00:18:15,VaryN,N,680,"K=3 P=7",-1
2026-05-17T00:18:15,VaryK,K,679,"N=7 P=7",457.212
2026-05-17T00:18:15,VaryP,P,680,"N=7 K=3",-1
2026-05-17T00:18:15,VaryN,N,681,"K=3 P=7",-1
2026-05-17T00:18:16,VaryK,K,680,"N=7 P=7",459.164
2026-05-17T00:18:16,VaryP,P,681,"N=7 K=3",-1
2026-05-17T00:18:16,VaryN,N,682,"K=3 P=7",-1
2026-05-17T00:18:16,VaryK,K,681,"N=7 P=7",508.381
2026-05-17T00:18:16,VaryP,P,682,"N=7 K=3",-1
2026-05-17T00:18:16,VaryN,N,683,"K=3 P=7",-1
2026-05-17T00:18:17,VaryK,K,682,"N=7 P=7",481.595
2026-05-17T00:18:17,VaryP,P,683,"N=7 K=3",-1
2026-05-17T00:18:17,VaryN,N,684,"K=3 P=7",-1
2026-05-17T00:18:17,VaryK,K,683,"N=7 P=7",492.192
2026-05-17T00:18:17,VaryP,P,684,"N=7 K=3",-1
2026-05-17T00:18:17,VaryN,N,685,"K=3 P=7",-1
2026-05-17T00:18:18,VaryK,K,684,"N=7 P=7",443.759
2026-05-17T00:18:18,VaryP,P,685,"N=7 K=3",-1
2026-05-17T00:18:18,VaryN,N,686,"K=3 P=7",-1
2026-05-17T00:18:18,VaryK,K,685,"N=7 P=7",450.784
2026-05-17T00:18:18,VaryP,P,686,"N=7 K=3",-1
2026-05-17T00:18:18,VaryN,N,687,"K=3 P=7",-1
2026-05-17T00:18:19,VaryK,K,686,"N=7 P=7",448.185
2026-05-17T00:18:19,VaryP,P,687,"N=7 K=3",-1
2026-05-17T00:18:19,VaryN,N,688,"K=3 P=7",-1
2026-05-17T00:18:19,VaryK,K,687,"N=7 P=7",443.598
2026-05-17T00:18:19,VaryP,P,688,"N=7 K=3",-1
2026-05-17T00:18:19,VaryN,N,689,"K=3 P=7",-1
2026-05-17T00:18:20,VaryK,K,688,"N=7 P=7",450.536
2026-05-17T00:18:20,VaryP,P,689,"N=7 K=3",-1
2026-05-17T00:18:20,VaryN,N,690,"K=3 P=7",-1
2026-05-17T00:18:20,VaryK,K,689,"N=7 P=7",443.077
2026-05-17T00:18:20,VaryP,P,690,"N=7 K=3",-1
2026-05-17T00:18:20,VaryN,N,691,"K=3 P=7",-1
2026-05-17T00:18:21,VaryK,K,690,"N=7 P=7",461.05
2026-05-17T00:18:21,VaryP,P,691,"N=7 K=3",-1
2026-05-17T00:18:21,VaryN,N,692,"K=3 P=7",-1
2026-05-17T00:18:21,VaryK,K,691,"N=7 P=7",454.476
2026-05-17T00:18:21,VaryP,P,692,"N=7 K=3",-1
2026-05-17T00:18:21,VaryN,N,693,"K=3 P=7",-1
2026-05-17T00:18:22,VaryK,K,692,"N=7 P=7",450.333
2026-05-17T00:18:22,VaryP,P,693,"N=7 K=3",-1
2026-05-17T00:18:22,VaryN,N,694,"K=3 P=7",-1
2026-05-17T00:18:22,VaryK,K,693,"N=7 P=7",439.102
2026-05-17T00:18:22,VaryP,P,694,"N=7 K=3",-1
2026-05-17T00:18:22,VaryN,N,695,"K=3 P=7",-1
2026-05-17T00:18:22,VaryK,K,694,"N=7 P=7",444.277
2026-05-17T00:18:22,VaryP,P,695,"N=7 K=3",-1
2026-05-17T00:18:22,VaryN,N,696,"K=3 P=7",-1
2026-05-17T00:18:23,VaryK,K,695,"N=7 P=7",442.334
2026-05-17T00:18:23,VaryP,P,696,"N=7 K=3",-1
2026-05-17T00:18:23,VaryN,N,697,"K=3 P=7",-1
2026-05-17T00:18:23,VaryK,K,696,"N=7 P=7",444.03
2026-05-17T00:18:23,VaryP,P,697,"N=7 K=3",-1
2026-05-17T00:18:23,VaryN,N,698,"K=3 P=7",-1
2026-05-17T00:18:24,VaryK,K,697,"N=7 P=7",448.351
2026-05-17T00:18:24,VaryP,P,698,"N=7 K=3",-1
2026-05-17T00:18:24,VaryN,N,699,"K=3 P=7",-1
2026-05-17T00:18:24,VaryK,K,698,"N=7 P=7",444.489
2026-05-17T00:18:24,VaryP,P,699,"N=7 K=3",-1
2026-05-17T00:18:24,VaryN,N,700,"K=3 P=7",-1
2026-05-17T00:18:25,VaryK,K,699,"N=7 P=7",448.612
2026-05-17T00:18:25,VaryP,P,700,"N=7 K=3",-1
2026-05-17T00:18:25,VaryN,N,701,"K=3 P=7",-1
2026-05-17T00:18:25,VaryK,K,700,"N=7 P=7",452.32
2026-05-17T00:18:25,VaryP,P,701,"N=7 K=3",-1
2026-05-17T00:18:25,VaryN,N,702,"K=3 P=7",-1
2026-05-17T00:18:26,VaryK,K,701,"N=7 P=7",448.181
2026-05-17T00:18:26,VaryP,P,702,"N=7 K=3",-1
2026-05-17T00:18:26,VaryN,N,703,"K=3 P=7",-1
2026-05-17T00:18:26,VaryK,K,702,"N=7 P=7",449.154
2026-05-17T00:18:26,VaryP,P,703,"N=7 K=3",-1
2026-05-17T00:18:26,VaryN,N,704,"K=3 P=7",-1
2026-05-17T00:18:27,VaryK,K,703,"N=7 P=7",451.618
2026-05-17T00:18:27,VaryP,P,704,"N=7 K=3",-1
2026-05-17T00:18:27,VaryN,N,705,"K=3 P=7",-1
2026-05-17T00:18:27,VaryK,K,704,"N=7 P=7",438.31
2026-05-17T00:18:27,VaryP,P,705,"N=7 K=3",-1
2026-05-17T00:18:27,VaryN,N,706,"K=3 P=7",-1
2026-05-17T00:18:27,VaryK,K,705,"N=7 P=7",448.381
2026-05-17T00:18:27,VaryP,P,706,"N=7 K=3",-1
2026-05-17T00:18:27,VaryN,N,707,"K=3 P=7",-1
2026-05-17T00:18:28,VaryK,K,706,"N=7 P=7",449.31
2026-05-17T00:18:28,VaryP,P,707,"N=7 K=3",-1
2026-05-17T00:18:28,VaryN,N,708,"K=3 P=7",-1
2026-05-17T00:18:28,VaryK,K,707,"N=7 P=7",449.539
2026-05-17T00:18:28,VaryP,P,708,"N=7 K=3",-1
2026-05-17T00:18:28,VaryN,N,709,"K=3 P=7",-1
2026-05-17T00:18:29,VaryK,K,708,"N=7 P=7",449.085
2026-05-17T00:18:29,VaryP,P,709,"N=7 K=3",-1
2026-05-17T00:18:29,VaryN,N,710,"K=3 P=7",-1
2026-05-17T00:18:29,VaryK,K,709,"N=7 P=7",450.375
2026-05-17T00:18:29,VaryP,P,710,"N=7 K=3",-1
2026-05-17T00:18:29,VaryN,N,711,"K=3 P=7",-1
2026-05-17T00:18:30,VaryK,K,710,"N=7 P=7",450.631
2026-05-17T00:18:30,VaryP,P,711,"N=7 K=3",-1
2026-05-17T00:18:30,VaryN,N,712,"K=3 P=7",-1
2026-05-17T00:18:30,VaryK,K,711,"N=7 P=7",445.294
2026-05-17T00:18:30,VaryP,P,712,"N=7 K=3",-1
2026-05-17T00:18:30,VaryN,N,713,"K=3 P=7",-1
2026-05-17T00:18:31,VaryK,K,712,"N=7 P=7",453.453
2026-05-17T00:18:31,VaryP,P,713,"N=7 K=3",-1
2026-05-17T00:18:31,VaryN,N,714,"K=3 P=7",-1
2026-05-17T00:18:31,VaryK,K,713,"N=7 P=7",452.952
2026-05-17T00:18:31,VaryP,P,714,"N=7 K=3",-1
2026-05-17T00:18:31,VaryN,N,715,"K=3 P=7",-1
2026-05-17T00:18:32,VaryK,K,714,"N=7 P=7",451.976
2026-05-17T00:18:32,VaryP,P,715,"N=7 K=3",-1
2026-05-17T00:18:32,VaryN,N,716,"K=3 P=7",-1
2026-05-17T00:18:32,VaryK,K,715,"N=7 P=7",435.017
2026-05-17T00:18:32,VaryP,P,716,"N=7 K=3",-1
2026-05-17T00:18:32,VaryN,N,717,"K=3 P=7",-1
2026-05-17T00:18:32,VaryK,K,716,"N=7 P=7",447.75
2026-05-17T00:18:32,VaryP,P,717,"N=7 K=3",-1
2026-05-17T00:18:32,VaryN,N,718,"K=3 P=7",-1
2026-05-17T00:18:33,VaryK,K,717,"N=7 P=7",450.463
2026-05-17T00:18:33,VaryP,P,718,"N=7 K=3",-1
2026-05-17T00:18:33,VaryN,N,719,"K=3 P=7",-1
2026-05-17T00:18:33,VaryK,K,718,"N=7 P=7",446.692
2026-05-17T00:18:33,VaryP,P,719,"N=7 K=3",-1
2026-05-17T00:18:33,VaryN,N,720,"K=3 P=7",-1
2026-05-17T00:18:34,VaryK,K,719,"N=7 P=7",440.672
2026-05-17T00:18:34,VaryP,P,720,"N=7 K=3",-1
2026-05-17T00:18:34,VaryN,N,721,"K=3 P=7",-1
2026-05-17T00:18:34,VaryK,K,720,"N=7 P=7",444.619
2026-05-17T00:18:34,VaryP,P,721,"N=7 K=3",-1
2026-05-17T00:18:34,VaryN,N,722,"K=3 P=7",-1
2026-05-17T00:18:35,VaryK,K,721,"N=7 P=7",461.182
2026-05-17T00:18:35,VaryP,P,722,"N=7 K=3",-1
2026-05-17T00:18:35,VaryN,N,723,"K=3 P=7",-1
2026-05-17T00:18:35,VaryK,K,722,"N=7 P=7",453.695
2026-05-17T00:18:35,VaryP,P,723,"N=7 K=3",-1
2026-05-17T00:18:35,VaryN,N,724,"K=3 P=7",-1
2026-05-17T00:18:36,VaryK,K,723,"N=7 P=7",453.013
2026-05-17T00:18:36,VaryP,P,724,"N=7 K=3",-1
2026-05-17T00:18:36,VaryN,N,725,"K=3 P=7",-1
2026-05-17T00:18:36,VaryK,K,724,"N=7 P=7",447.429
2026-05-17T00:18:36,VaryP,P,725,"N=7 K=3",-1
2026-05-17T00:18:36,VaryN,N,726,"K=3 P=7",-1
2026-05-17T00:18:37,VaryK,K,725,"N=7 P=7",446.768
2026-05-17T00:18:37,VaryP,P,726,"N=7 K=3",-1
2026-05-17T00:18:37,VaryN,N,727,"K=3 P=7",-1
2026-05-17T00:18:37,VaryK,K,726,"N=7 P=7",457.323
2026-05-17T00:18:37,VaryP,P,727,"N=7 K=3",-1
2026-05-17T00:18:37,VaryN,N,728,"K=3 P=7",-1
2026-05-17T00:18:38,VaryK,K,727,"N=7 P=7",464.443
2026-05-17T00:18:38,VaryP,P,728,"N=7 K=3",-1
2026-05-17T00:18:38,VaryN,N,729,"K=3 P=7",-1
2026-05-17T00:18:38,VaryK,K,728,"N=7 P=7",446.839
2026-05-17T00:18:38,VaryP,P,729,"N=7 K=3",-1
2026-05-17T00:18:38,VaryN,N,730,"K=3 P=7",-1
2026-05-17T00:18:38,VaryK,K,729,"N=7 P=7",449.934
2026-05-17T00:18:38,VaryP,P,730,"N=7 K=3",-1
2026-05-17T00:18:38,VaryN,N,731,"K=3 P=7",-1
2026-05-17T00:18:39,VaryK,K,730,"N=7 P=7",453.439
2026-05-17T00:18:39,VaryP,P,731,"N=7 K=3",-1
2026-05-17T00:18:39,VaryN,N,732,"K=3 P=7",-1
2026-05-17T00:18:39,VaryK,K,731,"N=7 P=7",445.385
2026-05-17T00:18:39,VaryP,P,732,"N=7 K=3",-1
2026-05-17T00:18:39,VaryN,N,733,"K=3 P=7",-1
2026-05-17T00:18:40,VaryK,K,732,"N=7 P=7",441.789
2026-05-17T00:18:40,VaryP,P,733,"N=7 K=3",-1
2026-05-17T00:18:40,VaryN,N,734,"K=3 P=7",-1
2026-05-17T00:18:40,VaryK,K,733,"N=7 P=7",449.219
2026-05-17T00:18:40,VaryP,P,734,"N=7 K=3",-1
2026-05-17T00:18:40,VaryN,N,735,"K=3 P=7",-1
2026-05-17T00:18:41,VaryK,K,734,"N=7 P=7",451.443
2026-05-17T00:18:41,VaryP,P,735,"N=7 K=3",-1
2026-05-17T00:18:41,VaryN,N,736,"K=3 P=7",-1
2026-05-17T00:18:41,VaryK,K,735,"N=7 P=7",470.049
2026-05-17T00:18:41,VaryP,P,736,"N=7 K=3",-1
2026-05-17T00:18:41,VaryN,N,737,"K=3 P=7",-1
2026-05-17T00:18:42,VaryK,K,736,"N=7 P=7",447.372
2026-05-17T00:18:42,VaryP,P,737,"N=7 K=3",-1
2026-05-17T00:18:42,VaryN,N,738,"K=3 P=7",-1
2026-05-17T00:18:42,VaryK,K,737,"N=7 P=7",449.988
2026-05-17T00:18:42,VaryP,P,738,"N=7 K=3",-1
2026-05-17T00:18:42,VaryN,N,739,"K=3 P=7",-1
2026-05-17T00:18:43,VaryK,K,738,"N=7 P=7",449.833
2026-05-17T00:18:43,VaryP,P,739,"N=7 K=3",-1
2026-05-17T00:18:43,VaryN,N,740,"K=3 P=7",-1
2026-05-17T00:18:43,VaryK,K,739,"N=7 P=7",449.228
2026-05-17T00:18:43,VaryP,P,740,"N=7 K=3",-1
2026-05-17T00:18:43,VaryN,N,741,"K=3 P=7",-1
2026-05-17T00:18:43,VaryK,K,740,"N=7 P=7",457.954
2026-05-17T00:18:43,VaryP,P,741,"N=7 K=3",-1
2026-05-17T00:18:43,VaryN,N,742,"K=3 P=7",-1
2026-05-17T00:18:44,VaryK,K,741,"N=7 P=7",474.021
2026-05-17T00:18:44,VaryP,P,742,"N=7 K=3",-1
2026-05-17T00:18:44,VaryN,N,743,"K=3 P=7",-1
2026-05-17T00:18:44,VaryK,K,742,"N=7 P=7",472.644
2026-05-17T00:18:44,VaryP,P,743,"N=7 K=3",-1
2026-05-17T00:18:44,VaryN,N,744,"K=3 P=7",-1
2026-05-17T00:18:45,VaryK,K,743,"N=7 P=7",446.795
2026-05-17T00:18:45,VaryP,P,744,"N=7 K=3",-1
2026-05-17T00:18:45,VaryN,N,745,"K=3 P=7",-1
2026-05-17T00:18:45,VaryK,K,744,"N=7 P=7",441.161
2026-05-17T00:18:45,VaryP,P,745,"N=7 K=3",-1
2026-05-17T00:18:45,VaryN,N,746,"K=3 P=7",-1
2026-05-17T00:18:46,VaryK,K,745,"N=7 P=7",463.101
2026-05-17T00:18:46,VaryP,P,746,"N=7 K=3",-1
2026-05-17T00:18:46,VaryN,N,747,"K=3 P=7",-1
2026-05-17T00:18:46,VaryK,K,746,"N=7 P=7",499.328
2026-05-17T00:18:46,VaryP,P,747,"N=7 K=3",-1
2026-05-17T00:18:46,VaryN,N,748,"K=3 P=7",-1
2026-05-17T00:18:47,VaryK,K,747,"N=7 P=7",488.637
2026-05-17T00:18:47,VaryP,P,748,"N=7 K=3",-1
2026-05-17T00:18:47,VaryN,N,749,"K=3 P=7",-1
2026-05-17T00:18:47,VaryK,K,748,"N=7 P=7",494.704
2026-05-17T00:18:47,VaryP,P,749,"N=7 K=3",-1
2026-05-17T00:18:47,VaryN,N,750,"K=3 P=7",-1
2026-05-17T00:18:48,VaryK,K,749,"N=7 P=7",468.158
2026-05-17T00:18:48,VaryP,P,750,"N=7 K=3",-1
2026-05-17T00:18:48,VaryN,N,751,"K=3 P=7",-1
2026-05-17T00:18:48,VaryK,K,750,"N=7 P=7",446.877
2026-05-17T00:18:48,VaryP,P,751,"N=7 K=3",-1
2026-05-17T00:18:48,VaryN,N,752,"K=3 P=7",-1
2026-05-17T00:18:49,VaryK,K,751,"N=7 P=7",465.738
2026-05-17T00:18:49,VaryP,P,752,"N=7 K=3",-1
2026-05-17T00:18:49,VaryN,N,753,"K=3 P=7",-1
2026-05-17T00:18:49,VaryK,K,752,"N=7 P=7",452.798
2026-05-17T00:18:49,VaryP,P,753,"N=7 K=3",-1
2026-05-17T00:18:49,VaryN,N,754,"K=3 P=7",-1
2026-05-17T00:18:50,VaryK,K,753,"N=7 P=7",455.937
2026-05-17T00:18:50,VaryP,P,754,"N=7 K=3",-1
2026-05-17T00:18:50,VaryN,N,755,"K=3 P=7",-1
2026-05-17T00:18:50,VaryK,K,754,"N=7 P=7",451.228
2026-05-17T00:18:50,VaryP,P,755,"N=7 K=3",-1
2026-05-17T00:18:50,VaryN,N,756,"K=3 P=7",-1
2026-05-17T00:18:51,VaryK,K,755,"N=7 P=7",451.6
2026-05-17T00:18:51,VaryP,P,756,"N=7 K=3",-1
2026-05-17T00:18:51,VaryN,N,757,"K=3 P=7",-1
2026-05-17T00:18:51,VaryK,K,756,"N=7 P=7",448.5
2026-05-17T00:18:51,VaryP,P,757,"N=7 K=3",-1
2026-05-17T00:18:51,VaryN,N,758,"K=3 P=7",-1
2026-05-17T00:18:51,VaryK,K,757,"N=7 P=7",442.486
2026-05-17T00:18:51,VaryP,P,758,"N=7 K=3",-1
2026-05-17T00:18:51,VaryN,N,759,"K=3 P=7",-1
2026-05-17T00:18:52,VaryK,K,758,"N=7 P=7",452.198
2026-05-17T00:18:52,VaryP,P,759,"N=7 K=3",-1
2026-05-17T00:18:52,VaryN,N,760,"K=3 P=7",-1
2026-05-17T00:18:52,VaryK,K,759,"N=7 P=7",441.438
2026-05-17T00:18:52,VaryP,P,760,"N=7 K=3",-1
2026-05-17T00:18:52,VaryN,N,761,"K=3 P=7",-1
2026-05-17T00:18:53,VaryK,K,760,"N=7 P=7",457.027
2026-05-17T00:18:53,VaryP,P,761,"N=7 K=3",-1
2026-05-17T00:18:53,VaryN,N,762,"K=3 P=7",-1
2026-05-17T00:18:53,VaryK,K,761,"N=7 P=7",450.316
2026-05-17T00:18:53,VaryP,P,762,"N=7 K=3",-1
2026-05-17T00:18:53,VaryN,N,763,"K=3 P=7",-1
2026-05-17T00:18:54,VaryK,K,762,"N=7 P=7",447.633
2026-05-17T00:18:54,VaryP,P,763,"N=7 K=3",-1
2026-05-17T00:18:54,VaryN,N,764,"K=3 P=7",-1
2026-05-17T00:18:54,VaryK,K,763,"N=7 P=7",444.009
2026-05-17T00:18:54,VaryP,P,764,"N=7 K=3",-1
2026-05-17T00:18:54,VaryN,N,765,"K=3 P=7",-1
2026-05-17T00:18:55,VaryK,K,764,"N=7 P=7",456.645
2026-05-17T00:18:55,VaryP,P,765,"N=7 K=3",-1
2026-05-17T00:18:55,VaryN,N,766,"K=3 P=7",-1
2026-05-17T00:18:55,VaryK,K,765,"N=7 P=7",449.053
2026-05-17T00:18:55,VaryP,P,766,"N=7 K=3",-1
2026-05-17T00:18:55,VaryN,N,767,"K=3 P=7",-1
2026-05-17T00:18:56,VaryK,K,766,"N=7 P=7",453.295
2026-05-17T00:18:56,VaryP,P,767,"N=7 K=3",-1
2026-05-17T00:18:56,VaryN,N,768,"K=3 P=7",-1
2026-05-17T00:18:56,VaryK,K,767,"N=7 P=7",461.458
2026-05-17T00:18:56,VaryP,P,768,"N=7 K=3",-1
2026-05-17T00:18:56,VaryN,N,769,"K=3 P=7",-1
2026-05-17T00:18:56,VaryK,K,768,"N=7 P=7",446.413
2026-05-17T00:18:56,VaryP,P,769,"N=7 K=3",-1
2026-05-17T00:18:56,VaryN,N,770,"K=3 P=7",-1
2026-05-17T00:18:57,VaryK,K,769,"N=7 P=7",447.3
2026-05-17T00:18:57,VaryP,P,770,"N=7 K=3",-1
2026-05-17T00:18:57,VaryN,N,771,"K=3 P=7",-1
2026-05-17T00:18:57,VaryK,K,770,"N=7 P=7",456.99
2026-05-17T00:18:57,VaryP,P,771,"N=7 K=3",-1
2026-05-17T00:18:57,VaryN,N,772,"K=3 P=7",-1
2026-05-17T00:18:58,VaryK,K,771,"N=7 P=7",446.105
2026-05-17T00:18:58,VaryP,P,772,"N=7 K=3",-1
2026-05-17T00:18:58,VaryN,N,773,"K=3 P=7",-1
2026-05-17T00:18:58,VaryK,K,772,"N=7 P=7",446.74
2026-05-17T00:18:58,VaryP,P,773,"N=7 K=3",-1
2026-05-17T00:18:58,VaryN,N,774,"K=3 P=7",-1
2026-05-17T00:18:59,VaryK,K,773,"N=7 P=7",465.842
2026-05-17T00:18:59,VaryP,P,774,"N=7 K=3",-1
2026-05-17T00:18:59,VaryN,N,775,"K=3 P=7",-1
2026-05-17T00:18:59,VaryK,K,774,"N=7 P=7",449.284
2026-05-17T00:18:59,VaryP,P,775,"N=7 K=3",-1
2026-05-17T00:18:59,VaryN,N,776,"K=3 P=7",-1
2026-05-17T00:19:00,VaryK,K,775,"N=7 P=7",456.079
2026-05-17T00:19:00,VaryP,P,776,"N=7 K=3",-1
2026-05-17T00:19:00,VaryN,N,777,"K=3 P=7",-1
2026-05-17T00:19:00,VaryK,K,776,"N=7 P=7",439.512
2026-05-17T00:19:00,VaryP,P,777,"N=7 K=3",-1
2026-05-17T00:19:00,VaryN,N,778,"K=3 P=7",-1
2026-05-17T00:19:01,VaryK,K,777,"N=7 P=7",451.633
2026-05-17T00:19:01,VaryP,P,778,"N=7 K=3",-1
2026-05-17T00:19:01,VaryN,N,779,"K=3 P=7",-1
2026-05-17T00:19:01,VaryK,K,778,"N=7 P=7",440.613
2026-05-17T00:19:01,VaryP,P,779,"N=7 K=3",-1
2026-05-17T00:19:01,VaryN,N,780,"K=3 P=7",-1
2026-05-17T00:19:02,VaryK,K,779,"N=7 P=7",456.67
2026-05-17T00:19:02,VaryP,P,780,"N=7 K=3",-1
2026-05-17T00:19:02,VaryN,N,781,"K=3 P=7",-1
2026-05-17T00:19:02,VaryK,K,780,"N=7 P=7",446.273
2026-05-17T00:19:02,VaryP,P,781,"N=7 K=3",-1
2026-05-17T00:19:02,VaryN,N,782,"K=3 P=7",-1
2026-05-17T00:19:02,VaryK,K,781,"N=7 P=7",448.752
2026-05-17T00:19:02,VaryP,P,782,"N=7 K=3",-1
2026-05-17T00:19:02,VaryN,N,783,"K=3 P=7",-1
2026-05-17T00:19:03,VaryK,K,782,"N=7 P=7",442.755
2026-05-17T00:19:03,VaryP,P,783,"N=7 K=3",-1
2026-05-17T00:19:03,VaryN,N,784,"K=3 P=7",-1
2026-05-17T00:19:03,VaryK,K,783,"N=7 P=7",446.27
2026-05-17T00:19:03,VaryP,P,784,"N=7 K=3",-1
2026-05-17T00:19:03,VaryN,N,785,"K=3 P=7",-1
2026-05-17T00:19:04,VaryK,K,784,"N=7 P=7",453.158
2026-05-17T00:19:04,VaryP,P,785,"N=7 K=3",-1
2026-05-17T00:19:04,VaryN,N,786,"K=3 P=7",-1
2026-05-17T00:19:04,VaryK,K,785,"N=7 P=7",436.301
2026-05-17T00:19:04,VaryP,P,786,"N=7 K=3",-1
2026-05-17T00:19:04,VaryN,N,787,"K=3 P=7",-1
2026-05-17T00:19:05,VaryK,K,786,"N=7 P=7",447.376
2026-05-17T00:19:05,VaryP,P,787,"N=7 K=3",-1
2026-05-17T00:19:05,VaryN,N,788,"K=3 P=7",-1
2026-05-17T00:19:05,VaryK,K,787,"N=7 P=7",443.379
2026-05-17T00:19:05,VaryP,P,788,"N=7 K=3",-1
2026-05-17T00:19:05,VaryN,N,789,"K=3 P=7",-1
2026-05-17T00:19:06,VaryK,K,788,"N=7 P=7",456.628
2026-05-17T00:19:06,VaryP,P,789,"N=7 K=3",-1
2026-05-17T00:19:06,VaryN,N,790,"K=3 P=7",-1
2026-05-17T00:19:06,VaryK,K,789,"N=7 P=7",460.532
2026-05-17T00:19:06,VaryP,P,790,"N=7 K=3",-1
2026-05-17T00:19:06,VaryN,N,791,"K=3 P=7",-1
2026-05-17T00:19:07,VaryK,K,790,"N=7 P=7",448.651
2026-05-17T00:19:07,VaryP,P,791,"N=7 K=3",-1
2026-05-17T00:19:07,VaryN,N,792,"K=3 P=7",-1
2026-05-17T00:19:07,VaryK,K,791,"N=7 P=7",438.653
2026-05-17T00:19:07,VaryP,P,792,"N=7 K=3",-1
2026-05-17T00:19:07,VaryN,N,793,"K=3 P=7",-1
2026-05-17T00:19:07,VaryK,K,792,"N=7 P=7",454.233
2026-05-17T00:19:07,VaryP,P,793,"N=7 K=3",-1
2026-05-17T00:19:07,VaryN,N,794,"K=3 P=7",-1
2026-05-17T00:19:08,VaryK,K,793,"N=7 P=7",441.279
2026-05-17T00:19:08,VaryP,P,794,"N=7 K=3",-1
2026-05-17T00:19:08,VaryN,N,795,"K=3 P=7",-1
2026-05-17T00:19:08,VaryK,K,794,"N=7 P=7",448.111
2026-05-17T00:19:08,VaryP,P,795,"N=7 K=3",-1
2026-05-17T00:19:08,VaryN,N,796,"K=3 P=7",-1
2026-05-17T00:19:09,VaryK,K,795,"N=7 P=7",449.657
2026-05-17T00:19:09,VaryP,P,796,"N=7 K=3",-1
2026-05-17T00:19:09,VaryN,N,797,"K=3 P=7",-1
2026-05-17T00:19:09,VaryK,K,796,"N=7 P=7",446.031
2026-05-17T00:19:09,VaryP,P,797,"N=7 K=3",-1
2026-05-17T00:19:09,VaryN,N,798,"K=3 P=7",-1
2026-05-17T00:19:10,VaryK,K,797,"N=7 P=7",459.245
2026-05-17T00:19:10,VaryP,P,798,"N=7 K=3",-1
2026-05-17T00:19:10,VaryN,N,799,"K=3 P=7",-1
2026-05-17T00:19:10,VaryK,K,798,"N=7 P=7",452.495
2026-05-17T00:19:10,VaryP,P,799,"N=7 K=3",-1
2026-05-17T00:19:10,VaryN,N,800,"K=3 P=7",-1
2026-05-17T00:19:11,VaryK,K,799,"N=7 P=7",447.631
2026-05-17T00:19:11,VaryP,P,800,"N=7 K=3",-1
2026-05-17T00:19:11,VaryN,N,801,"K=3 P=7",-1
2026-05-17T00:19:11,VaryK,K,800,"N=7 P=7",445.077
2026-05-17T00:19:11,VaryP,P,801,"N=7 K=3",-1
2026-05-17T00:19:11,VaryN,N,802,"K=3 P=7",-1
2026-05-17T00:19:12,VaryK,K,801,"N=7 P=7",450.08
2026-05-17T00:19:12,VaryP,P,802,"N=7 K=3",-1
2026-05-17T00:19:12,VaryN,N,803,"K=3 P=7",-1
2026-05-17T00:19:12,VaryK,K,802,"N=7 P=7",443.94
2026-05-17T00:19:12,VaryP,P,803,"N=7 K=3",-1
2026-05-17T00:19:12,VaryN,N,804,"K=3 P=7",-1
2026-05-17T00:19:12,VaryK,K,803,"N=7 P=7",455.139
2026-05-17T00:19:12,VaryP,P,804,"N=7 K=3",-1
2026-05-17T00:19:12,VaryN,N,805,"K=3 P=7",-1
2026-05-17T00:19:13,VaryK,K,804,"N=7 P=7",450.358
2026-05-17T00:19:13,VaryP,P,805,"N=7 K=3",-1
2026-05-17T00:19:13,VaryN,N,806,"K=3 P=7",-1
2026-05-17T00:19:13,VaryK,K,805,"N=7 P=7",449.096
2026-05-17T00:19:13,VaryP,P,806,"N=7 K=3",-1
2026-05-17T00:19:13,VaryN,N,807,"K=3 P=7",-1
2026-05-17T00:19:14,VaryK,K,806,"N=7 P=7",451.631
2026-05-17T00:19:14,VaryP,P,807,"N=7 K=3",-1
2026-05-17T00:19:14,VaryN,N,808,"K=3 P=7",-1
2026-05-17T00:19:14,VaryK,K,807,"N=7 P=7",455.641
2026-05-17T00:19:14,VaryP,P,808,"N=7 K=3",-1
2026-05-17T00:19:14,VaryN,N,809,"K=3 P=7",-1
2026-05-17T00:19:15,VaryK,K,808,"N=7 P=7",454.014
2026-05-17T00:19:15,VaryP,P,809,"N=7 K=3",-1
2026-05-17T00:19:15,VaryN,N,810,"K=3 P=7",-1
2026-05-17T00:19:15,VaryK,K,809,"N=7 P=7",448.73
2026-05-17T00:19:15,VaryP,P,810,"N=7 K=3",-1
2026-05-17T00:19:15,VaryN,N,811,"K=3 P=7",-1
2026-05-17T00:19:16,VaryK,K,810,"N=7 P=7",447.225
2026-05-17T00:19:16,VaryP,P,811,"N=7 K=3",-1
2026-05-17T00:19:16,VaryN,N,812,"K=3 P=7",-1
2026-05-17T00:19:16,VaryK,K,811,"N=7 P=7",500.649
2026-05-17T00:19:16,VaryP,P,812,"N=7 K=3",-1
2026-05-17T00:19:16,VaryN,N,813,"K=3 P=7",-1
2026-05-17T00:19:17,VaryK,K,812,"N=7 P=7",503.844
2026-05-17T00:19:17,VaryP,P,813,"N=7 K=3",-1
2026-05-17T00:19:17,VaryN,N,814,"K=3 P=7",-1
2026-05-17T00:19:17,VaryK,K,813,"N=7 P=7",492.463
2026-05-17T00:19:17,VaryP,P,814,"N=7 K=3",-1
2026-05-17T00:19:17,VaryN,N,815,"K=3 P=7",-1
2026-05-17T00:19:18,VaryK,K,814,"N=7 P=7",461.708
2026-05-17T00:19:18,VaryP,P,815,"N=7 K=3",-1
2026-05-17T00:19:18,VaryN,N,816,"K=3 P=7",-1
2026-05-17T00:19:18,VaryK,K,815,"N=7 P=7",441.863
2026-05-17T00:19:18,VaryP,P,816,"N=7 K=3",-1
2026-05-17T00:19:18,VaryN,N,817,"K=3 P=7",-1
2026-05-17T00:19:19,VaryK,K,816,"N=7 P=7",457.356
2026-05-17T00:19:19,VaryP,P,817,"N=7 K=3",-1
2026-05-17T00:19:19,VaryN,N,818,"K=3 P=7",-1
2026-05-17T00:19:19,VaryK,K,817,"N=7 P=7",444.393
2026-05-17T00:19:19,VaryP,P,818,"N=7 K=3",-1
2026-05-17T00:19:19,VaryN,N,819,"K=3 P=7",-1
2026-05-17T00:19:19,VaryK,K,818,"N=7 P=7",444.148
2026-05-17T00:19:19,VaryP,P,819,"N=7 K=3",-1
2026-05-17T00:19:19,VaryN,N,820,"K=3 P=7",-1
2026-05-17T00:19:20,VaryK,K,819,"N=7 P=7",447.743
2026-05-17T00:19:20,VaryP,P,820,"N=7 K=3",-1
2026-05-17T00:19:20,VaryN,N,821,"K=3 P=7",-1
2026-05-17T00:19:20,VaryK,K,820,"N=7 P=7",444.406
2026-05-17T00:19:20,VaryP,P,821,"N=7 K=3",-1
2026-05-17T00:19:20,VaryN,N,822,"K=3 P=7",-1
2026-05-17T00:19:21,VaryK,K,821,"N=7 P=7",455.892
2026-05-17T00:19:21,VaryP,P,822,"N=7 K=3",-1
2026-05-17T00:19:21,VaryN,N,823,"K=3 P=7",-1
2026-05-17T00:19:21,VaryK,K,822,"N=7 P=7",456.203
2026-05-17T00:19:21,VaryP,P,823,"N=7 K=3",-1
2026-05-17T00:19:21,VaryN,N,824,"K=3 P=7",-1
2026-05-17T00:19:22,VaryK,K,823,"N=7 P=7",454.963
2026-05-17T00:19:22,VaryP,P,824,"N=7 K=3",-1
2026-05-17T00:19:22,VaryN,N,825,"K=3 P=7",-1
2026-05-17T00:19:22,VaryK,K,824,"N=7 P=7",447.175
2026-05-17T00:19:22,VaryP,P,825,"N=7 K=3",-1
2026-05-17T00:19:22,VaryN,N,826,"K=3 P=7",-1
2026-05-17T00:19:23,VaryK,K,825,"N=7 P=7",448.738
2026-05-17T00:19:23,VaryP,P,826,"N=7 K=3",-1
2026-05-17T00:19:23,VaryN,N,827,"K=3 P=7",-1
2026-05-17T00:19:23,VaryK,K,826,"N=7 P=7",452.385
2026-05-17T00:19:23,VaryP,P,827,"N=7 K=3",-1
2026-05-17T00:19:23,VaryN,N,828,"K=3 P=7",-1
2026-05-17T00:19:24,VaryK,K,827,"N=7 P=7",443.111
2026-05-17T00:19:24,VaryP,P,828,"N=7 K=3",-1
2026-05-17T00:19:24,VaryN,N,829,"K=3 P=7",-1
2026-05-17T00:19:24,VaryK,K,828,"N=7 P=7",448.976
2026-05-17T00:19:24,VaryP,P,829,"N=7 K=3",-1
2026-05-17T00:19:24,VaryN,N,830,"K=3 P=7",-1
2026-05-17T00:19:24,VaryK,K,829,"N=7 P=7",441.126
2026-05-17T00:19:24,VaryP,P,830,"N=7 K=3",-1
2026-05-17T00:19:24,VaryN,N,831,"K=3 P=7",-1
2026-05-17T00:19:25,VaryK,K,830,"N=7 P=7",450.435
2026-05-17T00:19:25,VaryP,P,831,"N=7 K=3",-1
2026-05-17T00:19:25,VaryN,N,832,"K=3 P=7",-1
2026-05-17T00:19:25,VaryK,K,831,"N=7 P=7",446.463
2026-05-17T00:19:25,VaryP,P,832,"N=7 K=3",-1
2026-05-17T00:19:25,VaryN,N,833,"K=3 P=7",-1
2026-05-17T00:19:26,VaryK,K,832,"N=7 P=7",443.828
2026-05-17T00:19:26,VaryP,P,833,"N=7 K=3",-1
2026-05-17T00:19:26,VaryN,N,834,"K=3 P=7",-1
2026-05-17T00:19:26,VaryK,K,833,"N=7 P=7",451.549
2026-05-17T00:19:26,VaryP,P,834,"N=7 K=3",-1
2026-05-17T00:19:26,VaryN,N,835,"K=3 P=7",-1
2026-05-17T00:19:27,VaryK,K,834,"N=7 P=7",455.451
2026-05-17T00:19:27,VaryP,P,835,"N=7 K=3",-1
2026-05-17T00:19:27,VaryN,N,836,"K=3 P=7",-1
2026-05-17T00:19:27,VaryK,K,835,"N=7 P=7",454.43
2026-05-17T00:19:27,VaryP,P,836,"N=7 K=3",-1
2026-05-17T00:19:27,VaryN,N,837,"K=3 P=7",-1
2026-05-17T00:19:28,VaryK,K,836,"N=7 P=7",457.908
2026-05-17T00:19:28,VaryP,P,837,"N=7 K=3",-1
2026-05-17T00:19:28,VaryN,N,838,"K=3 P=7",-1
2026-05-17T00:19:28,VaryK,K,837,"N=7 P=7",453.076
2026-05-17T00:19:28,VaryP,P,838,"N=7 K=3",-1
2026-05-17T00:19:28,VaryN,N,839,"K=3 P=7",-1
2026-05-17T00:19:29,VaryK,K,838,"N=7 P=7",450.056
2026-05-17T00:19:29,VaryP,P,839,"N=7 K=3",-1
2026-05-17T00:19:29,VaryN,N,840,"K=3 P=7",-1
2026-05-17T00:19:29,VaryK,K,839,"N=7 P=7",448.231
2026-05-17T00:19:29,VaryP,P,840,"N=7 K=3",-1
2026-05-17T00:19:29,VaryN,N,841,"K=3 P=7",-1
2026-05-17T00:19:30,VaryK,K,840,"N=7 P=7",453.712
2026-05-17T00:19:30,VaryP,P,841,"N=7 K=3",-1
2026-05-17T00:19:30,VaryN,N,842,"K=3 P=7",-1
2026-05-17T00:19:30,VaryK,K,841,"N=7 P=7",447.071
2026-05-17T00:19:30,VaryP,P,842,"N=7 K=3",-1
2026-05-17T00:19:30,VaryN,N,843,"K=3 P=7",-1
2026-05-17T00:19:30,VaryK,K,842,"N=7 P=7",446.339
2026-05-17T00:19:30,VaryP,P,843,"N=7 K=3",-1
2026-05-17T00:19:30,VaryN,N,844,"K=3 P=7",-1
2026-05-17T00:19:31,VaryK,K,843,"N=7 P=7",452.738
2026-05-17T00:19:31,VaryP,P,844,"N=7 K=3",-1
2026-05-17T00:19:31,VaryN,N,845,"K=3 P=7",-1
2026-05-17T00:19:31,VaryK,K,844,"N=7 P=7",453.599
2026-05-17T00:19:31,VaryP,P,845,"N=7 K=3",-1
2026-05-17T00:19:31,VaryN,N,846,"K=3 P=7",-1
2026-05-17T00:19:32,VaryK,K,845,"N=7 P=7",444.899
2026-05-17T00:19:32,VaryP,P,846,"N=7 K=3",-1
2026-05-17T00:19:32,VaryN,N,847,"K=3 P=7",-1
2026-05-17T00:19:32,VaryK,K,846,"N=7 P=7",451.119
2026-05-17T00:19:32,VaryP,P,847,"N=7 K=3",-1
2026-05-17T00:19:32,VaryN,N,848,"K=3 P=7",-1
2026-05-17T00:19:33,VaryK,K,847,"N=7 P=7",452.162
2026-05-17T00:19:33,VaryP,P,848,"N=7 K=3",-1
2026-05-17T00:19:33,VaryN,N,849,"K=3 P=7",-1
2026-05-17T00:19:33,VaryK,K,848,"N=7 P=7",453.668
2026-05-17T00:19:33,VaryP,P,849,"N=7 K=3",-1
2026-05-17T00:19:33,VaryN,N,850,"K=3 P=7",-1
2026-05-17T00:19:34,VaryK,K,849,"N=7 P=7",446.047
2026-05-17T00:19:34,VaryP,P,850,"N=7 K=3",-1
2026-05-17T00:19:34,VaryN,N,851,"K=3 P=7",-1
2026-05-17T00:19:34,VaryK,K,850,"N=7 P=7",444.795
2026-05-17T00:19:34,VaryP,P,851,"N=7 K=3",-1
2026-05-17T00:19:34,VaryN,N,852,"K=3 P=7",-1
2026-05-17T00:19:35,VaryK,K,851,"N=7 P=7",449.888
2026-05-17T00:19:35,VaryP,P,852,"N=7 K=3",-1
2026-05-17T00:19:35,VaryN,N,853,"K=3 P=7",-1
2026-05-17T00:19:35,VaryK,K,852,"N=7 P=7",498.149
2026-05-17T00:19:35,VaryP,P,853,"N=7 K=3",-1
2026-05-17T00:19:35,VaryN,N,854,"K=3 P=7",-1
2026-05-17T00:19:36,VaryK,K,853,"N=7 P=7",450.198
2026-05-17T00:19:36,VaryP,P,854,"N=7 K=3",-1
2026-05-17T00:19:36,VaryN,N,855,"K=3 P=7",-1
2026-05-17T00:19:36,VaryK,K,854,"N=7 P=7",438.762
2026-05-17T00:19:36,VaryP,P,855,"N=7 K=3",-1
2026-05-17T00:19:36,VaryN,N,856,"K=3 P=7",-1
2026-05-17T00:19:36,VaryK,K,855,"N=7 P=7",447.458
2026-05-17T00:19:36,VaryP,P,856,"N=7 K=3",-1
2026-05-17T00:19:36,VaryN,N,857,"K=3 P=7",-1
2026-05-17T00:19:37,VaryK,K,856,"N=7 P=7",459.631
2026-05-17T00:19:37,VaryP,P,857,"N=7 K=3",-1
2026-05-17T00:19:37,VaryN,N,858,"K=3 P=7",-1
2026-05-17T00:19:37,VaryK,K,857,"N=7 P=7",457.512
2026-05-17T00:19:37,VaryP,P,858,"N=7 K=3",-1
2026-05-17T00:19:37,VaryN,N,859,"K=3 P=7",-1
2026-05-17T00:19:38,VaryK,K,858,"N=7 P=7",451.261
2026-05-17T00:19:38,VaryP,P,859,"N=7 K=3",-1
2026-05-17T00:19:38,VaryN,N,860,"K=3 P=7",-1
2026-05-17T00:19:38,VaryK,K,859,"N=7 P=7",451.35
2026-05-17T00:19:38,VaryP,P,860,"N=7 K=3",-1
2026-05-17T00:19:38,VaryN,N,861,"K=3 P=7",-1
2026-05-17T00:19:39,VaryK,K,860,"N=7 P=7",458.641
2026-05-17T00:19:39,VaryP,P,861,"N=7 K=3",-1
2026-05-17T00:19:39,VaryN,N,862,"K=3 P=7",-1
2026-05-17T00:19:39,VaryK,K,861,"N=7 P=7",447.055
2026-05-17T00:19:39,VaryP,P,862,"N=7 K=3",-1
2026-05-17T00:19:39,VaryN,N,863,"K=3 P=7",-1
2026-05-17T00:19:40,VaryK,K,862,"N=7 P=7",435.613
2026-05-17T00:19:40,VaryP,P,863,"N=7 K=3",-1
2026-05-17T00:19:40,VaryN,N,864,"K=3 P=7",-1
2026-05-17T00:19:40,VaryK,K,863,"N=7 P=7",445.609
2026-05-17T00:19:40,VaryP,P,864,"N=7 K=3",-1
2026-05-17T00:19:40,VaryN,N,865,"K=3 P=7",-1
2026-05-17T00:19:41,VaryK,K,864,"N=7 P=7",452.4
2026-05-17T00:19:41,VaryP,P,865,"N=7 K=3",-1
2026-05-17T00:19:41,VaryN,N,866,"K=3 P=7",-1
2026-05-17T00:19:41,VaryK,K,865,"N=7 P=7",439.831
2026-05-17T00:19:41,VaryP,P,866,"N=7 K=3",-1
2026-05-17T00:19:41,VaryN,N,867,"K=3 P=7",-1
2026-05-17T00:19:41,VaryK,K,866,"N=7 P=7",456.293
2026-05-17T00:19:41,VaryP,P,867,"N=7 K=3",-1
2026-05-17T00:19:41,VaryN,N,868,"K=3 P=7",-1
2026-05-17T00:19:42,VaryK,K,867,"N=7 P=7",462.469
2026-05-17T00:19:42,VaryP,P,868,"N=7 K=3",-1
2026-05-17T00:19:42,VaryN,N,869,"K=3 P=7",-1
2026-05-17T00:19:42,VaryK,K,868,"N=7 P=7",436.905
2026-05-17T00:19:42,VaryP,P,869,"N=7 K=3",-1
2026-05-17T00:19:42,VaryN,N,870,"K=3 P=7",-1
2026-05-17T00:19:43,VaryK,K,869,"N=7 P=7",448.036
2026-05-17T00:19:43,VaryP,P,870,"N=7 K=3",-1
2026-05-17T00:19:43,VaryN,N,871,"K=3 P=7",-1
2026-05-17T00:19:43,VaryK,K,870,"N=7 P=7",445.645
2026-05-17T00:19:43,VaryP,P,871,"N=7 K=3",-1
2026-05-17T00:19:43,VaryN,N,872,"K=3 P=7",-1
2026-05-17T00:19:44,VaryK,K,871,"N=7 P=7",449.72
2026-05-17T00:19:44,VaryP,P,872,"N=7 K=3",-1
2026-05-17T00:19:44,VaryN,N,873,"K=3 P=7",-1
2026-05-17T00:19:44,VaryK,K,872,"N=7 P=7",444.113
2026-05-17T00:19:44,VaryP,P,873,"N=7 K=3",-1
2026-05-17T00:19:44,VaryN,N,874,"K=3 P=7",-1
2026-05-17T00:19:45,VaryK,K,873,"N=7 P=7",454.705
2026-05-17T00:19:45,VaryP,P,874,"N=7 K=3",-1
2026-05-17T00:19:45,VaryN,N,875,"K=3 P=7",-1
2026-05-17T00:19:45,VaryK,K,874,"N=7 P=7",446.139
2026-05-17T00:19:45,VaryP,P,875,"N=7 K=3",-1
2026-05-17T00:19:45,VaryN,N,876,"K=3 P=7",-1
2026-05-17T00:19:46,VaryK,K,875,"N=7 P=7",448.75
2026-05-17T00:19:46,VaryP,P,876,"N=7 K=3",-1
2026-05-17T00:19:46,VaryN,N,877,"K=3 P=7",-1
2026-05-17T00:19:46,VaryK,K,876,"N=7 P=7",493.571
2026-05-17T00:19:46,VaryP,P,877,"N=7 K=3",-1
2026-05-17T00:19:46,VaryN,N,878,"K=3 P=7",-1
2026-05-17T00:19:47,VaryK,K,877,"N=7 P=7",528.163
2026-05-17T00:19:47,VaryP,P,878,"N=7 K=3",-1
2026-05-17T00:19:47,VaryN,N,879,"K=3 P=7",-1
2026-05-17T00:19:47,VaryK,K,878,"N=7 P=7",491.852
2026-05-17T00:19:47,VaryP,P,879,"N=7 K=3",-1
2026-05-17T00:19:47,VaryN,N,880,"K=3 P=7",-1
2026-05-17T00:19:48,VaryK,K,879,"N=7 P=7",514.408
2026-05-17T00:19:48,VaryP,P,880,"N=7 K=3",-1
2026-05-17T00:19:48,VaryN,N,881,"K=3 P=7",-1
2026-05-17T00:19:48,VaryK,K,880,"N=7 P=7",447.569
2026-05-17T00:19:48,VaryP,P,881,"N=7 K=3",-1
2026-05-17T00:19:48,VaryN,N,882,"K=3 P=7",-1
2026-05-17T00:19:49,VaryK,K,881,"N=7 P=7",451.168
2026-05-17T00:19:49,VaryP,P,882,"N=7 K=3",-1
2026-05-17T00:19:49,VaryN,N,883,"K=3 P=7",-1
2026-05-17T00:19:49,VaryK,K,882,"N=7 P=7",437.461
2026-05-17T00:19:49,VaryP,P,883,"N=7 K=3",-1
2026-05-17T00:19:49,VaryN,N,884,"K=3 P=7",-1
2026-05-17T00:19:49,VaryK,K,883,"N=7 P=7",442.232
2026-05-17T00:19:49,VaryP,P,884,"N=7 K=3",-1
2026-05-17T00:19:49,VaryN,N,885,"K=3 P=7",-1
2026-05-17T00:19:50,VaryK,K,884,"N=7 P=7",450.372
2026-05-17T00:19:50,VaryP,P,885,"N=7 K=3",-1
2026-05-17T00:19:50,VaryN,N,886,"K=3 P=7",-1
2026-05-17T00:19:50,VaryK,K,885,"N=7 P=7",440.654
2026-05-17T00:19:50,VaryP,P,886,"N=7 K=3",-1
2026-05-17T00:19:50,VaryN,N,887,"K=3 P=7",-1
2026-05-17T00:19:51,VaryK,K,886,"N=7 P=7",443.871
2026-05-17T00:19:51,VaryP,P,887,"N=7 K=3",-1
2026-05-17T00:19:51,VaryN,N,888,"K=3 P=7",-1
2026-05-17T00:19:51,VaryK,K,887,"N=7 P=7",451.638
2026-05-17T00:19:51,VaryP,P,888,"N=7 K=3",-1
2026-05-17T00:19:51,VaryN,N,889,"K=3 P=7",-1
2026-05-17T00:19:52,VaryK,K,888,"N=7 P=7",456.794
2026-05-17T00:19:52,VaryP,P,889,"N=7 K=3",-1
2026-05-17T00:19:52,VaryN,N,890,"K=3 P=7",-1
2026-05-17T00:19:52,VaryK,K,889,"N=7 P=7",449.1
2026-05-17T00:19:52,VaryP,P,890,"N=7 K=3",-1
2026-05-17T00:19:52,VaryN,N,891,"K=3 P=7",-1
2026-05-17T00:19:53,VaryK,K,890,"N=7 P=7",452.988
2026-05-17T00:19:53,VaryP,P,891,"N=7 K=3",-1
2026-05-17T00:19:53,VaryN,N,892,"K=3 P=7",-1
2026-05-17T00:19:53,VaryK,K,891,"N=7 P=7",451.322
2026-05-17T00:19:53,VaryP,P,892,"N=7 K=3",-1
2026-05-17T00:19:53,VaryN,N,893,"K=3 P=7",-1
2026-05-17T00:19:54,VaryK,K,892,"N=7 P=7",441.275
2026-05-17T00:19:54,VaryP,P,893,"N=7 K=3",-1
2026-05-17T00:19:54,VaryN,N,894,"K=3 P=7",-1
2026-05-17T00:19:54,VaryK,K,893,"N=7 P=7",444.952
2026-05-17T00:19:54,VaryP,P,894,"N=7 K=3",-1
2026-05-17T00:19:54,VaryN,N,895,"K=3 P=7",-1
2026-05-17T00:19:54,VaryK,K,894,"N=7 P=7",449.882
2026-05-17T00:19:54,VaryP,P,895,"N=7 K=3",-1
2026-05-17T00:19:54,VaryN,N,896,"K=3 P=7",-1
2026-05-17T00:19:55,VaryK,K,895,"N=7 P=7",458.425
2026-05-17T00:19:55,VaryP,P,896,"N=7 K=3",-1
2026-05-17T00:19:55,VaryN,N,897,"K=3 P=7",-1
2026-05-17T00:19:55,VaryK,K,896,"N=7 P=7",445.188
2026-05-17T00:19:55,VaryP,P,897,"N=7 K=3",-1
2026-05-17T00:19:55,VaryN,N,898,"K=3 P=7",-1
2026-05-17T00:19:56,VaryK,K,897,"N=7 P=7",452.149
2026-05-17T00:19:56,VaryP,P,898,"N=7 K=3",-1
2026-05-17T00:19:56,VaryN,N,899,"K=3 P=7",-1
2026-05-17T00:19:56,VaryK,K,898,"N=7 P=7",447.277
2026-05-17T00:19:56,VaryP,P,899,"N=7 K=3",-1
2026-05-17T00:19:56,VaryN,N,900,"K=3 P=7",-1
2026-05-17T00:19:57,VaryK,K,899,"N=7 P=7",455.226
2026-05-17T00:19:57,VaryP,P,900,"N=7 K=3",-1
2026-05-17T00:19:57,VaryN,N,901,"K=3 P=7",-1
2026-05-17T00:19:57,VaryK,K,900,"N=7 P=7",453.56
2026-05-17T00:19:57,VaryP,P,901,"N=7 K=3",-1
2026-05-17T00:19:57,VaryN,N,902,"K=3 P=7",-1
2026-05-17T00:19:58,VaryK,K,901,"N=7 P=7",465.461
2026-05-17T00:19:58,VaryP,P,902,"N=7 K=3",-1
2026-05-17T00:19:58,VaryN,N,903,"K=3 P=7",-1
2026-05-17T00:19:58,VaryK,K,902,"N=7 P=7",450.124
2026-05-17T00:19:58,VaryP,P,903,"N=7 K=3",-1
2026-05-17T00:19:58,VaryN,N,904,"K=3 P=7",-1
2026-05-17T00:19:59,VaryK,K,903,"N=7 P=7",441.533
2026-05-17T00:19:59,VaryP,P,904,"N=7 K=3",-1
2026-05-17T00:19:59,VaryN,N,905,"K=3 P=7",-1
2026-05-17T00:19:59,VaryK,K,904,"N=7 P=7",477.56
2026-05-17T00:19:59,VaryP,P,905,"N=7 K=3",-1
2026-05-17T00:19:59,VaryN,N,906,"K=3 P=7",-1
2026-05-17T00:19:59,VaryK,K,905,"N=7 P=7",454.426
2026-05-17T00:19:59,VaryP,P,906,"N=7 K=3",-1
2026-05-17T00:19:59,VaryN,N,907,"K=3 P=7",-1
2026-05-17T00:20:00,VaryK,K,906,"N=7 P=7",454.715
2026-05-17T00:20:00,VaryP,P,907,"N=7 K=3",-1
2026-05-17T00:20:00,VaryN,N,908,"K=3 P=7",-1
2026-05-17T00:20:00,VaryK,K,907,"N=7 P=7",444.303
2026-05-17T00:20:00,VaryP,P,908,"N=7 K=3",-1
2026-05-17T00:20:00,VaryN,N,909,"K=3 P=7",-1
2026-05-17T00:20:01,VaryK,K,908,"N=7 P=7",455.46
2026-05-17T00:20:01,VaryP,P,909,"N=7 K=3",-1
2026-05-17T00:20:01,VaryN,N,910,"K=3 P=7",-1
2026-05-17T00:20:01,VaryK,K,909,"N=7 P=7",449.114
2026-05-17T00:20:01,VaryP,P,910,"N=7 K=3",-1
2026-05-17T00:20:01,VaryN,N,911,"K=3 P=7",-1
2026-05-17T00:20:02,VaryK,K,910,"N=7 P=7",459.673
2026-05-17T00:20:02,VaryP,P,911,"N=7 K=3",-1
2026-05-17T00:20:02,VaryN,N,912,"K=3 P=7",-1
2026-05-17T00:20:02,VaryK,K,911,"N=7 P=7",452.029
2026-05-17T00:20:02,VaryP,P,912,"N=7 K=3",-1
2026-05-17T00:20:02,VaryN,N,913,"K=3 P=7",-1
2026-05-17T00:20:03,VaryK,K,912,"N=7 P=7",450.612
2026-05-17T00:20:03,VaryP,P,913,"N=7 K=3",-1
2026-05-17T00:20:03,VaryN,N,914,"K=3 P=7",-1
2026-05-17T00:20:03,VaryK,K,913,"N=7 P=7",447.641
2026-05-17T00:20:03,VaryP,P,914,"N=7 K=3",-1
2026-05-17T00:20:03,VaryN,N,915,"K=3 P=7",-1
2026-05-17T00:20:04,VaryK,K,914,"N=7 P=7",441.219
2026-05-17T00:20:04,VaryP,P,915,"N=7 K=3",-1
2026-05-17T00:20:04,VaryN,N,916,"K=3 P=7",-1
2026-05-17T00:20:04,VaryK,K,915,"N=7 P=7",439.231
2026-05-17T00:20:04,VaryP,P,916,"N=7 K=3",-1
2026-05-17T00:20:04,VaryN,N,917,"K=3 P=7",-1
2026-05-17T00:20:05,VaryK,K,916,"N=7 P=7",452.3
2026-05-17T00:20:05,VaryP,P,917,"N=7 K=3",-1
2026-05-17T00:20:05,VaryN,N,918,"K=3 P=7",-1
2026-05-17T00:20:05,VaryK,K,917,"N=7 P=7",439.672
2026-05-17T00:20:05,VaryP,P,918,"N=7 K=3",-1
2026-05-17T00:20:05,VaryN,N,919,"K=3 P=7",-1
2026-05-17T00:20:05,VaryK,K,918,"N=7 P=7",444.064
2026-05-17T00:20:05,VaryP,P,919,"N=7 K=3",-1
2026-05-17T00:20:05,VaryN,N,920,"K=3 P=7",-1
2026-05-17T00:20:06,VaryK,K,919,"N=7 P=7",442.276
2026-05-17T00:20:06,VaryP,P,920,"N=7 K=3",-1
2026-05-17T00:20:06,VaryN,N,921,"K=3 P=7",-1
2026-05-17T00:20:06,VaryK,K,920,"N=7 P=7",441.016
2026-05-17T00:20:06,VaryP,P,921,"N=7 K=3",-1
2026-05-17T00:20:06,VaryN,N,922,"K=3 P=7",-1
2026-05-17T00:20:07,VaryK,K,921,"N=7 P=7",447.254
2026-05-17T00:20:07,VaryP,P,922,"N=7 K=3",-1
2026-05-17T00:20:07,VaryN,N,923,"K=3 P=7",-1
2026-05-17T00:20:07,VaryK,K,922,"N=7 P=7",442.364
2026-05-17T00:20:07,VaryP,P,923,"N=7 K=3",-1
2026-05-17T00:20:07,VaryN,N,924,"K=3 P=7",-1
2026-05-17T00:20:08,VaryK,K,923,"N=7 P=7",449.838
2026-05-17T00:20:08,VaryP,P,924,"N=7 K=3",-1
2026-05-17T00:20:08,VaryN,N,925,"K=3 P=7",-1
2026-05-17T00:20:08,VaryK,K,924,"N=7 P=7",441.468
2026-05-17T00:20:08,VaryP,P,925,"N=7 K=3",-1
2026-05-17T00:20:08,VaryN,N,926,"K=3 P=7",-1
2026-05-17T00:20:09,VaryK,K,925,"N=7 P=7",444.019
2026-05-17T00:20:09,VaryP,P,926,"N=7 K=3",-1
2026-05-17T00:20:09,VaryN,N,927,"K=3 P=7",-1
2026-05-17T00:20:09,VaryK,K,926,"N=7 P=7",462.045
2026-05-17T00:20:09,VaryP,P,927,"N=7 K=3",-1
2026-05-17T00:20:09,VaryN,N,928,"K=3 P=7",-1
2026-05-17T00:20:09,VaryK,K,927,"N=7 P=7",445.708
2026-05-17T00:20:09,VaryP,P,928,"N=7 K=3",-1
2026-05-17T00:20:09,VaryN,N,929,"K=3 P=7",-1
2026-05-17T00:20:10,VaryK,K,928,"N=7 P=7",462.139
2026-05-17T00:20:10,VaryP,P,929,"N=7 K=3",-1
2026-05-17T00:20:10,VaryN,N,930,"K=3 P=7",-1
2026-05-17T00:20:10,VaryK,K,929,"N=7 P=7",449.302
2026-05-17T00:20:10,VaryP,P,930,"N=7 K=3",-1
2026-05-17T00:20:10,VaryN,N,931,"K=3 P=7",-1
2026-05-17T00:20:11,VaryK,K,930,"N=7 P=7",462.172
2026-05-17T00:20:11,VaryP,P,931,"N=7 K=3",-1
2026-05-17T00:20:11,VaryN,N,932,"K=3 P=7",-1
2026-05-17T00:20:11,VaryK,K,931,"N=7 P=7",444.926
2026-05-17T00:20:11,VaryP,P,932,"N=7 K=3",-1
2026-05-17T00:20:11,VaryN,N,933,"K=3 P=7",-1
2026-05-17T00:20:12,VaryK,K,932,"N=7 P=7",454.271
2026-05-17T00:20:12,VaryP,P,933,"N=7 K=3",-1
2026-05-17T00:20:12,VaryN,N,934,"K=3 P=7",-1
2026-05-17T00:20:12,VaryK,K,933,"N=7 P=7",445.99
2026-05-17T00:20:12,VaryP,P,934,"N=7 K=3",-1
2026-05-17T00:20:12,VaryN,N,935,"K=3 P=7",-1
2026-05-17T00:20:13,VaryK,K,934,"N=7 P=7",458.849
2026-05-17T00:20:13,VaryP,P,935,"N=7 K=3",-1
2026-05-17T00:20:13,VaryN,N,936,"K=3 P=7",-1
2026-05-17T00:20:13,VaryK,K,935,"N=7 P=7",468.471
2026-05-17T00:20:13,VaryP,P,936,"N=7 K=3",-1
2026-05-17T00:20:13,VaryN,N,937,"K=3 P=7",-1
2026-05-17T00:20:14,VaryK,K,936,"N=7 P=7",484.345
2026-05-17T00:20:14,VaryP,P,937,"N=7 K=3",-1
2026-05-17T00:20:14,VaryN,N,938,"K=3 P=7",-1
2026-05-17T00:20:14,VaryK,K,937,"N=7 P=7",449.291
2026-05-17T00:20:14,VaryP,P,938,"N=7 K=3",-1
2026-05-17T00:20:14,VaryN,N,939,"K=3 P=7",-1
2026-05-17T00:20:15,VaryK,K,938,"N=7 P=7",452.505
2026-05-17T00:20:15,VaryP,P,939,"N=7 K=3",-1
2026-05-17T00:20:15,VaryN,N,940,"K=3 P=7",-1
2026-05-17T00:20:15,VaryK,K,939,"N=7 P=7",445.837
2026-05-17T00:20:15,VaryP,P,940,"N=7 K=3",-1
2026-05-17T00:20:15,VaryN,N,941,"K=3 P=7",-1
2026-05-17T00:20:16,VaryK,K,940,"N=7 P=7",458.083
2026-05-17T00:20:16,VaryP,P,941,"N=7 K=3",-1
2026-05-17T00:20:16,VaryN,N,942,"K=3 P=7",-1
2026-05-17T00:20:16,VaryK,K,941,"N=7 P=7",474.031
2026-05-17T00:20:16,VaryP,P,942,"N=7 K=3",-1
2026-05-17T00:20:16,VaryN,N,943,"K=3 P=7",-1
2026-05-17T00:20:17,VaryK,K,942,"N=7 P=7",514.131
2026-05-17T00:20:17,VaryP,P,943,"N=7 K=3",-1
2026-05-17T00:20:17,VaryN,N,944,"K=3 P=7",-1
2026-05-17T00:20:17,VaryK,K,943,"N=7 P=7",505.082
2026-05-17T00:20:17,VaryP,P,944,"N=7 K=3",-1
2026-05-17T00:20:17,VaryN,N,945,"K=3 P=7",-1
2026-05-17T00:20:18,VaryK,K,944,"N=7 P=7",503.085
2026-05-17T00:20:18,VaryP,P,945,"N=7 K=3",-1
2026-05-17T00:20:18,VaryN,N,946,"K=3 P=7",-1
2026-05-17T00:20:18,VaryK,K,945,"N=7 P=7",444.565
2026-05-17T00:20:18,VaryP,P,946,"N=7 K=3",-1
2026-05-17T00:20:18,VaryN,N,947,"K=3 P=7",-1
2026-05-17T00:20:18,VaryK,K,946,"N=7 P=7",438.759
2026-05-17T00:20:18,VaryP,P,947,"N=7 K=3",-1
2026-05-17T00:20:18,VaryN,N,948,"K=3 P=7",-1
2026-05-17T00:20:19,VaryK,K,947,"N=7 P=7",445.766
2026-05-17T00:20:19,VaryP,P,948,"N=7 K=3",-1
2026-05-17T00:20:19,VaryN,N,949,"K=3 P=7",-1
2026-05-17T00:20:19,VaryK,K,948,"N=7 P=7",454.804
2026-05-17T00:20:19,VaryP,P,949,"N=7 K=3",-1
2026-05-17T00:20:19,VaryN,N,950,"K=3 P=7",-1
2026-05-17T00:20:20,VaryK,K,949,"N=7 P=7",443.157
2026-05-17T00:20:20,VaryP,P,950,"N=7 K=3",-1
2026-05-17T00:20:20,VaryN,N,951,"K=3 P=7",-1
2026-05-17T00:20:20,VaryK,K,950,"N=7 P=7",445.122
2026-05-17T00:20:20,VaryP,P,951,"N=7 K=3",-1
2026-05-17T00:20:20,VaryN,N,952,"K=3 P=7",-1
2026-05-17T00:20:21,VaryK,K,951,"N=7 P=7",451.771
2026-05-17T00:20:21,VaryP,P,952,"N=7 K=3",-1
2026-05-17T00:20:21,VaryN,N,953,"K=3 P=7",-1
2026-05-17T00:20:21,VaryK,K,952,"N=7 P=7",450.519
2026-05-17T00:20:21,VaryP,P,953,"N=7 K=3",-1
2026-05-17T00:20:21,VaryN,N,954,"K=3 P=7",-1
2026-05-17T00:20:22,VaryK,K,953,"N=7 P=7",456.3
2026-05-17T00:20:22,VaryP,P,954,"N=7 K=3",-1
2026-05-17T00:20:22,VaryN,N,955,"K=3 P=7",-1
2026-05-17T00:20:22,VaryK,K,954,"N=7 P=7",451.64
2026-05-17T00:20:22,VaryP,P,955,"N=7 K=3",-1
2026-05-17T00:20:22,VaryN,N,956,"K=3 P=7",-1
2026-05-17T00:20:23,VaryK,K,955,"N=7 P=7",456.468
2026-05-17T00:20:23,VaryP,P,956,"N=7 K=3",-1
2026-05-17T00:20:23,VaryN,N,957,"K=3 P=7",-1
2026-05-17T00:20:23,VaryK,K,956,"N=7 P=7",466.799
2026-05-17T00:20:23,VaryP,P,957,"N=7 K=3",-1
2026-05-17T00:20:23,VaryN,N,958,"K=3 P=7",-1
2026-05-17T00:20:24,VaryK,K,957,"N=7 P=7",453.314
2026-05-17T00:20:24,VaryP,P,958,"N=7 K=3",-1
2026-05-17T00:20:24,VaryN,N,959,"K=3 P=7",-1
2026-05-17T00:20:24,VaryK,K,958,"N=7 P=7",447.577
2026-05-17T00:20:24,VaryP,P,959,"N=7 K=3",-1
2026-05-17T00:20:24,VaryN,N,960,"K=3 P=7",-1
2026-05-17T00:20:24,VaryK,K,959,"N=7 P=7",460.068
2026-05-17T00:20:24,VaryP,P,960,"N=7 K=3",-1
2026-05-17T00:20:24,VaryN,N,961,"K=3 P=7",-1
2026-05-17T00:20:25,VaryK,K,960,"N=7 P=7",468.788
2026-05-17T00:20:25,VaryP,P,961,"N=7 K=3",-1
2026-05-17T00:20:25,VaryN,N,962,"K=3 P=7",-1
2026-05-17T00:20:25,VaryK,K,961,"N=7 P=7",452.891
2026-05-17T00:20:25,VaryP,P,962,"N=7 K=3",-1
2026-05-17T00:20:25,VaryN,N,963,"K=3 P=7",-1
2026-05-17T00:20:26,VaryK,K,962,"N=7 P=7",453.891
2026-05-17T00:20:26,VaryP,P,963,"N=7 K=3",-1
2026-05-17T00:20:26,VaryN,N,964,"K=3 P=7",-1
2026-05-17T00:20:26,VaryK,K,963,"N=7 P=7",449.037
2026-05-17T00:20:26,VaryP,P,964,"N=7 K=3",-1
2026-05-17T00:20:26,VaryN,N,965,"K=3 P=7",-1
2026-05-17T00:20:27,VaryK,K,964,"N=7 P=7",448.554
2026-05-17T00:20:27,VaryP,P,965,"N=7 K=3",-1
2026-05-17T00:20:27,VaryN,N,966,"K=3 P=7",-1
2026-05-17T00:20:27,VaryK,K,965,"N=7 P=7",438.45
2026-05-17T00:20:27,VaryP,P,966,"N=7 K=3",-1
2026-05-17T00:20:27,VaryN,N,967,"K=3 P=7",-1
2026-05-17T00:20:28,VaryK,K,966,"N=7 P=7",445.527
2026-05-17T00:20:28,VaryP,P,967,"N=7 K=3",-1
2026-05-17T00:20:28,VaryN,N,968,"K=3 P=7",-1
2026-05-17T00:20:28,VaryK,K,967,"N=7 P=7",454.638
2026-05-17T00:20:28,VaryP,P,968,"N=7 K=3",-1
2026-05-17T00:20:28,VaryN,N,969,"K=3 P=7",-1
2026-05-17T00:20:29,VaryK,K,968,"N=7 P=7",440.489
2026-05-17T00:20:29,VaryP,P,969,"N=7 K=3",-1
2026-05-17T00:20:29,VaryN,N,970,"K=3 P=7",-1
2026-05-17T00:20:29,VaryK,K,969,"N=7 P=7",450.277
2026-05-17T00:20:29,VaryP,P,970,"N=7 K=3",-1
2026-05-17T00:20:29,VaryN,N,971,"K=3 P=7",-1
2026-05-17T00:20:29,VaryK,K,970,"N=7 P=7",445.436
2026-05-17T00:20:29,VaryP,P,971,"N=7 K=3",-1
2026-05-17T00:20:29,VaryN,N,972,"K=3 P=7",-1
2026-05-17T00:20:30,VaryK,K,971,"N=7 P=7",444.811
2026-05-17T00:20:30,VaryP,P,972,"N=7 K=3",-1
2026-05-17T00:20:30,VaryN,N,973,"K=3 P=7",-1
2026-05-17T00:20:30,VaryK,K,972,"N=7 P=7",437.122
2026-05-17T00:20:30,VaryP,P,973,"N=7 K=3",-1
2026-05-17T00:20:30,VaryN,N,974,"K=3 P=7",-1
2026-05-17T00:20:31,VaryK,K,973,"N=7 P=7",462.236
2026-05-17T00:20:31,VaryP,P,974,"N=7 K=3",-1
2026-05-17T00:20:31,VaryN,N,975,"K=3 P=7",-1
2026-05-17T00:20:31,VaryK,K,974,"N=7 P=7",441.71
2026-05-17T00:20:31,VaryP,P,975,"N=7 K=3",-1
2026-05-17T00:20:31,VaryN,N,976,"K=3 P=7",-1
2026-05-17T00:20:32,VaryK,K,975,"N=7 P=7",450.027
2026-05-17T00:20:32,VaryP,P,976,"N=7 K=3",-1
2026-05-17T00:20:32,VaryN,N,977,"K=3 P=7",-1
2026-05-17T00:20:32,VaryK,K,976,"N=7 P=7",444.707
2026-05-17T00:20:32,VaryP,P,977,"N=7 K=3",-1
2026-05-17T00:20:32,VaryN,N,978,"K=3 P=7",-1
2026-05-17T00:20:33,VaryK,K,977,"N=7 P=7",456.855
2026-05-17T00:20:33,VaryP,P,978,"N=7 K=3",-1
2026-05-17T00:20:33,VaryN,N,979,"K=3 P=7",-1
2026-05-17T00:20:33,VaryK,K,978,"N=7 P=7",441.315
2026-05-17T00:20:33,VaryP,P,979,"N=7 K=3",-1
2026-05-17T00:20:33,VaryN,N,980,"K=3 P=7",-1
2026-05-17T00:20:34,VaryK,K,979,"N=7 P=7",441.815
2026-05-17T00:20:34,VaryP,P,980,"N=7 K=3",-1
2026-05-17T00:20:34,VaryN,N,981,"K=3 P=7",-1
2026-05-17T00:20:34,VaryK,K,980,"N=7 P=7",444.483
2026-05-17T00:20:34,VaryP,P,981,"N=7 K=3",-1
2026-05-17T00:20:34,VaryN,N,982,"K=3 P=7",-1
2026-05-17T00:20:34,VaryK,K,981,"N=7 P=7",446.51
2026-05-17T00:20:34,VaryP,P,982,"N=7 K=3",-1
2026-05-17T00:20:34,VaryN,N,983,"K=3 P=7",-1
2026-05-17T00:20:35,VaryK,K,982,"N=7 P=7",447.935
2026-05-17T00:20:35,VaryP,P,983,"N=7 K=3",-1
2026-05-17T00:20:35,VaryN,N,984,"K=3 P=7",-1
2026-05-17T00:20:35,VaryK,K,983,"N=7 P=7",447.221
2026-05-17T00:20:35,VaryP,P,984,"N=7 K=3",-1
2026-05-17T00:20:35,VaryN,N,985,"K=3 P=7",-1
2026-05-17T00:20:36,VaryK,K,984,"N=7 P=7",454.713
2026-05-17T00:20:36,VaryP,P,985,"N=7 K=3",-1
2026-05-17T00:20:36,VaryN,N,986,"K=3 P=7",-1
2026-05-17T00:20:36,VaryK,K,985,"N=7 P=7",442.365
2026-05-17T00:20:36,VaryP,P,986,"N=7 K=3",-1
2026-05-17T00:20:36,VaryN,N,987,"K=3 P=7",-1
2026-05-17T00:20:37,VaryK,K,986,"N=7 P=7",465.946
2026-05-17T00:20:37,VaryP,P,987,"N=7 K=3",-1
2026-05-17T00:20:37,VaryN,N,988,"K=3 P=7",-1
2026-05-17T00:20:37,VaryK,K,987,"N=7 P=7",452.046
2026-05-17T00:20:37,VaryP,P,988,"N=7 K=3",-1
2026-05-17T00:20:37,VaryN,N,989,"K=3 P=7",-1
2026-05-17T00:20:38,VaryK,K,988,"N=7 P=7",459.456
2026-05-17T00:20:38,VaryP,P,989,"N=7 K=3",-1
2026-05-17T00:20:38,VaryN,N,990,"K=3 P=7",-1
2026-05-17T00:20:38,VaryK,K,989,"N=7 P=7",452.445
2026-05-17T00:20:38,VaryP,P,990,"N=7 K=3",-1
2026-05-17T00:20:38,VaryN,N,991,"K=3 P=7",-1
2026-05-17T00:20:39,VaryK,K,990,"N=7 P=7",462.225
2026-05-17T00:20:39,VaryP,P,991,"N=7 K=3",-1
2026-05-17T00:20:39,VaryN,N,992,"K=3 P=7",-1
2026-05-17T00:20:39,VaryK,K,991,"N=7 P=7",444.508
2026-05-17T00:20:39,VaryP,P,992,"N=7 K=3",-1
2026-05-17T00:20:39,VaryN,N,993,"K=3 P=7",-1
2026-05-17T00:20:40,VaryK,K,992,"N=7 P=7",451.598
2026-05-17T00:20:40,VaryP,P,993,"N=7 K=3",-1
2026-05-17T00:20:40,VaryN,N,994,"K=3 P=7",-1
2026-05-17T00:20:40,VaryK,K,993,"N=7 P=7",456.007
2026-05-17T00:20:40,VaryP,P,994,"N=7 K=3",-1
2026-05-17T00:20:40,VaryN,N,995,"K=3 P=7",-1
2026-05-17T00:20:40,VaryK,K,994,"N=7 P=7",446.312
2026-05-17T00:20:40,VaryP,P,995,"N=7 K=3",-1
2026-05-17T00:20:40,VaryN,N,996,"K=3 P=7",-1
2026-05-17T00:20:41,VaryK,K,995,"N=7 P=7",449.458
2026-05-17T00:20:41,VaryP,P,996,"N=7 K=3",-1
2026-05-17T00:20:41,VaryN,N,997,"K=3 P=7",-1
2026-05-17T00:20:41,VaryK,K,996,"N=7 P=7",448.254
2026-05-17T00:20:41,VaryP,P,997,"N=7 K=3",-1
2026-05-17T00:20:41,VaryN,N,998,"K=3 P=7",-1
2026-05-17T00:20:42,VaryK,K,997,"N=7 P=7",452.906
2026-05-17T00:20:42,VaryP,P,998,"N=7 K=3",-1
2026-05-17T00:20:42,VaryN,N,999,"K=3 P=7",-1
2026-05-17T00:20:42,VaryK,K,998,"N=7 P=7",450.847
2026-05-17T00:20:42,VaryP,P,999,"N=7 K=3",-1
2026-05-17T00:20:42,VaryN,N,1000,"K=3 P=7",-1
2026-05-17T00:20:43,VaryK,K,999,"N=7 P=7",463.218
2026-05-17T00:20:43,VaryP,P,1000,"N=7 K=3",-1
2026-05-17T00:20:43,VaryK,K,1000,"N=7 P=7",455.444
