timestamp,benchmark,parameter,value,fixed_params,time_ms
2026-05-18T20:45:02,VaryN,N,2,"K=3 P=7",0.0076
2026-05-18T20:45:02,VaryK,K,1,"N=7 P=7",0.0183
2026-05-18T20:45:02,VaryP,P,2,"N=7 K=3",0.0078
2026-05-18T20:45:02,VaryN,N,3,"K=3 P=7",0.0122
2026-05-18T20:45:02,VaryK,K,2,"N=7 P=7",0.0093
2026-05-18T20:45:02,VaryP,P,3,"N=7 K=3",0.0049
2026-05-18T20:45:02,VaryN,N,4,"K=3 P=7",0.0064
2026-05-18T20:45:02,VaryK,K,3,"N=7 P=7",0.0069
2026-05-18T20:45:02,VaryP,P,4,"N=7 K=3",0.0062
2026-05-18T20:45:02,VaryN,N,5,"K=3 P=7",0.0063
2026-05-18T20:45:02,VaryK,K,4,"N=7 P=7",0.0109
2026-05-18T20:45:02,VaryP,P,5,"N=7 K=3",0.0079
2026-05-18T20:45:02,VaryN,N,6,"K=3 P=7",0.0074
2026-05-18T20:45:02,VaryK,K,5,"N=7 P=7",0.0063
2026-05-18T20:45:02,VaryP,P,6,"N=7 K=3",0.0061
2026-05-18T20:45:02,VaryN,N,7,"K=3 P=7",0.0077
2026-05-18T20:45:02,VaryK,K,6,"N=7 P=7",0.008
2026-05-18T20:45:02,VaryP,P,7,"N=7 K=3",0.0093
2026-05-18T20:45:02,VaryN,N,8,"K=3 P=7",0.0099
2026-05-18T20:45:02,VaryK,K,7,"N=7 P=7",0.0206
2026-05-18T20:45:02,VaryP,P,8,"N=7 K=3",0.0182
2026-05-18T20:45:02,VaryN,N,9,"K=3 P=7",0.0101
2026-05-18T20:45:02,VaryK,K,8,"N=7 P=7",0.0114
2026-05-18T20:45:02,VaryP,P,9,"N=7 K=3",0.0087
2026-05-18T20:45:02,VaryN,N,10,"K=3 P=7",0.0098
2026-05-18T20:45:02,VaryK,K,9,"N=7 P=7",0.0078
2026-05-18T20:45:02,VaryP,P,10,"N=7 K=3",0.0102
2026-05-18T20:45:02,VaryN,N,11,"K=3 P=7",0.0093
2026-05-18T20:45:02,VaryK,K,10,"N=7 P=7",0.0118
2026-05-18T20:45:02,VaryP,P,11,"N=7 K=3",0.0106
2026-05-18T20:45:02,VaryN,N,12,"K=3 P=7",0.0083
2026-05-18T20:45:02,VaryK,K,11,"N=7 P=7",0.0077
2026-05-18T20:45:02,VaryP,P,12,"N=7 K=3",0.0091
2026-05-18T20:45:02,VaryN,N,13,"K=3 P=7",0.0269
2026-05-18T20:45:02,VaryK,K,12,"N=7 P=7",0.01
2026-05-18T20:45:02,VaryP,P,13,"N=7 K=3",0.011
2026-05-18T20:45:02,VaryN,N,14,"K=3 P=7",0.021
2026-05-18T20:45:02,VaryK,K,13,"N=7 P=7",0.0095
2026-05-18T20:45:02,VaryP,P,14,"N=7 K=3",-1
2026-05-18T20:45:02,VaryN,N,15,"K=3 P=7",0.0128
2026-05-18T20:45:02,VaryK,K,14,"N=7 P=7",0.0096
2026-05-18T20:45:02,VaryP,P,15,"N=7 K=3",-1
2026-05-18T20:45:02,VaryN,N,16,"K=3 P=7",0.0078
2026-05-18T20:45:02,VaryK,K,15,"N=7 P=7",0.0066
2026-05-18T20:45:02,VaryP,P,16,"N=7 K=3",-1
2026-05-18T20:45:02,VaryN,N,17,"K=3 P=7",0.0097
2026-05-18T20:45:02,VaryK,K,16,"N=7 P=7",0.0075
2026-05-18T20:45:02,VaryP,P,17,"N=7 K=3",-1
2026-05-18T20:45:02,VaryN,N,18,"K=3 P=7",0.0117
2026-05-18T20:45:02,VaryK,K,17,"N=7 P=7",0.0081
2026-05-18T20:45:02,VaryP,P,18,"N=7 K=3",-1
2026-05-18T20:45:02,VaryN,N,19,"K=3 P=7",0.0314
2026-05-18T20:45:02,VaryK,K,18,"N=7 P=7",0.0102
2026-05-18T20:45:02,VaryP,P,19,"N=7 K=3",-1
2026-05-18T20:45:02,VaryN,N,20,"K=3 P=7",0.011
2026-05-18T20:45:02,VaryK,K,19,"N=7 P=7",0.0106
2026-05-18T20:45:02,VaryP,P,20,"N=7 K=3",-1
2026-05-18T20:45:02,VaryN,N,21,"K=3 P=7",0.0164
2026-05-18T20:45:02,VaryK,K,20,"N=7 P=7",0.0093
2026-05-18T20:45:02,VaryP,P,21,"N=7 K=3",-1
2026-05-18T20:45:02,VaryN,N,22,"K=3 P=7",0.0119
2026-05-18T20:45:02,VaryK,K,21,"N=7 P=7",0.0135
2026-05-18T20:45:02,VaryP,P,22,"N=7 K=3",-1
2026-05-18T20:45:02,VaryN,N,23,"K=3 P=7",0.0118
2026-05-18T20:45:02,VaryK,K,22,"N=7 P=7",0.0075
2026-05-18T20:45:02,VaryP,P,23,"N=7 K=3",-1
2026-05-18T20:45:02,VaryN,N,24,"K=3 P=7",0.0189
2026-05-18T20:45:02,VaryK,K,23,"N=7 P=7",0.0115
2026-05-18T20:45:02,VaryP,P,24,"N=7 K=3",-1
2026-05-18T20:45:02,VaryN,N,25,"K=3 P=7",0.0117
2026-05-18T20:45:02,VaryK,K,24,"N=7 P=7",0.0142
2026-05-18T20:45:02,VaryP,P,25,"N=7 K=3",-1
2026-05-18T20:45:02,VaryN,N,26,"K=3 P=7",0.0095
2026-05-18T20:45:02,VaryK,K,25,"N=7 P=7",0.008
2026-05-18T20:45:02,VaryP,P,26,"N=7 K=3",-1
2026-05-18T20:45:02,VaryN,N,27,"K=3 P=7",0.0082
2026-05-18T20:45:02,VaryK,K,26,"N=7 P=7",0.0101
2026-05-18T20:45:02,VaryP,P,27,"N=7 K=3",-1
2026-05-18T20:45:02,VaryN,N,28,"K=3 P=7",0.0116
2026-05-18T20:45:02,VaryK,K,27,"N=7 P=7",0.0066
2026-05-18T20:45:02,VaryP,P,28,"N=7 K=3",-1
2026-05-18T20:45:02,VaryN,N,29,"K=3 P=7",0.0097
2026-05-18T20:45:02,VaryK,K,28,"N=7 P=7",0.0114
2026-05-18T20:45:02,VaryP,P,29,"N=7 K=3",-1
2026-05-18T20:45:02,VaryN,N,30,"K=3 P=7",0.0121
2026-05-18T20:45:02,VaryK,K,29,"N=7 P=7",0.0136
2026-05-18T20:45:02,VaryP,P,30,"N=7 K=3",-1
2026-05-18T20:45:02,VaryN,N,31,"K=3 P=7",0.012
2026-05-18T20:45:02,VaryK,K,30,"N=7 P=7",0.009
2026-05-18T20:45:02,VaryP,P,31,"N=7 K=3",-1
2026-05-18T20:45:02,VaryN,N,32,"K=3 P=7",0.0071
2026-05-18T20:45:02,VaryK,K,31,"N=7 P=7",0.0159
2026-05-18T20:45:02,VaryP,P,32,"N=7 K=3",-1
2026-05-18T20:45:02,VaryN,N,33,"K=3 P=7",0.0107
2026-05-18T20:45:02,VaryK,K,32,"N=7 P=7",0.0126
2026-05-18T20:45:02,VaryP,P,33,"N=7 K=3",-1
2026-05-18T20:45:02,VaryN,N,34,"K=3 P=7",0.0244
2026-05-18T20:45:02,VaryK,K,33,"N=7 P=7",0.0102
2026-05-18T20:45:02,VaryP,P,34,"N=7 K=3",-1
2026-05-18T20:45:02,VaryN,N,35,"K=3 P=7",0.0123
2026-05-18T20:45:02,VaryK,K,34,"N=7 P=7",0.0175
2026-05-18T20:45:02,VaryP,P,35,"N=7 K=3",-1
2026-05-18T20:45:02,VaryN,N,36,"K=3 P=7",0.0111
2026-05-18T20:45:02,VaryK,K,35,"N=7 P=7",0.0123
2026-05-18T20:45:02,VaryP,P,36,"N=7 K=3",-1
2026-05-18T20:45:02,VaryN,N,37,"K=3 P=7",0.0131
2026-05-18T20:45:02,VaryK,K,36,"N=7 P=7",0.0088
2026-05-18T20:45:02,VaryP,P,37,"N=7 K=3",-1
2026-05-18T20:45:02,VaryN,N,38,"K=3 P=7",0.0074
2026-05-18T20:45:02,VaryK,K,37,"N=7 P=7",0.0073
2026-05-18T20:45:02,VaryP,P,38,"N=7 K=3",-1
2026-05-18T20:45:02,VaryN,N,39,"K=3 P=7",-1
2026-05-18T20:45:02,VaryK,K,38,"N=7 P=7",0.0089
2026-05-18T20:45:02,VaryP,P,39,"N=7 K=3",-1
2026-05-18T20:45:02,VaryN,N,40,"K=3 P=7",-1
2026-05-18T20:45:02,VaryK,K,39,"N=7 P=7",0.0075
2026-05-18T20:45:02,VaryP,P,40,"N=7 K=3",-1
2026-05-18T20:45:02,VaryN,N,41,"K=3 P=7",-1
2026-05-18T20:45:02,VaryK,K,40,"N=7 P=7",0.011
2026-05-18T20:45:02,VaryP,P,41,"N=7 K=3",-1
2026-05-18T20:45:02,VaryN,N,42,"K=3 P=7",-1
2026-05-18T20:45:02,VaryK,K,41,"N=7 P=7",0.0139
2026-05-18T20:45:02,VaryP,P,42,"N=7 K=3",-1
2026-05-18T20:45:02,VaryN,N,43,"K=3 P=7",-1
2026-05-18T20:45:02,VaryK,K,42,"N=7 P=7",0.0163
2026-05-18T20:45:02,VaryP,P,43,"N=7 K=3",-1
2026-05-18T20:45:02,VaryN,N,44,"K=3 P=7",-1
2026-05-18T20:45:02,VaryK,K,43,"N=7 P=7",0.0075
2026-05-18T20:45:02,VaryP,P,44,"N=7 K=3",-1
2026-05-18T20:45:02,VaryN,N,45,"K=3 P=7",-1
2026-05-18T20:45:02,VaryK,K,44,"N=7 P=7",0.0069
2026-05-18T20:45:02,VaryP,P,45,"N=7 K=3",-1
2026-05-18T20:45:02,VaryN,N,46,"K=3 P=7",-1
2026-05-18T20:45:02,VaryK,K,45,"N=7 P=7",0.0066
2026-05-18T20:45:02,VaryP,P,46,"N=7 K=3",-1
2026-05-18T20:45:02,VaryN,N,47,"K=3 P=7",-1
2026-05-18T20:45:02,VaryK,K,46,"N=7 P=7",0.0086
2026-05-18T20:45:02,VaryP,P,47,"N=7 K=3",-1
2026-05-18T20:45:02,VaryN,N,48,"K=3 P=7",-1
2026-05-18T20:45:02,VaryK,K,47,"N=7 P=7",0.0106
2026-05-18T20:45:02,VaryP,P,48,"N=7 K=3",-1
2026-05-18T20:45:02,VaryN,N,49,"K=3 P=7",-1
2026-05-18T20:45:02,VaryK,K,48,"N=7 P=7",0.008
2026-05-18T20:45:02,VaryP,P,49,"N=7 K=3",-1
2026-05-18T20:45:02,VaryN,N,50,"K=3 P=7",-1
2026-05-18T20:45:02,VaryK,K,49,"N=7 P=7",0.011
2026-05-18T20:45:02,VaryP,P,50,"N=7 K=3",-1
2026-05-18T20:45:02,VaryN,N,51,"K=3 P=7",-1
2026-05-18T20:45:02,VaryK,K,50,"N=7 P=7",0.0072
2026-05-18T20:45:02,VaryP,P,51,"N=7 K=3",-1
2026-05-18T20:45:02,VaryN,N,52,"K=3 P=7",-1
2026-05-18T20:45:02,VaryK,K,51,"N=7 P=7",0.0101
2026-05-18T20:45:02,VaryP,P,52,"N=7 K=3",-1
2026-05-18T20:45:02,VaryN,N,53,"K=3 P=7",-1
2026-05-18T20:45:02,VaryK,K,52,"N=7 P=7",0.0085
2026-05-18T20:45:02,VaryP,P,53,"N=7 K=3",-1
2026-05-18T20:45:02,VaryN,N,54,"K=3 P=7",-1
2026-05-18T20:45:02,VaryK,K,53,"N=7 P=7",0.01
2026-05-18T20:45:02,VaryP,P,54,"N=7 K=3",-1
2026-05-18T20:45:02,VaryN,N,55,"K=3 P=7",-1
2026-05-18T20:45:02,VaryK,K,54,"N=7 P=7",0.013
2026-05-18T20:45:02,VaryP,P,55,"N=7 K=3",-1
2026-05-18T20:45:02,VaryN,N,56,"K=3 P=7",-1
2026-05-18T20:45:02,VaryK,K,55,"N=7 P=7",0.0096
2026-05-18T20:45:02,VaryP,P,56,"N=7 K=3",-1
2026-05-18T20:45:02,VaryN,N,57,"K=3 P=7",-1
2026-05-18T20:45:02,VaryK,K,56,"N=7 P=7",0.0143
2026-05-18T20:45:02,VaryP,P,57,"N=7 K=3",-1
2026-05-18T20:45:02,VaryN,N,58,"K=3 P=7",-1
2026-05-18T20:45:02,VaryK,K,57,"N=7 P=7",0.03
2026-05-18T20:45:02,VaryP,P,58,"N=7 K=3",-1
2026-05-18T20:45:02,VaryN,N,59,"K=3 P=7",-1
2026-05-18T20:45:02,VaryK,K,58,"N=7 P=7",0.0102
2026-05-18T20:45:02,VaryP,P,59,"N=7 K=3",-1
2026-05-18T20:45:02,VaryN,N,60,"K=3 P=7",-1
2026-05-18T20:45:02,VaryK,K,59,"N=7 P=7",0.0106
2026-05-18T20:45:02,VaryP,P,60,"N=7 K=3",-1
2026-05-18T20:45:02,VaryN,N,61,"K=3 P=7",-1
2026-05-18T20:45:02,VaryK,K,60,"N=7 P=7",0.0069
2026-05-18T20:45:02,VaryP,P,61,"N=7 K=3",-1
2026-05-18T20:45:02,VaryN,N,62,"K=3 P=7",-1
2026-05-18T20:45:02,VaryK,K,61,"N=7 P=7",0.0094
2026-05-18T20:45:02,VaryP,P,62,"N=7 K=3",-1
2026-05-18T20:45:02,VaryN,N,63,"K=3 P=7",-1
2026-05-18T20:45:02,VaryK,K,62,"N=7 P=7",0.0096
2026-05-18T20:45:02,VaryP,P,63,"N=7 K=3",-1
2026-05-18T20:45:02,VaryN,N,64,"K=3 P=7",-1
2026-05-18T20:45:02,VaryK,K,63,"N=7 P=7",0.0074
2026-05-18T20:45:02,VaryP,P,64,"N=7 K=3",-1
2026-05-18T20:45:02,VaryN,N,65,"K=3 P=7",-1
2026-05-18T20:45:02,VaryK,K,64,"N=7 P=7",0.0132
2026-05-18T20:45:02,VaryP,P,65,"N=7 K=3",-1
2026-05-18T20:45:02,VaryN,N,66,"K=3 P=7",-1
2026-05-18T20:45:02,VaryK,K,65,"N=7 P=7",0.0197
2026-05-18T20:45:02,VaryP,P,66,"N=7 K=3",-1
2026-05-18T20:45:02,VaryN,N,67,"K=3 P=7",-1
2026-05-18T20:45:02,VaryK,K,66,"N=7 P=7",0.0083
2026-05-18T20:45:02,VaryP,P,67,"N=7 K=3",-1
2026-05-18T20:45:02,VaryN,N,68,"K=3 P=7",-1
2026-05-18T20:45:02,VaryK,K,67,"N=7 P=7",0.0072
2026-05-18T20:45:02,VaryP,P,68,"N=7 K=3",-1
2026-05-18T20:45:02,VaryN,N,69,"K=3 P=7",-1
2026-05-18T20:45:02,VaryK,K,68,"N=7 P=7",0.0074
2026-05-18T20:45:02,VaryP,P,69,"N=7 K=3",-1
2026-05-18T20:45:02,VaryN,N,70,"K=3 P=7",-1
2026-05-18T20:45:02,VaryK,K,69,"N=7 P=7",0.0076
2026-05-18T20:45:02,VaryP,P,70,"N=7 K=3",-1
2026-05-18T20:45:02,VaryN,N,71,"K=3 P=7",-1
2026-05-18T20:45:02,VaryK,K,70,"N=7 P=7",0.0075
2026-05-18T20:45:02,VaryP,P,71,"N=7 K=3",-1
2026-05-18T20:45:02,VaryN,N,72,"K=3 P=7",-1
2026-05-18T20:45:02,VaryK,K,71,"N=7 P=7",0.0102
2026-05-18T20:45:02,VaryP,P,72,"N=7 K=3",-1
2026-05-18T20:45:02,VaryN,N,73,"K=3 P=7",-1
2026-05-18T20:45:02,VaryK,K,72,"N=7 P=7",0.0069
2026-05-18T20:45:02,VaryP,P,73,"N=7 K=3",-1
2026-05-18T20:45:02,VaryN,N,74,"K=3 P=7",-1
2026-05-18T20:45:02,VaryK,K,73,"N=7 P=7",0.0089
2026-05-18T20:45:02,VaryP,P,74,"N=7 K=3",-1
2026-05-18T20:45:02,VaryN,N,75,"K=3 P=7",-1
2026-05-18T20:45:02,VaryK,K,74,"N=7 P=7",0.0104
2026-05-18T20:45:02,VaryP,P,75,"N=7 K=3",-1
2026-05-18T20:45:02,VaryN,N,76,"K=3 P=7",-1
2026-05-18T20:45:02,VaryK,K,75,"N=7 P=7",0.0148
2026-05-18T20:45:02,VaryP,P,76,"N=7 K=3",-1
2026-05-18T20:45:02,VaryN,N,77,"K=3 P=7",-1
2026-05-18T20:45:02,VaryK,K,76,"N=7 P=7",0.0073
2026-05-18T20:45:02,VaryP,P,77,"N=7 K=3",-1
2026-05-18T20:45:02,VaryN,N,78,"K=3 P=7",-1
2026-05-18T20:45:02,VaryK,K,77,"N=7 P=7",0.0074
2026-05-18T20:45:02,VaryP,P,78,"N=7 K=3",-1
2026-05-18T20:45:02,VaryN,N,79,"K=3 P=7",-1
2026-05-18T20:45:02,VaryK,K,78,"N=7 P=7",0.0071
2026-05-18T20:45:02,VaryP,P,79,"N=7 K=3",-1
2026-05-18T20:45:02,VaryN,N,80,"K=3 P=7",-1
2026-05-18T20:45:02,VaryK,K,79,"N=7 P=7",0.0065
2026-05-18T20:45:02,VaryP,P,80,"N=7 K=3",-1
2026-05-18T20:45:02,VaryN,N,81,"K=3 P=7",-1
2026-05-18T20:45:02,VaryK,K,80,"N=7 P=7",0.0083
2026-05-18T20:45:02,VaryP,P,81,"N=7 K=3",-1
2026-05-18T20:45:02,VaryN,N,82,"K=3 P=7",-1
2026-05-18T20:45:02,VaryK,K,81,"N=7 P=7",0.0075
2026-05-18T20:45:02,VaryP,P,82,"N=7 K=3",-1
2026-05-18T20:45:02,VaryN,N,83,"K=3 P=7",-1
2026-05-18T20:45:02,VaryK,K,82,"N=7 P=7",0.0116
2026-05-18T20:45:02,VaryP,P,83,"N=7 K=3",-1
2026-05-18T20:45:02,VaryN,N,84,"K=3 P=7",-1
2026-05-18T20:45:02,VaryK,K,83,"N=7 P=7",0.0066
2026-05-18T20:45:02,VaryP,P,84,"N=7 K=3",-1
2026-05-18T20:45:02,VaryN,N,85,"K=3 P=7",-1
2026-05-18T20:45:02,VaryK,K,84,"N=7 P=7",0.013
2026-05-18T20:45:02,VaryP,P,85,"N=7 K=3",-1
2026-05-18T20:45:02,VaryN,N,86,"K=3 P=7",-1
2026-05-18T20:45:02,VaryK,K,85,"N=7 P=7",0.0076
2026-05-18T20:45:02,VaryP,P,86,"N=7 K=3",-1
2026-05-18T20:45:02,VaryN,N,87,"K=3 P=7",-1
2026-05-18T20:45:02,VaryK,K,86,"N=7 P=7",0.0169
2026-05-18T20:45:02,VaryP,P,87,"N=7 K=3",-1
2026-05-18T20:45:02,VaryN,N,88,"K=3 P=7",-1
2026-05-18T20:45:02,VaryK,K,87,"N=7 P=7",0.0078
2026-05-18T20:45:02,VaryP,P,88,"N=7 K=3",-1
2026-05-18T20:45:02,VaryN,N,89,"K=3 P=7",-1
2026-05-18T20:45:02,VaryK,K,88,"N=7 P=7",0.0077
2026-05-18T20:45:02,VaryP,P,89,"N=7 K=3",-1
2026-05-18T20:45:02,VaryN,N,90,"K=3 P=7",-1
2026-05-18T20:45:02,VaryK,K,89,"N=7 P=7",0.0161
2026-05-18T20:45:02,VaryP,P,90,"N=7 K=3",-1
2026-05-18T20:45:02,VaryN,N,91,"K=3 P=7",-1
2026-05-18T20:45:02,VaryK,K,90,"N=7 P=7",0.0126
2026-05-18T20:45:02,VaryP,P,91,"N=7 K=3",-1
2026-05-18T20:45:02,VaryN,N,92,"K=3 P=7",-1
2026-05-18T20:45:02,VaryK,K,91,"N=7 P=7",0.0104
2026-05-18T20:45:02,VaryP,P,92,"N=7 K=3",-1
2026-05-18T20:45:02,VaryN,N,93,"K=3 P=7",-1
2026-05-18T20:45:02,VaryK,K,92,"N=7 P=7",0.0101
2026-05-18T20:45:02,VaryP,P,93,"N=7 K=3",-1
2026-05-18T20:45:02,VaryN,N,94,"K=3 P=7",-1
2026-05-18T20:45:02,VaryK,K,93,"N=7 P=7",0.0145
2026-05-18T20:45:02,VaryP,P,94,"N=7 K=3",-1
2026-05-18T20:45:02,VaryN,N,95,"K=3 P=7",-1
2026-05-18T20:45:02,VaryK,K,94,"N=7 P=7",0.0066
2026-05-18T20:45:02,VaryP,P,95,"N=7 K=3",-1
2026-05-18T20:45:02,VaryN,N,96,"K=3 P=7",-1
2026-05-18T20:45:02,VaryK,K,95,"N=7 P=7",0.0092
2026-05-18T20:45:02,VaryP,P,96,"N=7 K=3",-1
2026-05-18T20:45:02,VaryN,N,97,"K=3 P=7",-1
2026-05-18T20:45:02,VaryK,K,96,"N=7 P=7",0.0158
2026-05-18T20:45:02,VaryP,P,97,"N=7 K=3",-1
2026-05-18T20:45:02,VaryN,N,98,"K=3 P=7",-1
2026-05-18T20:45:02,VaryK,K,97,"N=7 P=7",0.0155
2026-05-18T20:45:02,VaryP,P,98,"N=7 K=3",-1
2026-05-18T20:45:02,VaryN,N,99,"K=3 P=7",-1
2026-05-18T20:45:02,VaryK,K,98,"N=7 P=7",0.0122
2026-05-18T20:45:02,VaryP,P,99,"N=7 K=3",-1
2026-05-18T20:45:02,VaryN,N,100,"K=3 P=7",-1
2026-05-18T20:45:02,VaryK,K,99,"N=7 P=7",0.0118
2026-05-18T20:45:02,VaryP,P,100,"N=7 K=3",-1
2026-05-18T20:45:02,VaryN,N,101,"K=3 P=7",-1
2026-05-18T20:45:02,VaryK,K,100,"N=7 P=7",0.0083
2026-05-18T20:45:02,VaryP,P,101,"N=7 K=3",-1
2026-05-18T20:45:02,VaryN,N,102,"K=3 P=7",-1
2026-05-18T20:45:02,VaryK,K,101,"N=7 P=7",0.0085
2026-05-18T20:45:02,VaryP,P,102,"N=7 K=3",-1
2026-05-18T20:45:02,VaryN,N,103,"K=3 P=7",-1
2026-05-18T20:45:02,VaryK,K,102,"N=7 P=7",0.011
2026-05-18T20:45:02,VaryP,P,103,"N=7 K=3",-1
2026-05-18T20:45:02,VaryN,N,104,"K=3 P=7",-1
2026-05-18T20:45:02,VaryK,K,103,"N=7 P=7",0.0111
2026-05-18T20:45:02,VaryP,P,104,"N=7 K=3",-1
2026-05-18T20:45:02,VaryN,N,105,"K=3 P=7",-1
2026-05-18T20:45:02,VaryK,K,104,"N=7 P=7",0.0105
2026-05-18T20:45:02,VaryP,P,105,"N=7 K=3",-1
2026-05-18T20:45:02,VaryN,N,106,"K=3 P=7",-1
2026-05-18T20:45:02,VaryK,K,105,"N=7 P=7",0.0091
2026-05-18T20:45:02,VaryP,P,106,"N=7 K=3",-1
2026-05-18T20:45:02,VaryN,N,107,"K=3 P=7",-1
2026-05-18T20:45:02,VaryK,K,106,"N=7 P=7",0.008
2026-05-18T20:45:02,VaryP,P,107,"N=7 K=3",-1
2026-05-18T20:45:02,VaryN,N,108,"K=3 P=7",-1
2026-05-18T20:45:02,VaryK,K,107,"N=7 P=7",0.0067
2026-05-18T20:45:02,VaryP,P,108,"N=7 K=3",-1
2026-05-18T20:45:02,VaryN,N,109,"K=3 P=7",-1
2026-05-18T20:45:02,VaryK,K,108,"N=7 P=7",0.0072
2026-05-18T20:45:02,VaryP,P,109,"N=7 K=3",-1
2026-05-18T20:45:02,VaryN,N,110,"K=3 P=7",-1
2026-05-18T20:45:02,VaryK,K,109,"N=7 P=7",0.0098
2026-05-18T20:45:02,VaryP,P,110,"N=7 K=3",-1
2026-05-18T20:45:02,VaryN,N,111,"K=3 P=7",-1
2026-05-18T20:45:02,VaryK,K,110,"N=7 P=7",0.0109
2026-05-18T20:45:02,VaryP,P,111,"N=7 K=3",-1
2026-05-18T20:45:02,VaryN,N,112,"K=3 P=7",-1
2026-05-18T20:45:02,VaryK,K,111,"N=7 P=7",0.0085
2026-05-18T20:45:02,VaryP,P,112,"N=7 K=3",-1
2026-05-18T20:45:02,VaryN,N,113,"K=3 P=7",-1
2026-05-18T20:45:02,VaryK,K,112,"N=7 P=7",0.0106
2026-05-18T20:45:02,VaryP,P,113,"N=7 K=3",-1
2026-05-18T20:45:02,VaryN,N,114,"K=3 P=7",-1
2026-05-18T20:45:02,VaryK,K,113,"N=7 P=7",0.0094
2026-05-18T20:45:02,VaryP,P,114,"N=7 K=3",-1
2026-05-18T20:45:02,VaryN,N,115,"K=3 P=7",-1
2026-05-18T20:45:02,VaryK,K,114,"N=7 P=7",0.0136
2026-05-18T20:45:02,VaryP,P,115,"N=7 K=3",-1
2026-05-18T20:45:02,VaryN,N,116,"K=3 P=7",-1
2026-05-18T20:45:02,VaryK,K,115,"N=7 P=7",0.0286
2026-05-18T20:45:02,VaryP,P,116,"N=7 K=3",-1
2026-05-18T20:45:02,VaryN,N,117,"K=3 P=7",-1
2026-05-18T20:45:02,VaryK,K,116,"N=7 P=7",0.0083
2026-05-18T20:45:02,VaryP,P,117,"N=7 K=3",-1
2026-05-18T20:45:02,VaryN,N,118,"K=3 P=7",-1
2026-05-18T20:45:02,VaryK,K,117,"N=7 P=7",0.0282
2026-05-18T20:45:02,VaryP,P,118,"N=7 K=3",-1
2026-05-18T20:45:02,VaryN,N,119,"K=3 P=7",-1
2026-05-18T20:45:02,VaryK,K,118,"N=7 P=7",0.0076
2026-05-18T20:45:02,VaryP,P,119,"N=7 K=3",-1
2026-05-18T20:45:02,VaryN,N,120,"K=3 P=7",-1
2026-05-18T20:45:02,VaryK,K,119,"N=7 P=7",0.0359
2026-05-18T20:45:02,VaryP,P,120,"N=7 K=3",-1
2026-05-18T20:45:02,VaryN,N,121,"K=3 P=7",-1
2026-05-18T20:45:02,VaryK,K,120,"N=7 P=7",0.0124
2026-05-18T20:45:02,VaryP,P,121,"N=7 K=3",-1
2026-05-18T20:45:02,VaryN,N,122,"K=3 P=7",-1
2026-05-18T20:45:02,VaryK,K,121,"N=7 P=7",0.0154
2026-05-18T20:45:02,VaryP,P,122,"N=7 K=3",-1
2026-05-18T20:45:02,VaryN,N,123,"K=3 P=7",-1
2026-05-18T20:45:02,VaryK,K,122,"N=7 P=7",0.0074
2026-05-18T20:45:02,VaryP,P,123,"N=7 K=3",-1
2026-05-18T20:45:02,VaryN,N,124,"K=3 P=7",-1
2026-05-18T20:45:02,VaryK,K,123,"N=7 P=7",0.0135
2026-05-18T20:45:02,VaryP,P,124,"N=7 K=3",-1
2026-05-18T20:45:02,VaryN,N,125,"K=3 P=7",-1
2026-05-18T20:45:02,VaryK,K,124,"N=7 P=7",0.0116
2026-05-18T20:45:02,VaryP,P,125,"N=7 K=3",-1
2026-05-18T20:45:02,VaryN,N,126,"K=3 P=7",-1
2026-05-18T20:45:02,VaryK,K,125,"N=7 P=7",0.0077
2026-05-18T20:45:02,VaryP,P,126,"N=7 K=3",-1
2026-05-18T20:45:02,VaryN,N,127,"K=3 P=7",-1
2026-05-18T20:45:02,VaryK,K,126,"N=7 P=7",0.0106
2026-05-18T20:45:02,VaryP,P,127,"N=7 K=3",-1
2026-05-18T20:45:02,VaryN,N,128,"K=3 P=7",-1
2026-05-18T20:45:02,VaryK,K,127,"N=7 P=7",0.0161
2026-05-18T20:45:02,VaryP,P,128,"N=7 K=3",-1
2026-05-18T20:45:02,VaryN,N,129,"K=3 P=7",-1
2026-05-18T20:45:02,VaryK,K,128,"N=7 P=7",0.0207
2026-05-18T20:45:02,VaryP,P,129,"N=7 K=3",-1
2026-05-18T20:45:02,VaryN,N,130,"K=3 P=7",-1
2026-05-18T20:45:02,VaryK,K,129,"N=7 P=7",0.015
2026-05-18T20:45:02,VaryP,P,130,"N=7 K=3",-1
2026-05-18T20:45:02,VaryN,N,131,"K=3 P=7",-1
2026-05-18T20:45:02,VaryK,K,130,"N=7 P=7",0.0072
2026-05-18T20:45:02,VaryP,P,131,"N=7 K=3",-1
2026-05-18T20:45:02,VaryN,N,132,"K=3 P=7",-1
2026-05-18T20:45:02,VaryK,K,131,"N=7 P=7",0.007
2026-05-18T20:45:02,VaryP,P,132,"N=7 K=3",-1
2026-05-18T20:45:02,VaryN,N,133,"K=3 P=7",-1
2026-05-18T20:45:02,VaryK,K,132,"N=7 P=7",0.0077
2026-05-18T20:45:02,VaryP,P,133,"N=7 K=3",-1
2026-05-18T20:45:02,VaryN,N,134,"K=3 P=7",-1
2026-05-18T20:45:02,VaryK,K,133,"N=7 P=7",0.0073
2026-05-18T20:45:02,VaryP,P,134,"N=7 K=3",-1
2026-05-18T20:45:02,VaryN,N,135,"K=3 P=7",-1
2026-05-18T20:45:02,VaryK,K,134,"N=7 P=7",0.0236
2026-05-18T20:45:02,VaryP,P,135,"N=7 K=3",-1
2026-05-18T20:45:02,VaryN,N,136,"K=3 P=7",-1
2026-05-18T20:45:02,VaryK,K,135,"N=7 P=7",0.0082
2026-05-18T20:45:02,VaryP,P,136,"N=7 K=3",-1
2026-05-18T20:45:02,VaryN,N,137,"K=3 P=7",-1
2026-05-18T20:45:02,VaryK,K,136,"N=7 P=7",0.0088
2026-05-18T20:45:02,VaryP,P,137,"N=7 K=3",-1
2026-05-18T20:45:02,VaryN,N,138,"K=3 P=7",-1
2026-05-18T20:45:02,VaryK,K,137,"N=7 P=7",0.0063
2026-05-18T20:45:02,VaryP,P,138,"N=7 K=3",-1
2026-05-18T20:45:02,VaryN,N,139,"K=3 P=7",-1
2026-05-18T20:45:02,VaryK,K,138,"N=7 P=7",0.0076
2026-05-18T20:45:02,VaryP,P,139,"N=7 K=3",-1
2026-05-18T20:45:02,VaryN,N,140,"K=3 P=7",-1
2026-05-18T20:45:02,VaryK,K,139,"N=7 P=7",0.006
2026-05-18T20:45:02,VaryP,P,140,"N=7 K=3",-1
2026-05-18T20:45:02,VaryN,N,141,"K=3 P=7",-1
2026-05-18T20:45:02,VaryK,K,140,"N=7 P=7",0.0059
2026-05-18T20:45:02,VaryP,P,141,"N=7 K=3",-1
2026-05-18T20:45:02,VaryN,N,142,"K=3 P=7",-1
2026-05-18T20:45:02,VaryK,K,141,"N=7 P=7",0.0086
2026-05-18T20:45:02,VaryP,P,142,"N=7 K=3",-1
2026-05-18T20:45:02,VaryN,N,143,"K=3 P=7",-1
2026-05-18T20:45:02,VaryK,K,142,"N=7 P=7",0.0081
2026-05-18T20:45:02,VaryP,P,143,"N=7 K=3",-1
2026-05-18T20:45:02,VaryN,N,144,"K=3 P=7",-1
2026-05-18T20:45:02,VaryK,K,143,"N=7 P=7",0.0065
2026-05-18T20:45:02,VaryP,P,144,"N=7 K=3",-1
2026-05-18T20:45:02,VaryN,N,145,"K=3 P=7",-1
2026-05-18T20:45:02,VaryK,K,144,"N=7 P=7",0.0069
2026-05-18T20:45:02,VaryP,P,145,"N=7 K=3",-1
2026-05-18T20:45:02,VaryN,N,146,"K=3 P=7",-1
2026-05-18T20:45:02,VaryK,K,145,"N=7 P=7",0.0081
2026-05-18T20:45:02,VaryP,P,146,"N=7 K=3",-1
2026-05-18T20:45:02,VaryN,N,147,"K=3 P=7",-1
2026-05-18T20:45:02,VaryK,K,146,"N=7 P=7",0.007
2026-05-18T20:45:02,VaryP,P,147,"N=7 K=3",-1
2026-05-18T20:45:02,VaryN,N,148,"K=3 P=7",-1
2026-05-18T20:45:02,VaryK,K,147,"N=7 P=7",0.0066
2026-05-18T20:45:02,VaryP,P,148,"N=7 K=3",-1
2026-05-18T20:45:02,VaryN,N,149,"K=3 P=7",-1
2026-05-18T20:45:02,VaryK,K,148,"N=7 P=7",0.0074
2026-05-18T20:45:02,VaryP,P,149,"N=7 K=3",-1
2026-05-18T20:45:02,VaryN,N,150,"K=3 P=7",-1
2026-05-18T20:45:02,VaryK,K,149,"N=7 P=7",0.0114
2026-05-18T20:45:02,VaryP,P,150,"N=7 K=3",-1
2026-05-18T20:45:02,VaryN,N,151,"K=3 P=7",-1
2026-05-18T20:45:02,VaryK,K,150,"N=7 P=7",0.0099
2026-05-18T20:45:02,VaryP,P,151,"N=7 K=3",-1
2026-05-18T20:45:02,VaryN,N,152,"K=3 P=7",-1
2026-05-18T20:45:02,VaryK,K,151,"N=7 P=7",0.012
2026-05-18T20:45:02,VaryP,P,152,"N=7 K=3",-1
2026-05-18T20:45:02,VaryN,N,153,"K=3 P=7",-1
2026-05-18T20:45:02,VaryK,K,152,"N=7 P=7",0.0071
2026-05-18T20:45:02,VaryP,P,153,"N=7 K=3",-1
2026-05-18T20:45:02,VaryN,N,154,"K=3 P=7",-1
2026-05-18T20:45:02,VaryK,K,153,"N=7 P=7",0.0074
2026-05-18T20:45:02,VaryP,P,154,"N=7 K=3",-1
2026-05-18T20:45:02,VaryN,N,155,"K=3 P=7",-1
2026-05-18T20:45:02,VaryK,K,154,"N=7 P=7",0.0088
2026-05-18T20:45:02,VaryP,P,155,"N=7 K=3",-1
2026-05-18T20:45:02,VaryN,N,156,"K=3 P=7",-1
2026-05-18T20:45:02,VaryK,K,155,"N=7 P=7",0.0252
2026-05-18T20:45:02,VaryP,P,156,"N=7 K=3",-1
2026-05-18T20:45:02,VaryN,N,157,"K=3 P=7",-1
2026-05-18T20:45:02,VaryK,K,156,"N=7 P=7",0.0191
2026-05-18T20:45:02,VaryP,P,157,"N=7 K=3",-1
2026-05-18T20:45:02,VaryN,N,158,"K=3 P=7",-1
2026-05-18T20:45:02,VaryK,K,157,"N=7 P=7",0.0084
2026-05-18T20:45:02,VaryP,P,158,"N=7 K=3",-1
2026-05-18T20:45:02,VaryN,N,159,"K=3 P=7",-1
2026-05-18T20:45:02,VaryK,K,158,"N=7 P=7",0.0072
2026-05-18T20:45:02,VaryP,P,159,"N=7 K=3",-1
2026-05-18T20:45:02,VaryN,N,160,"K=3 P=7",-1
2026-05-18T20:45:02,VaryK,K,159,"N=7 P=7",0.0162
2026-05-18T20:45:02,VaryP,P,160,"N=7 K=3",-1
2026-05-18T20:45:02,VaryN,N,161,"K=3 P=7",-1
2026-05-18T20:45:02,VaryK,K,160,"N=7 P=7",0.0101
2026-05-18T20:45:02,VaryP,P,161,"N=7 K=3",-1
2026-05-18T20:45:02,VaryN,N,162,"K=3 P=7",-1
2026-05-18T20:45:02,VaryK,K,161,"N=7 P=7",0.0166
2026-05-18T20:45:02,VaryP,P,162,"N=7 K=3",-1
2026-05-18T20:45:02,VaryN,N,163,"K=3 P=7",-1
2026-05-18T20:45:02,VaryK,K,162,"N=7 P=7",0.014
2026-05-18T20:45:02,VaryP,P,163,"N=7 K=3",-1
2026-05-18T20:45:02,VaryN,N,164,"K=3 P=7",-1
2026-05-18T20:45:02,VaryK,K,163,"N=7 P=7",0.0125
2026-05-18T20:45:02,VaryP,P,164,"N=7 K=3",-1
2026-05-18T20:45:02,VaryN,N,165,"K=3 P=7",-1
2026-05-18T20:45:02,VaryK,K,164,"N=7 P=7",0.0068
2026-05-18T20:45:02,VaryP,P,165,"N=7 K=3",-1
2026-05-18T20:45:02,VaryN,N,166,"K=3 P=7",-1
2026-05-18T20:45:02,VaryK,K,165,"N=7 P=7",0.01
2026-05-18T20:45:02,VaryP,P,166,"N=7 K=3",-1
2026-05-18T20:45:02,VaryN,N,167,"K=3 P=7",-1
2026-05-18T20:45:02,VaryK,K,166,"N=7 P=7",0.0528
2026-05-18T20:45:02,VaryP,P,167,"N=7 K=3",-1
2026-05-18T20:45:02,VaryN,N,168,"K=3 P=7",-1
2026-05-18T20:45:02,VaryK,K,167,"N=7 P=7",0.0101
2026-05-18T20:45:02,VaryP,P,168,"N=7 K=3",-1
2026-05-18T20:45:02,VaryN,N,169,"K=3 P=7",-1
2026-05-18T20:45:02,VaryK,K,168,"N=7 P=7",0.0169
2026-05-18T20:45:02,VaryP,P,169,"N=7 K=3",-1
2026-05-18T20:45:02,VaryN,N,170,"K=3 P=7",-1
2026-05-18T20:45:02,VaryK,K,169,"N=7 P=7",0.0126
2026-05-18T20:45:02,VaryP,P,170,"N=7 K=3",-1
2026-05-18T20:45:02,VaryN,N,171,"K=3 P=7",-1
2026-05-18T20:45:02,VaryK,K,170,"N=7 P=7",0.0112
2026-05-18T20:45:03,VaryP,P,171,"N=7 K=3",-1
2026-05-18T20:45:03,VaryN,N,172,"K=3 P=7",-1
2026-05-18T20:45:03,VaryK,K,171,"N=7 P=7",0.0245
2026-05-18T20:45:03,VaryP,P,172,"N=7 K=3",-1
2026-05-18T20:45:03,VaryN,N,173,"K=3 P=7",-1
2026-05-18T20:45:03,VaryK,K,172,"N=7 P=7",0.0162
2026-05-18T20:45:03,VaryP,P,173,"N=7 K=3",-1
2026-05-18T20:45:03,VaryN,N,174,"K=3 P=7",-1
2026-05-18T20:45:03,VaryK,K,173,"N=7 P=7",0.0102
2026-05-18T20:45:03,VaryP,P,174,"N=7 K=3",-1
2026-05-18T20:45:03,VaryN,N,175,"K=3 P=7",-1
2026-05-18T20:45:03,VaryK,K,174,"N=7 P=7",0.0061
2026-05-18T20:45:03,VaryP,P,175,"N=7 K=3",-1
2026-05-18T20:45:03,VaryN,N,176,"K=3 P=7",-1
2026-05-18T20:45:03,VaryK,K,175,"N=7 P=7",0.0069
2026-05-18T20:45:03,VaryP,P,176,"N=7 K=3",-1
2026-05-18T20:45:03,VaryN,N,177,"K=3 P=7",-1
2026-05-18T20:45:03,VaryK,K,176,"N=7 P=7",0.021
2026-05-18T20:45:03,VaryP,P,177,"N=7 K=3",-1
2026-05-18T20:45:03,VaryN,N,178,"K=3 P=7",-1
2026-05-18T20:45:03,VaryK,K,177,"N=7 P=7",0.0179
2026-05-18T20:45:03,VaryP,P,178,"N=7 K=3",-1
2026-05-18T20:45:03,VaryN,N,179,"K=3 P=7",-1
2026-05-18T20:45:03,VaryK,K,178,"N=7 P=7",0.0076
2026-05-18T20:45:03,VaryP,P,179,"N=7 K=3",-1
2026-05-18T20:45:03,VaryN,N,180,"K=3 P=7",-1
2026-05-18T20:45:03,VaryK,K,179,"N=7 P=7",0.0069
2026-05-18T20:45:03,VaryP,P,180,"N=7 K=3",-1
2026-05-18T20:45:03,VaryN,N,181,"K=3 P=7",-1
2026-05-18T20:45:03,VaryK,K,180,"N=7 P=7",0.0065
2026-05-18T20:45:03,VaryP,P,181,"N=7 K=3",-1
2026-05-18T20:45:03,VaryN,N,182,"K=3 P=7",-1
2026-05-18T20:45:03,VaryK,K,181,"N=7 P=7",0.0065
2026-05-18T20:45:03,VaryP,P,182,"N=7 K=3",-1
2026-05-18T20:45:03,VaryN,N,183,"K=3 P=7",-1
2026-05-18T20:45:03,VaryK,K,182,"N=7 P=7",0.0072
2026-05-18T20:45:03,VaryP,P,183,"N=7 K=3",-1
2026-05-18T20:45:03,VaryN,N,184,"K=3 P=7",-1
2026-05-18T20:45:03,VaryK,K,183,"N=7 P=7",0.0196
2026-05-18T20:45:03,VaryP,P,184,"N=7 K=3",-1
2026-05-18T20:45:03,VaryN,N,185,"K=3 P=7",-1
2026-05-18T20:45:03,VaryK,K,184,"N=7 P=7",0.0085
2026-05-18T20:45:03,VaryP,P,185,"N=7 K=3",-1
2026-05-18T20:45:03,VaryN,N,186,"K=3 P=7",-1
2026-05-18T20:45:03,VaryK,K,185,"N=7 P=7",0.0064
2026-05-18T20:45:03,VaryP,P,186,"N=7 K=3",-1
2026-05-18T20:45:03,VaryN,N,187,"K=3 P=7",-1
2026-05-18T20:45:03,VaryK,K,186,"N=7 P=7",0.0094
2026-05-18T20:45:03,VaryP,P,187,"N=7 K=3",-1
2026-05-18T20:45:03,VaryN,N,188,"K=3 P=7",-1
2026-05-18T20:45:03,VaryK,K,187,"N=7 P=7",0.0061
2026-05-18T20:45:03,VaryP,P,188,"N=7 K=3",-1
2026-05-18T20:45:03,VaryN,N,189,"K=3 P=7",-1
2026-05-18T20:45:03,VaryK,K,188,"N=7 P=7",0.0062
2026-05-18T20:45:03,VaryP,P,189,"N=7 K=3",-1
2026-05-18T20:45:03,VaryN,N,190,"K=3 P=7",-1
2026-05-18T20:45:03,VaryK,K,189,"N=7 P=7",0.0075
2026-05-18T20:45:03,VaryP,P,190,"N=7 K=3",-1
2026-05-18T20:45:03,VaryN,N,191,"K=3 P=7",-1
2026-05-18T20:45:03,VaryK,K,190,"N=7 P=7",0.007
2026-05-18T20:45:03,VaryP,P,191,"N=7 K=3",-1
2026-05-18T20:45:03,VaryN,N,192,"K=3 P=7",-1
2026-05-18T20:45:03,VaryK,K,191,"N=7 P=7",0.0076
2026-05-18T20:45:03,VaryP,P,192,"N=7 K=3",-1
2026-05-18T20:45:03,VaryN,N,193,"K=3 P=7",-1
2026-05-18T20:45:03,VaryK,K,192,"N=7 P=7",0.0062
2026-05-18T20:45:03,VaryP,P,193,"N=7 K=3",-1
2026-05-18T20:45:03,VaryN,N,194,"K=3 P=7",-1
2026-05-18T20:45:03,VaryK,K,193,"N=7 P=7",0.0076
2026-05-18T20:45:03,VaryP,P,194,"N=7 K=3",-1
2026-05-18T20:45:03,VaryN,N,195,"K=3 P=7",-1
2026-05-18T20:45:03,VaryK,K,194,"N=7 P=7",0.0081
2026-05-18T20:45:03,VaryP,P,195,"N=7 K=3",-1
2026-05-18T20:45:03,VaryN,N,196,"K=3 P=7",-1
2026-05-18T20:45:03,VaryK,K,195,"N=7 P=7",0.0113
2026-05-18T20:45:03,VaryP,P,196,"N=7 K=3",-1
2026-05-18T20:45:03,VaryN,N,197,"K=3 P=7",-1
2026-05-18T20:45:03,VaryK,K,196,"N=7 P=7",0.0086
2026-05-18T20:45:03,VaryP,P,197,"N=7 K=3",-1
2026-05-18T20:45:03,VaryN,N,198,"K=3 P=7",-1
2026-05-18T20:45:03,VaryK,K,197,"N=7 P=7",0.0119
2026-05-18T20:45:03,VaryP,P,198,"N=7 K=3",-1
2026-05-18T20:45:03,VaryN,N,199,"K=3 P=7",-1
2026-05-18T20:45:03,VaryK,K,198,"N=7 P=7",0.01
2026-05-18T20:45:03,VaryP,P,199,"N=7 K=3",-1
2026-05-18T20:45:03,VaryN,N,200,"K=3 P=7",-1
2026-05-18T20:45:03,VaryK,K,199,"N=7 P=7",0.0198
2026-05-18T20:45:03,VaryP,P,200,"N=7 K=3",-1
2026-05-18T20:45:03,VaryN,N,201,"K=3 P=7",-1
2026-05-18T20:45:03,VaryK,K,200,"N=7 P=7",0.0099
2026-05-18T20:45:03,VaryP,P,201,"N=7 K=3",-1
2026-05-18T20:45:03,VaryN,N,202,"K=3 P=7",-1
2026-05-18T20:45:03,VaryK,K,201,"N=7 P=7",0.0101
2026-05-18T20:45:03,VaryP,P,202,"N=7 K=3",-1
2026-05-18T20:45:03,VaryN,N,203,"K=3 P=7",-1
2026-05-18T20:45:03,VaryK,K,202,"N=7 P=7",0.013
2026-05-18T20:45:03,VaryP,P,203,"N=7 K=3",-1
2026-05-18T20:45:03,VaryN,N,204,"K=3 P=7",-1
2026-05-18T20:45:03,VaryK,K,203,"N=7 P=7",0.0089
2026-05-18T20:45:03,VaryP,P,204,"N=7 K=3",-1
2026-05-18T20:45:03,VaryN,N,205,"K=3 P=7",-1
2026-05-18T20:45:03,VaryK,K,204,"N=7 P=7",0.0081
2026-05-18T20:45:03,VaryP,P,205,"N=7 K=3",-1
2026-05-18T20:45:03,VaryN,N,206,"K=3 P=7",-1
2026-05-18T20:45:03,VaryK,K,205,"N=7 P=7",0.0117
2026-05-18T20:45:03,VaryP,P,206,"N=7 K=3",-1
2026-05-18T20:45:03,VaryN,N,207,"K=3 P=7",-1
2026-05-18T20:45:03,VaryK,K,206,"N=7 P=7",0.009
2026-05-18T20:45:03,VaryP,P,207,"N=7 K=3",-1
2026-05-18T20:45:03,VaryN,N,208,"K=3 P=7",-1
2026-05-18T20:45:03,VaryK,K,207,"N=7 P=7",0.0095
2026-05-18T20:45:03,VaryP,P,208,"N=7 K=3",-1
2026-05-18T20:45:03,VaryN,N,209,"K=3 P=7",-1
2026-05-18T20:45:03,VaryK,K,208,"N=7 P=7",0.0078
2026-05-18T20:45:03,VaryP,P,209,"N=7 K=3",-1
2026-05-18T20:45:03,VaryN,N,210,"K=3 P=7",-1
2026-05-18T20:45:03,VaryK,K,209,"N=7 P=7",0.0382
2026-05-18T20:45:03,VaryP,P,210,"N=7 K=3",-1
2026-05-18T20:45:03,VaryN,N,211,"K=3 P=7",-1
2026-05-18T20:45:03,VaryK,K,210,"N=7 P=7",0.0245
2026-05-18T20:45:03,VaryP,P,211,"N=7 K=3",-1
2026-05-18T20:45:03,VaryN,N,212,"K=3 P=7",-1
2026-05-18T20:45:03,VaryK,K,211,"N=7 P=7",0.0134
2026-05-18T20:45:03,VaryP,P,212,"N=7 K=3",-1
2026-05-18T20:45:03,VaryN,N,213,"K=3 P=7",-1
2026-05-18T20:45:03,VaryK,K,212,"N=7 P=7",0.0127
2026-05-18T20:45:03,VaryP,P,213,"N=7 K=3",-1
2026-05-18T20:45:03,VaryN,N,214,"K=3 P=7",-1
2026-05-18T20:45:03,VaryK,K,213,"N=7 P=7",0.007
2026-05-18T20:45:03,VaryP,P,214,"N=7 K=3",-1
2026-05-18T20:45:03,VaryN,N,215,"K=3 P=7",-1
2026-05-18T20:45:03,VaryK,K,214,"N=7 P=7",0.0093
2026-05-18T20:45:03,VaryP,P,215,"N=7 K=3",-1
2026-05-18T20:45:03,VaryN,N,216,"K=3 P=7",-1
2026-05-18T20:45:03,VaryK,K,215,"N=7 P=7",0.0078
2026-05-18T20:45:03,VaryP,P,216,"N=7 K=3",-1
2026-05-18T20:45:03,VaryN,N,217,"K=3 P=7",-1
2026-05-18T20:45:03,VaryK,K,216,"N=7 P=7",0.0066
2026-05-18T20:45:03,VaryP,P,217,"N=7 K=3",-1
2026-05-18T20:45:03,VaryN,N,218,"K=3 P=7",-1
2026-05-18T20:45:03,VaryK,K,217,"N=7 P=7",0.0064
2026-05-18T20:45:03,VaryP,P,218,"N=7 K=3",-1
2026-05-18T20:45:03,VaryN,N,219,"K=3 P=7",-1
2026-05-18T20:45:03,VaryK,K,218,"N=7 P=7",0.0061
2026-05-18T20:45:03,VaryP,P,219,"N=7 K=3",-1
2026-05-18T20:45:03,VaryN,N,220,"K=3 P=7",-1
2026-05-18T20:45:03,VaryK,K,219,"N=7 P=7",0.0065
2026-05-18T20:45:03,VaryP,P,220,"N=7 K=3",-1
2026-05-18T20:45:03,VaryN,N,221,"K=3 P=7",-1
2026-05-18T20:45:03,VaryK,K,220,"N=7 P=7",0.0072
2026-05-18T20:45:03,VaryP,P,221,"N=7 K=3",-1
2026-05-18T20:45:03,VaryN,N,222,"K=3 P=7",-1
2026-05-18T20:45:03,VaryK,K,221,"N=7 P=7",0.0252
2026-05-18T20:45:03,VaryP,P,222,"N=7 K=3",-1
2026-05-18T20:45:03,VaryN,N,223,"K=3 P=7",-1
2026-05-18T20:45:03,VaryK,K,222,"N=7 P=7",0.0119
2026-05-18T20:45:03,VaryP,P,223,"N=7 K=3",-1
2026-05-18T20:45:03,VaryN,N,224,"K=3 P=7",-1
2026-05-18T20:45:03,VaryK,K,223,"N=7 P=7",0.0063
2026-05-18T20:45:03,VaryP,P,224,"N=7 K=3",-1
2026-05-18T20:45:03,VaryN,N,225,"K=3 P=7",-1
2026-05-18T20:45:03,VaryK,K,224,"N=7 P=7",0.0075
2026-05-18T20:45:03,VaryP,P,225,"N=7 K=3",-1
2026-05-18T20:45:03,VaryN,N,226,"K=3 P=7",-1
2026-05-18T20:45:03,VaryK,K,225,"N=7 P=7",0.0078
2026-05-18T20:45:03,VaryP,P,226,"N=7 K=3",-1
2026-05-18T20:45:03,VaryN,N,227,"K=3 P=7",-1
2026-05-18T20:45:03,VaryK,K,226,"N=7 P=7",0.0058
2026-05-18T20:45:03,VaryP,P,227,"N=7 K=3",-1
2026-05-18T20:45:03,VaryN,N,228,"K=3 P=7",-1
2026-05-18T20:45:03,VaryK,K,227,"N=7 P=7",0.0066
2026-05-18T20:45:03,VaryP,P,228,"N=7 K=3",-1
2026-05-18T20:45:03,VaryN,N,229,"K=3 P=7",-1
2026-05-18T20:45:03,VaryK,K,228,"N=7 P=7",0.0052
2026-05-18T20:45:03,VaryP,P,229,"N=7 K=3",-1
2026-05-18T20:45:03,VaryN,N,230,"K=3 P=7",-1
2026-05-18T20:45:03,VaryK,K,229,"N=7 P=7",0.007
2026-05-18T20:45:03,VaryP,P,230,"N=7 K=3",-1
2026-05-18T20:45:03,VaryN,N,231,"K=3 P=7",-1
2026-05-18T20:45:03,VaryK,K,230,"N=7 P=7",0.0066
2026-05-18T20:45:03,VaryP,P,231,"N=7 K=3",-1
2026-05-18T20:45:03,VaryN,N,232,"K=3 P=7",-1
2026-05-18T20:45:03,VaryK,K,231,"N=7 P=7",0.0061
2026-05-18T20:45:03,VaryP,P,232,"N=7 K=3",-1
2026-05-18T20:45:03,VaryN,N,233,"K=3 P=7",-1
2026-05-18T20:45:03,VaryK,K,232,"N=7 P=7",0.0074
2026-05-18T20:45:03,VaryP,P,233,"N=7 K=3",-1
2026-05-18T20:45:03,VaryN,N,234,"K=3 P=7",-1
2026-05-18T20:45:03,VaryK,K,233,"N=7 P=7",0.007
2026-05-18T20:45:03,VaryP,P,234,"N=7 K=3",-1
2026-05-18T20:45:03,VaryN,N,235,"K=3 P=7",-1
2026-05-18T20:45:03,VaryK,K,234,"N=7 P=7",0.0122
2026-05-18T20:45:03,VaryP,P,235,"N=7 K=3",-1
2026-05-18T20:45:03,VaryN,N,236,"K=3 P=7",-1
2026-05-18T20:45:03,VaryK,K,235,"N=7 P=7",0.008
2026-05-18T20:45:03,VaryP,P,236,"N=7 K=3",-1
2026-05-18T20:45:03,VaryN,N,237,"K=3 P=7",-1
2026-05-18T20:45:03,VaryK,K,236,"N=7 P=7",0.0137
2026-05-18T20:45:03,VaryP,P,237,"N=7 K=3",-1
2026-05-18T20:45:03,VaryN,N,238,"K=3 P=7",-1
2026-05-18T20:45:03,VaryK,K,237,"N=7 P=7",0.01
2026-05-18T20:45:03,VaryP,P,238,"N=7 K=3",-1
2026-05-18T20:45:03,VaryN,N,239,"K=3 P=7",-1
2026-05-18T20:45:03,VaryK,K,238,"N=7 P=7",0.0134
2026-05-18T20:45:03,VaryP,P,239,"N=7 K=3",-1
2026-05-18T20:45:03,VaryN,N,240,"K=3 P=7",-1
2026-05-18T20:45:03,VaryK,K,239,"N=7 P=7",0.0072
2026-05-18T20:45:03,VaryP,P,240,"N=7 K=3",-1
2026-05-18T20:45:03,VaryN,N,241,"K=3 P=7",-1
2026-05-18T20:45:03,VaryK,K,240,"N=7 P=7",0.0143
2026-05-18T20:45:03,VaryP,P,241,"N=7 K=3",-1
2026-05-18T20:45:03,VaryN,N,242,"K=3 P=7",-1
2026-05-18T20:45:03,VaryK,K,241,"N=7 P=7",0.0082
2026-05-18T20:45:03,VaryP,P,242,"N=7 K=3",-1
2026-05-18T20:45:03,VaryN,N,243,"K=3 P=7",-1
2026-05-18T20:45:03,VaryK,K,242,"N=7 P=7",0.0116
2026-05-18T20:45:03,VaryP,P,243,"N=7 K=3",-1
2026-05-18T20:45:03,VaryN,N,244,"K=3 P=7",-1
2026-05-18T20:45:03,VaryK,K,243,"N=7 P=7",0.0073
2026-05-18T20:45:03,VaryP,P,244,"N=7 K=3",-1
2026-05-18T20:45:03,VaryN,N,245,"K=3 P=7",-1
2026-05-18T20:45:03,VaryK,K,244,"N=7 P=7",0.0129
2026-05-18T20:45:03,VaryP,P,245,"N=7 K=3",-1
2026-05-18T20:45:03,VaryN,N,246,"K=3 P=7",-1
2026-05-18T20:45:03,VaryK,K,245,"N=7 P=7",0.0094
2026-05-18T20:45:03,VaryP,P,246,"N=7 K=3",-1
2026-05-18T20:45:03,VaryN,N,247,"K=3 P=7",-1
2026-05-18T20:45:03,VaryK,K,246,"N=7 P=7",0.0136
2026-05-18T20:45:03,VaryP,P,247,"N=7 K=3",-1
2026-05-18T20:45:03,VaryN,N,248,"K=3 P=7",-1
2026-05-18T20:45:03,VaryK,K,247,"N=7 P=7",0.0122
2026-05-18T20:45:03,VaryP,P,248,"N=7 K=3",-1
2026-05-18T20:45:03,VaryN,N,249,"K=3 P=7",-1
2026-05-18T20:45:03,VaryK,K,248,"N=7 P=7",0.0147
2026-05-18T20:45:03,VaryP,P,249,"N=7 K=3",-1
2026-05-18T20:45:03,VaryN,N,250,"K=3 P=7",-1
2026-05-18T20:45:03,VaryK,K,249,"N=7 P=7",0.0067
2026-05-18T20:45:03,VaryP,P,250,"N=7 K=3",-1
2026-05-18T20:45:03,VaryN,N,251,"K=3 P=7",-1
2026-05-18T20:45:03,VaryK,K,250,"N=7 P=7",0.0092
2026-05-18T20:45:03,VaryP,P,251,"N=7 K=3",-1
2026-05-18T20:45:03,VaryN,N,252,"K=3 P=7",-1
2026-05-18T20:45:03,VaryK,K,251,"N=7 P=7",0.0174
2026-05-18T20:45:03,VaryP,P,252,"N=7 K=3",-1
2026-05-18T20:45:03,VaryN,N,253,"K=3 P=7",-1
2026-05-18T20:45:03,VaryK,K,252,"N=7 P=7",0.0096
2026-05-18T20:45:03,VaryP,P,253,"N=7 K=3",-1
2026-05-18T20:45:03,VaryN,N,254,"K=3 P=7",-1
2026-05-18T20:45:03,VaryK,K,253,"N=7 P=7",0.0073
2026-05-18T20:45:03,VaryP,P,254,"N=7 K=3",-1
2026-05-18T20:45:03,VaryN,N,255,"K=3 P=7",-1
2026-05-18T20:45:03,VaryK,K,254,"N=7 P=7",0.008
2026-05-18T20:45:03,VaryP,P,255,"N=7 K=3",-1
2026-05-18T20:45:03,VaryN,N,256,"K=3 P=7",-1
2026-05-18T20:45:03,VaryK,K,255,"N=7 P=7",0.0074
2026-05-18T20:45:03,VaryP,P,256,"N=7 K=3",-1
2026-05-18T20:45:03,VaryN,N,257,"K=3 P=7",-1
2026-05-18T20:45:03,VaryK,K,256,"N=7 P=7",0.0073
2026-05-18T20:45:03,VaryP,P,257,"N=7 K=3",-1
2026-05-18T20:45:03,VaryN,N,258,"K=3 P=7",-1
2026-05-18T20:45:03,VaryK,K,257,"N=7 P=7",0.0072
2026-05-18T20:45:03,VaryP,P,258,"N=7 K=3",-1
2026-05-18T20:45:03,VaryN,N,259,"K=3 P=7",-1
2026-05-18T20:45:03,VaryK,K,258,"N=7 P=7",0.0075
2026-05-18T20:45:03,VaryP,P,259,"N=7 K=3",-1
2026-05-18T20:45:03,VaryN,N,260,"K=3 P=7",-1
2026-05-18T20:45:03,VaryK,K,259,"N=7 P=7",0.0071
2026-05-18T20:45:03,VaryP,P,260,"N=7 K=3",-1
2026-05-18T20:45:03,VaryN,N,261,"K=3 P=7",-1
2026-05-18T20:45:03,VaryK,K,260,"N=7 P=7",0.0063
2026-05-18T20:45:03,VaryP,P,261,"N=7 K=3",-1
2026-05-18T20:45:03,VaryN,N,262,"K=3 P=7",-1
2026-05-18T20:45:03,VaryK,K,261,"N=7 P=7",0.0076
2026-05-18T20:45:03,VaryP,P,262,"N=7 K=3",-1
2026-05-18T20:45:03,VaryN,N,263,"K=3 P=7",-1
2026-05-18T20:45:03,VaryK,K,262,"N=7 P=7",0.0074
2026-05-18T20:45:03,VaryP,P,263,"N=7 K=3",-1
2026-05-18T20:45:03,VaryN,N,264,"K=3 P=7",-1
2026-05-18T20:45:03,VaryK,K,263,"N=7 P=7",0.0069
2026-05-18T20:45:03,VaryP,P,264,"N=7 K=3",-1
2026-05-18T20:45:03,VaryN,N,265,"K=3 P=7",-1
2026-05-18T20:45:03,VaryK,K,264,"N=7 P=7",0.0055
2026-05-18T20:45:03,VaryP,P,265,"N=7 K=3",-1
2026-05-18T20:45:03,VaryN,N,266,"K=3 P=7",-1
2026-05-18T20:45:03,VaryK,K,265,"N=7 P=7",0.0054
2026-05-18T20:45:03,VaryP,P,266,"N=7 K=3",-1
2026-05-18T20:45:03,VaryN,N,267,"K=3 P=7",-1
2026-05-18T20:45:03,VaryK,K,266,"N=7 P=7",0.0058
2026-05-18T20:45:03,VaryP,P,267,"N=7 K=3",-1
2026-05-18T20:45:03,VaryN,N,268,"K=3 P=7",-1
2026-05-18T20:45:03,VaryK,K,267,"N=7 P=7",0.014
2026-05-18T20:45:03,VaryP,P,268,"N=7 K=3",-1
2026-05-18T20:45:03,VaryN,N,269,"K=3 P=7",-1
2026-05-18T20:45:03,VaryK,K,268,"N=7 P=7",0.0062
2026-05-18T20:45:03,VaryP,P,269,"N=7 K=3",-1
2026-05-18T20:45:03,VaryN,N,270,"K=3 P=7",-1
2026-05-18T20:45:03,VaryK,K,269,"N=7 P=7",0.0064
2026-05-18T20:45:03,VaryP,P,270,"N=7 K=3",-1
2026-05-18T20:45:03,VaryN,N,271,"K=3 P=7",-1
2026-05-18T20:45:03,VaryK,K,270,"N=7 P=7",0.0054
2026-05-18T20:45:03,VaryP,P,271,"N=7 K=3",-1
2026-05-18T20:45:03,VaryN,N,272,"K=3 P=7",-1
2026-05-18T20:45:03,VaryK,K,271,"N=7 P=7",0.0074
2026-05-18T20:45:03,VaryP,P,272,"N=7 K=3",-1
2026-05-18T20:45:03,VaryN,N,273,"K=3 P=7",-1
2026-05-18T20:45:03,VaryK,K,272,"N=7 P=7",0.0057
2026-05-18T20:45:03,VaryP,P,273,"N=7 K=3",-1
2026-05-18T20:45:03,VaryN,N,274,"K=3 P=7",-1
2026-05-18T20:45:03,VaryK,K,273,"N=7 P=7",0.0063
2026-05-18T20:45:03,VaryP,P,274,"N=7 K=3",-1
2026-05-18T20:45:03,VaryN,N,275,"K=3 P=7",-1
2026-05-18T20:45:03,VaryK,K,274,"N=7 P=7",0.0059
2026-05-18T20:45:03,VaryP,P,275,"N=7 K=3",-1
2026-05-18T20:45:03,VaryN,N,276,"K=3 P=7",-1
2026-05-18T20:45:03,VaryK,K,275,"N=7 P=7",0.0136
2026-05-18T20:45:03,VaryP,P,276,"N=7 K=3",-1
2026-05-18T20:45:03,VaryN,N,277,"K=3 P=7",-1
2026-05-18T20:45:03,VaryK,K,276,"N=7 P=7",0.0065
2026-05-18T20:45:03,VaryP,P,277,"N=7 K=3",-1
2026-05-18T20:45:03,VaryN,N,278,"K=3 P=7",-1
2026-05-18T20:45:03,VaryK,K,277,"N=7 P=7",0.0108
2026-05-18T20:45:03,VaryP,P,278,"N=7 K=3",-1
2026-05-18T20:45:03,VaryN,N,279,"K=3 P=7",-1
2026-05-18T20:45:03,VaryK,K,278,"N=7 P=7",0.0085
2026-05-18T20:45:03,VaryP,P,279,"N=7 K=3",-1
2026-05-18T20:45:03,VaryN,N,280,"K=3 P=7",-1
2026-05-18T20:45:03,VaryK,K,279,"N=7 P=7",0.0088
2026-05-18T20:45:03,VaryP,P,280,"N=7 K=3",-1
2026-05-18T20:45:03,VaryN,N,281,"K=3 P=7",-1
2026-05-18T20:45:03,VaryK,K,280,"N=7 P=7",0.0085
2026-05-18T20:45:03,VaryP,P,281,"N=7 K=3",-1
2026-05-18T20:45:03,VaryN,N,282,"K=3 P=7",-1
2026-05-18T20:45:03,VaryK,K,281,"N=7 P=7",0.0124
2026-05-18T20:45:03,VaryP,P,282,"N=7 K=3",-1
2026-05-18T20:45:03,VaryN,N,283,"K=3 P=7",-1
2026-05-18T20:45:03,VaryK,K,282,"N=7 P=7",0.0138
2026-05-18T20:45:03,VaryP,P,283,"N=7 K=3",-1
2026-05-18T20:45:03,VaryN,N,284,"K=3 P=7",-1
2026-05-18T20:45:03,VaryK,K,283,"N=7 P=7",0.01
2026-05-18T20:45:03,VaryP,P,284,"N=7 K=3",-1
2026-05-18T20:45:03,VaryN,N,285,"K=3 P=7",-1
2026-05-18T20:45:03,VaryK,K,284,"N=7 P=7",0.0097
2026-05-18T20:45:03,VaryP,P,285,"N=7 K=3",-1
2026-05-18T20:45:03,VaryN,N,286,"K=3 P=7",-1
2026-05-18T20:45:03,VaryK,K,285,"N=7 P=7",0.0076
2026-05-18T20:45:03,VaryP,P,286,"N=7 K=3",-1
2026-05-18T20:45:03,VaryN,N,287,"K=3 P=7",-1
2026-05-18T20:45:03,VaryK,K,286,"N=7 P=7",0.0146
2026-05-18T20:45:03,VaryP,P,287,"N=7 K=3",-1
2026-05-18T20:45:03,VaryN,N,288,"K=3 P=7",-1
2026-05-18T20:45:03,VaryK,K,287,"N=7 P=7",0.0117
2026-05-18T20:45:03,VaryP,P,288,"N=7 K=3",-1
2026-05-18T20:45:03,VaryN,N,289,"K=3 P=7",-1
2026-05-18T20:45:03,VaryK,K,288,"N=7 P=7",0.0124
2026-05-18T20:45:03,VaryP,P,289,"N=7 K=3",-1
2026-05-18T20:45:03,VaryN,N,290,"K=3 P=7",-1
2026-05-18T20:45:03,VaryK,K,289,"N=7 P=7",0.0087
2026-05-18T20:45:03,VaryP,P,290,"N=7 K=3",-1
2026-05-18T20:45:03,VaryN,N,291,"K=3 P=7",-1
2026-05-18T20:45:03,VaryK,K,290,"N=7 P=7",0.0144
2026-05-18T20:45:03,VaryP,P,291,"N=7 K=3",-1
2026-05-18T20:45:03,VaryN,N,292,"K=3 P=7",-1
2026-05-18T20:45:03,VaryK,K,291,"N=7 P=7",0.0096
2026-05-18T20:45:03,VaryP,P,292,"N=7 K=3",-1
2026-05-18T20:45:03,VaryN,N,293,"K=3 P=7",-1
2026-05-18T20:45:03,VaryK,K,292,"N=7 P=7",0.0141
2026-05-18T20:45:03,VaryP,P,293,"N=7 K=3",-1
2026-05-18T20:45:03,VaryN,N,294,"K=3 P=7",-1
2026-05-18T20:45:03,VaryK,K,293,"N=7 P=7",0.007
2026-05-18T20:45:03,VaryP,P,294,"N=7 K=3",-1
2026-05-18T20:45:03,VaryN,N,295,"K=3 P=7",-1
2026-05-18T20:45:03,VaryK,K,294,"N=7 P=7",0.0117
2026-05-18T20:45:03,VaryP,P,295,"N=7 K=3",-1
2026-05-18T20:45:03,VaryN,N,296,"K=3 P=7",-1
2026-05-18T20:45:03,VaryK,K,295,"N=7 P=7",0.0112
2026-05-18T20:45:03,VaryP,P,296,"N=7 K=3",-1
2026-05-18T20:45:03,VaryN,N,297,"K=3 P=7",-1
2026-05-18T20:45:03,VaryK,K,296,"N=7 P=7",0.0094
2026-05-18T20:45:03,VaryP,P,297,"N=7 K=3",-1
2026-05-18T20:45:03,VaryN,N,298,"K=3 P=7",-1
2026-05-18T20:45:03,VaryK,K,297,"N=7 P=7",0.0291
2026-05-18T20:45:03,VaryP,P,298,"N=7 K=3",-1
2026-05-18T20:45:03,VaryN,N,299,"K=3 P=7",-1
2026-05-18T20:45:03,VaryK,K,298,"N=7 P=7",0.0062
2026-05-18T20:45:03,VaryP,P,299,"N=7 K=3",-1
2026-05-18T20:45:03,VaryN,N,300,"K=3 P=7",-1
2026-05-18T20:45:03,VaryK,K,299,"N=7 P=7",0.0065
2026-05-18T20:45:03,VaryP,P,300,"N=7 K=3",-1
2026-05-18T20:45:03,VaryN,N,301,"K=3 P=7",-1
2026-05-18T20:45:03,VaryK,K,300,"N=7 P=7",0.0075
2026-05-18T20:45:03,VaryP,P,301,"N=7 K=3",-1
2026-05-18T20:45:03,VaryN,N,302,"K=3 P=7",-1
2026-05-18T20:45:03,VaryK,K,301,"N=7 P=7",0.0085
2026-05-18T20:45:03,VaryP,P,302,"N=7 K=3",-1
2026-05-18T20:45:03,VaryN,N,303,"K=3 P=7",-1
2026-05-18T20:45:03,VaryK,K,302,"N=7 P=7",0.0066
2026-05-18T20:45:03,VaryP,P,303,"N=7 K=3",-1
2026-05-18T20:45:03,VaryN,N,304,"K=3 P=7",-1
2026-05-18T20:45:03,VaryK,K,303,"N=7 P=7",0.0066
2026-05-18T20:45:03,VaryP,P,304,"N=7 K=3",-1
2026-05-18T20:45:03,VaryN,N,305,"K=3 P=7",-1
2026-05-18T20:45:03,VaryK,K,304,"N=7 P=7",0.0074
2026-05-18T20:45:03,VaryP,P,305,"N=7 K=3",-1
2026-05-18T20:45:03,VaryN,N,306,"K=3 P=7",-1
2026-05-18T20:45:03,VaryK,K,305,"N=7 P=7",0.0075
2026-05-18T20:45:03,VaryP,P,306,"N=7 K=3",-1
2026-05-18T20:45:03,VaryN,N,307,"K=3 P=7",-1
2026-05-18T20:45:03,VaryK,K,306,"N=7 P=7",0.0073
2026-05-18T20:45:03,VaryP,P,307,"N=7 K=3",-1
2026-05-18T20:45:03,VaryN,N,308,"K=3 P=7",-1
2026-05-18T20:45:03,VaryK,K,307,"N=7 P=7",0.0061
2026-05-18T20:45:03,VaryP,P,308,"N=7 K=3",-1
2026-05-18T20:45:03,VaryN,N,309,"K=3 P=7",-1
2026-05-18T20:45:03,VaryK,K,308,"N=7 P=7",0.0067
2026-05-18T20:45:03,VaryP,P,309,"N=7 K=3",-1
2026-05-18T20:45:03,VaryN,N,310,"K=3 P=7",-1
2026-05-18T20:45:03,VaryK,K,309,"N=7 P=7",0.0067
2026-05-18T20:45:03,VaryP,P,310,"N=7 K=3",-1
2026-05-18T20:45:03,VaryN,N,311,"K=3 P=7",-1
2026-05-18T20:45:03,VaryK,K,310,"N=7 P=7",0.006
2026-05-18T20:45:03,VaryP,P,311,"N=7 K=3",-1
2026-05-18T20:45:03,VaryN,N,312,"K=3 P=7",-1
2026-05-18T20:45:03,VaryK,K,311,"N=7 P=7",0.0205
2026-05-18T20:45:03,VaryP,P,312,"N=7 K=3",-1
2026-05-18T20:45:03,VaryN,N,313,"K=3 P=7",-1
2026-05-18T20:45:03,VaryK,K,312,"N=7 P=7",0.0063
2026-05-18T20:45:03,VaryP,P,313,"N=7 K=3",-1
2026-05-18T20:45:03,VaryN,N,314,"K=3 P=7",-1
2026-05-18T20:45:03,VaryK,K,313,"N=7 P=7",0.0061
2026-05-18T20:45:03,VaryP,P,314,"N=7 K=3",-1
2026-05-18T20:45:03,VaryN,N,315,"K=3 P=7",-1
2026-05-18T20:45:03,VaryK,K,314,"N=7 P=7",0.0077
2026-05-18T20:45:03,VaryP,P,315,"N=7 K=3",-1
2026-05-18T20:45:03,VaryN,N,316,"K=3 P=7",-1
2026-05-18T20:45:03,VaryK,K,315,"N=7 P=7",0.0066
2026-05-18T20:45:03,VaryP,P,316,"N=7 K=3",-1
2026-05-18T20:45:03,VaryN,N,317,"K=3 P=7",-1
2026-05-18T20:45:03,VaryK,K,316,"N=7 P=7",0.0134
2026-05-18T20:45:03,VaryP,P,317,"N=7 K=3",-1
2026-05-18T20:45:03,VaryN,N,318,"K=3 P=7",-1
2026-05-18T20:45:03,VaryK,K,317,"N=7 P=7",0.0093
2026-05-18T20:45:03,VaryP,P,318,"N=7 K=3",-1
2026-05-18T20:45:03,VaryN,N,319,"K=3 P=7",-1
2026-05-18T20:45:03,VaryK,K,318,"N=7 P=7",0.0115
2026-05-18T20:45:03,VaryP,P,319,"N=7 K=3",-1
2026-05-18T20:45:03,VaryN,N,320,"K=3 P=7",-1
2026-05-18T20:45:03,VaryK,K,319,"N=7 P=7",0.014
2026-05-18T20:45:03,VaryP,P,320,"N=7 K=3",-1
2026-05-18T20:45:03,VaryN,N,321,"K=3 P=7",-1
2026-05-18T20:45:03,VaryK,K,320,"N=7 P=7",0.0113
2026-05-18T20:45:03,VaryP,P,321,"N=7 K=3",-1
2026-05-18T20:45:03,VaryN,N,322,"K=3 P=7",-1
2026-05-18T20:45:03,VaryK,K,321,"N=7 P=7",0.0083
2026-05-18T20:45:03,VaryP,P,322,"N=7 K=3",-1
2026-05-18T20:45:03,VaryN,N,323,"K=3 P=7",-1
2026-05-18T20:45:03,VaryK,K,322,"N=7 P=7",0.0113
2026-05-18T20:45:03,VaryP,P,323,"N=7 K=3",-1
2026-05-18T20:45:03,VaryN,N,324,"K=3 P=7",-1
2026-05-18T20:45:03,VaryK,K,323,"N=7 P=7",0.0098
2026-05-18T20:45:03,VaryP,P,324,"N=7 K=3",-1
2026-05-18T20:45:03,VaryN,N,325,"K=3 P=7",-1
2026-05-18T20:45:03,VaryK,K,324,"N=7 P=7",0.022
2026-05-18T20:45:03,VaryP,P,325,"N=7 K=3",-1
2026-05-18T20:45:03,VaryN,N,326,"K=3 P=7",-1
2026-05-18T20:45:03,VaryK,K,325,"N=7 P=7",0.0271
2026-05-18T20:45:03,VaryP,P,326,"N=7 K=3",-1
2026-05-18T20:45:03,VaryN,N,327,"K=3 P=7",-1
2026-05-18T20:45:03,VaryK,K,326,"N=7 P=7",0.011
2026-05-18T20:45:03,VaryP,P,327,"N=7 K=3",-1
2026-05-18T20:45:03,VaryN,N,328,"K=3 P=7",-1
2026-05-18T20:45:03,VaryK,K,327,"N=7 P=7",0.0305
2026-05-18T20:45:03,VaryP,P,328,"N=7 K=3",-1
2026-05-18T20:45:03,VaryN,N,329,"K=3 P=7",-1
2026-05-18T20:45:03,VaryK,K,328,"N=7 P=7",0.0256
2026-05-18T20:45:03,VaryP,P,329,"N=7 K=3",-1
2026-05-18T20:45:03,VaryN,N,330,"K=3 P=7",-1
2026-05-18T20:45:03,VaryK,K,329,"N=7 P=7",0.0089
2026-05-18T20:45:03,VaryP,P,330,"N=7 K=3",-1
2026-05-18T20:45:03,VaryN,N,331,"K=3 P=7",-1
2026-05-18T20:45:03,VaryK,K,330,"N=7 P=7",0.0078
2026-05-18T20:45:03,VaryP,P,331,"N=7 K=3",-1
2026-05-18T20:45:03,VaryN,N,332,"K=3 P=7",-1
2026-05-18T20:45:03,VaryK,K,331,"N=7 P=7",0.0115
2026-05-18T20:45:03,VaryP,P,332,"N=7 K=3",-1
2026-05-18T20:45:03,VaryN,N,333,"K=3 P=7",-1
2026-05-18T20:45:03,VaryK,K,332,"N=7 P=7",0.0068
2026-05-18T20:45:03,VaryP,P,333,"N=7 K=3",-1
2026-05-18T20:45:03,VaryN,N,334,"K=3 P=7",-1
2026-05-18T20:45:03,VaryK,K,333,"N=7 P=7",0.0098
2026-05-18T20:45:03,VaryP,P,334,"N=7 K=3",-1
2026-05-18T20:45:03,VaryN,N,335,"K=3 P=7",-1
2026-05-18T20:45:03,VaryK,K,334,"N=7 P=7",0.0077
2026-05-18T20:45:03,VaryP,P,335,"N=7 K=3",-1
2026-05-18T20:45:03,VaryN,N,336,"K=3 P=7",-1
2026-05-18T20:45:03,VaryK,K,335,"N=7 P=7",0.0064
2026-05-18T20:45:03,VaryP,P,336,"N=7 K=3",-1
2026-05-18T20:45:03,VaryN,N,337,"K=3 P=7",-1
2026-05-18T20:45:03,VaryK,K,336,"N=7 P=7",0.0055
2026-05-18T20:45:03,VaryP,P,337,"N=7 K=3",-1
2026-05-18T20:45:03,VaryN,N,338,"K=3 P=7",-1
2026-05-18T20:45:03,VaryK,K,337,"N=7 P=7",0.0102
2026-05-18T20:45:03,VaryP,P,338,"N=7 K=3",-1
2026-05-18T20:45:03,VaryN,N,339,"K=3 P=7",-1
2026-05-18T20:45:03,VaryK,K,338,"N=7 P=7",0.006
2026-05-18T20:45:03,VaryP,P,339,"N=7 K=3",-1
2026-05-18T20:45:03,VaryN,N,340,"K=3 P=7",-1
2026-05-18T20:45:03,VaryK,K,339,"N=7 P=7",0.0054
2026-05-18T20:45:03,VaryP,P,340,"N=7 K=3",-1
2026-05-18T20:45:03,VaryN,N,341,"K=3 P=7",-1
2026-05-18T20:45:03,VaryK,K,340,"N=7 P=7",0.0102
2026-05-18T20:45:03,VaryP,P,341,"N=7 K=3",-1
2026-05-18T20:45:03,VaryN,N,342,"K=3 P=7",-1
2026-05-18T20:45:03,VaryK,K,341,"N=7 P=7",0.0071
2026-05-18T20:45:03,VaryP,P,342,"N=7 K=3",-1
2026-05-18T20:45:03,VaryN,N,343,"K=3 P=7",-1
2026-05-18T20:45:03,VaryK,K,342,"N=7 P=7",0.0114
2026-05-18T20:45:03,VaryP,P,343,"N=7 K=3",-1
2026-05-18T20:45:03,VaryN,N,344,"K=3 P=7",-1
2026-05-18T20:45:03,VaryK,K,343,"N=7 P=7",0.0072
2026-05-18T20:45:03,VaryP,P,344,"N=7 K=3",-1
2026-05-18T20:45:03,VaryN,N,345,"K=3 P=7",-1
2026-05-18T20:45:03,VaryK,K,344,"N=7 P=7",0.0065
2026-05-18T20:45:03,VaryP,P,345,"N=7 K=3",-1
2026-05-18T20:45:03,VaryN,N,346,"K=3 P=7",-1
2026-05-18T20:45:03,VaryK,K,345,"N=7 P=7",0.0071
2026-05-18T20:45:03,VaryP,P,346,"N=7 K=3",-1
2026-05-18T20:45:03,VaryN,N,347,"K=3 P=7",-1
2026-05-18T20:45:03,VaryK,K,346,"N=7 P=7",0.007
2026-05-18T20:45:03,VaryP,P,347,"N=7 K=3",-1
2026-05-18T20:45:03,VaryN,N,348,"K=3 P=7",-1
2026-05-18T20:45:03,VaryK,K,347,"N=7 P=7",0.0065
2026-05-18T20:45:03,VaryP,P,348,"N=7 K=3",-1
2026-05-18T20:45:03,VaryN,N,349,"K=3 P=7",-1
2026-05-18T20:45:03,VaryK,K,348,"N=7 P=7",0.0102
2026-05-18T20:45:03,VaryP,P,349,"N=7 K=3",-1
2026-05-18T20:45:03,VaryN,N,350,"K=3 P=7",-1
2026-05-18T20:45:03,VaryK,K,349,"N=7 P=7",0.0072
2026-05-18T20:45:03,VaryP,P,350,"N=7 K=3",-1
2026-05-18T20:45:03,VaryN,N,351,"K=3 P=7",-1
2026-05-18T20:45:03,VaryK,K,350,"N=7 P=7",0.0077
2026-05-18T20:45:03,VaryP,P,351,"N=7 K=3",-1
2026-05-18T20:45:03,VaryN,N,352,"K=3 P=7",-1
2026-05-18T20:45:03,VaryK,K,351,"N=7 P=7",0.0065
2026-05-18T20:45:03,VaryP,P,352,"N=7 K=3",-1
2026-05-18T20:45:03,VaryN,N,353,"K=3 P=7",-1
2026-05-18T20:45:03,VaryK,K,352,"N=7 P=7",0.0087
2026-05-18T20:45:03,VaryP,P,353,"N=7 K=3",-1
2026-05-18T20:45:03,VaryN,N,354,"K=3 P=7",-1
2026-05-18T20:45:03,VaryK,K,353,"N=7 P=7",0.0067
2026-05-18T20:45:03,VaryP,P,354,"N=7 K=3",-1
2026-05-18T20:45:03,VaryN,N,355,"K=3 P=7",-1
2026-05-18T20:45:03,VaryK,K,354,"N=7 P=7",0.0062
2026-05-18T20:45:03,VaryP,P,355,"N=7 K=3",-1
2026-05-18T20:45:03,VaryN,N,356,"K=3 P=7",-1
2026-05-18T20:45:03,VaryK,K,355,"N=7 P=7",0.0082
2026-05-18T20:45:03,VaryP,P,356,"N=7 K=3",-1
2026-05-18T20:45:03,VaryN,N,357,"K=3 P=7",-1
2026-05-18T20:45:03,VaryK,K,356,"N=7 P=7",0.0114
2026-05-18T20:45:03,VaryP,P,357,"N=7 K=3",-1
2026-05-18T20:45:03,VaryN,N,358,"K=3 P=7",-1
2026-05-18T20:45:03,VaryK,K,357,"N=7 P=7",0.0097
2026-05-18T20:45:03,VaryP,P,358,"N=7 K=3",-1
2026-05-18T20:45:03,VaryN,N,359,"K=3 P=7",-1
2026-05-18T20:45:03,VaryK,K,358,"N=7 P=7",0.008
2026-05-18T20:45:03,VaryP,P,359,"N=7 K=3",-1
2026-05-18T20:45:03,VaryN,N,360,"K=3 P=7",-1
2026-05-18T20:45:03,VaryK,K,359,"N=7 P=7",0.0121
2026-05-18T20:45:03,VaryP,P,360,"N=7 K=3",-1
2026-05-18T20:45:03,VaryN,N,361,"K=3 P=7",-1
2026-05-18T20:45:03,VaryK,K,360,"N=7 P=7",0.0106
2026-05-18T20:45:04,VaryP,P,361,"N=7 K=3",-1
2026-05-18T20:45:04,VaryN,N,362,"K=3 P=7",-1
2026-05-18T20:45:04,VaryK,K,361,"N=7 P=7",0.0268
2026-05-18T20:45:04,VaryP,P,362,"N=7 K=3",-1
2026-05-18T20:45:04,VaryN,N,363,"K=3 P=7",-1
2026-05-18T20:45:04,VaryK,K,362,"N=7 P=7",0.0082
2026-05-18T20:45:04,VaryP,P,363,"N=7 K=3",-1
2026-05-18T20:45:04,VaryN,N,364,"K=3 P=7",-1
2026-05-18T20:45:04,VaryK,K,363,"N=7 P=7",0.014
2026-05-18T20:45:04,VaryP,P,364,"N=7 K=3",-1
2026-05-18T20:45:04,VaryN,N,365,"K=3 P=7",-1
2026-05-18T20:45:04,VaryK,K,364,"N=7 P=7",0.0113
2026-05-18T20:45:04,VaryP,P,365,"N=7 K=3",-1
2026-05-18T20:45:04,VaryN,N,366,"K=3 P=7",-1
2026-05-18T20:45:04,VaryK,K,365,"N=7 P=7",0.0115
2026-05-18T20:45:04,VaryP,P,366,"N=7 K=3",-1
2026-05-18T20:45:04,VaryN,N,367,"K=3 P=7",-1
2026-05-18T20:45:04,VaryK,K,366,"N=7 P=7",0.0094
2026-05-18T20:45:04,VaryP,P,367,"N=7 K=3",-1
2026-05-18T20:45:04,VaryN,N,368,"K=3 P=7",-1
2026-05-18T20:45:04,VaryK,K,367,"N=7 P=7",0.0116
2026-05-18T20:45:04,VaryP,P,368,"N=7 K=3",-1
2026-05-18T20:45:04,VaryN,N,369,"K=3 P=7",-1
2026-05-18T20:45:04,VaryK,K,368,"N=7 P=7",0.0107
2026-05-18T20:45:04,VaryP,P,369,"N=7 K=3",-1
2026-05-18T20:45:04,VaryN,N,370,"K=3 P=7",-1
2026-05-18T20:45:04,VaryK,K,369,"N=7 P=7",0.0113
2026-05-18T20:45:04,VaryP,P,370,"N=7 K=3",-1
2026-05-18T20:45:04,VaryN,N,371,"K=3 P=7",-1
2026-05-18T20:45:04,VaryK,K,370,"N=7 P=7",0.0119
2026-05-18T20:45:04,VaryP,P,371,"N=7 K=3",-1
2026-05-18T20:45:04,VaryN,N,372,"K=3 P=7",-1
2026-05-18T20:45:04,VaryK,K,371,"N=7 P=7",0.0137
2026-05-18T20:45:04,VaryP,P,372,"N=7 K=3",-1
2026-05-18T20:45:04,VaryN,N,373,"K=3 P=7",-1
2026-05-18T20:45:04,VaryK,K,372,"N=7 P=7",0.0099
2026-05-18T20:45:04,VaryP,P,373,"N=7 K=3",-1
2026-05-18T20:45:04,VaryN,N,374,"K=3 P=7",-1
2026-05-18T20:45:04,VaryK,K,373,"N=7 P=7",0.0097
2026-05-18T20:45:04,VaryP,P,374,"N=7 K=3",-1
2026-05-18T20:45:04,VaryN,N,375,"K=3 P=7",-1
2026-05-18T20:45:04,VaryK,K,374,"N=7 P=7",0.0073
2026-05-18T20:45:04,VaryP,P,375,"N=7 K=3",-1
2026-05-18T20:45:04,VaryN,N,376,"K=3 P=7",-1
2026-05-18T20:45:04,VaryK,K,375,"N=7 P=7",0.0106
2026-05-18T20:45:04,VaryP,P,376,"N=7 K=3",-1
2026-05-18T20:45:04,VaryN,N,377,"K=3 P=7",-1
2026-05-18T20:45:04,VaryK,K,376,"N=7 P=7",0.0196
2026-05-18T20:45:04,VaryP,P,377,"N=7 K=3",-1
2026-05-18T20:45:04,VaryN,N,378,"K=3 P=7",-1
2026-05-18T20:45:04,VaryK,K,377,"N=7 P=7",0.0087
2026-05-18T20:45:04,VaryP,P,378,"N=7 K=3",-1
2026-05-18T20:45:04,VaryN,N,379,"K=3 P=7",-1
2026-05-18T20:45:04,VaryK,K,378,"N=7 P=7",0.0067
2026-05-18T20:45:04,VaryP,P,379,"N=7 K=3",-1
2026-05-18T20:45:04,VaryN,N,380,"K=3 P=7",-1
2026-05-18T20:45:04,VaryK,K,379,"N=7 P=7",0.007
2026-05-18T20:45:04,VaryP,P,380,"N=7 K=3",-1
2026-05-18T20:45:04,VaryN,N,381,"K=3 P=7",-1
2026-05-18T20:45:04,VaryK,K,380,"N=7 P=7",0.008
2026-05-18T20:45:04,VaryP,P,381,"N=7 K=3",-1
2026-05-18T20:45:04,VaryN,N,382,"K=3 P=7",-1
2026-05-18T20:45:04,VaryK,K,381,"N=7 P=7",0.0065
2026-05-18T20:45:04,VaryP,P,382,"N=7 K=3",-1
2026-05-18T20:45:04,VaryN,N,383,"K=3 P=7",-1
2026-05-18T20:45:04,VaryK,K,382,"N=7 P=7",0.0067
2026-05-18T20:45:04,VaryP,P,383,"N=7 K=3",-1
2026-05-18T20:45:04,VaryN,N,384,"K=3 P=7",-1
2026-05-18T20:45:04,VaryK,K,383,"N=7 P=7",0.0212
2026-05-18T20:45:04,VaryP,P,384,"N=7 K=3",-1
2026-05-18T20:45:04,VaryN,N,385,"K=3 P=7",-1
2026-05-18T20:45:04,VaryK,K,384,"N=7 P=7",0.0083
2026-05-18T20:45:04,VaryP,P,385,"N=7 K=3",-1
2026-05-18T20:45:04,VaryN,N,386,"K=3 P=7",-1
2026-05-18T20:45:04,VaryK,K,385,"N=7 P=7",0.009
2026-05-18T20:45:04,VaryP,P,386,"N=7 K=3",-1
2026-05-18T20:45:04,VaryN,N,387,"K=3 P=7",-1
2026-05-18T20:45:04,VaryK,K,386,"N=7 P=7",0.0066
2026-05-18T20:45:04,VaryP,P,387,"N=7 K=3",-1
2026-05-18T20:45:04,VaryN,N,388,"K=3 P=7",-1
2026-05-18T20:45:04,VaryK,K,387,"N=7 P=7",0.0075
2026-05-18T20:45:04,VaryP,P,388,"N=7 K=3",-1
2026-05-18T20:45:04,VaryN,N,389,"K=3 P=7",-1
2026-05-18T20:45:04,VaryK,K,388,"N=7 P=7",0.0064
2026-05-18T20:45:04,VaryP,P,389,"N=7 K=3",-1
2026-05-18T20:45:04,VaryN,N,390,"K=3 P=7",-1
2026-05-18T20:45:04,VaryK,K,389,"N=7 P=7",0.0067
2026-05-18T20:45:04,VaryP,P,390,"N=7 K=3",-1
2026-05-18T20:45:04,VaryN,N,391,"K=3 P=7",-1
2026-05-18T20:45:04,VaryK,K,390,"N=7 P=7",0.0092
2026-05-18T20:45:04,VaryP,P,391,"N=7 K=3",-1
2026-05-18T20:45:04,VaryN,N,392,"K=3 P=7",-1
2026-05-18T20:45:04,VaryK,K,391,"N=7 P=7",0.0079
2026-05-18T20:45:04,VaryP,P,392,"N=7 K=3",-1
2026-05-18T20:45:04,VaryN,N,393,"K=3 P=7",-1
2026-05-18T20:45:04,VaryK,K,392,"N=7 P=7",0.0073
2026-05-18T20:45:04,VaryP,P,393,"N=7 K=3",-1
2026-05-18T20:45:04,VaryN,N,394,"K=3 P=7",-1
2026-05-18T20:45:04,VaryK,K,393,"N=7 P=7",0.0066
2026-05-18T20:45:04,VaryP,P,394,"N=7 K=3",-1
2026-05-18T20:45:04,VaryN,N,395,"K=3 P=7",-1
2026-05-18T20:45:04,VaryK,K,394,"N=7 P=7",0.0077
2026-05-18T20:45:04,VaryP,P,395,"N=7 K=3",-1
2026-05-18T20:45:04,VaryN,N,396,"K=3 P=7",-1
2026-05-18T20:45:04,VaryK,K,395,"N=7 P=7",0.0088
2026-05-18T20:45:04,VaryP,P,396,"N=7 K=3",-1
2026-05-18T20:45:04,VaryN,N,397,"K=3 P=7",-1
2026-05-18T20:45:04,VaryK,K,396,"N=7 P=7",0.0077
2026-05-18T20:45:04,VaryP,P,397,"N=7 K=3",-1
2026-05-18T20:45:04,VaryN,N,398,"K=3 P=7",-1
2026-05-18T20:45:04,VaryK,K,397,"N=7 P=7",0.0099
2026-05-18T20:45:04,VaryP,P,398,"N=7 K=3",-1
2026-05-18T20:45:04,VaryN,N,399,"K=3 P=7",-1
2026-05-18T20:45:04,VaryK,K,398,"N=7 P=7",0.014
2026-05-18T20:45:04,VaryP,P,399,"N=7 K=3",-1
2026-05-18T20:45:04,VaryN,N,400,"K=3 P=7",-1
2026-05-18T20:45:04,VaryK,K,399,"N=7 P=7",0.0095
2026-05-18T20:45:04,VaryP,P,400,"N=7 K=3",-1
2026-05-18T20:45:04,VaryN,N,401,"K=3 P=7",-1
2026-05-18T20:45:04,VaryK,K,400,"N=7 P=7",0.0101
2026-05-18T20:45:04,VaryP,P,401,"N=7 K=3",-1
2026-05-18T20:45:04,VaryN,N,402,"K=3 P=7",-1
2026-05-18T20:45:04,VaryK,K,401,"N=7 P=7",0.0153
2026-05-18T20:45:04,VaryP,P,402,"N=7 K=3",-1
2026-05-18T20:45:04,VaryN,N,403,"K=3 P=7",-1
2026-05-18T20:45:04,VaryK,K,402,"N=7 P=7",0.0148
2026-05-18T20:45:04,VaryP,P,403,"N=7 K=3",-1
2026-05-18T20:45:04,VaryN,N,404,"K=3 P=7",-1
2026-05-18T20:45:04,VaryK,K,403,"N=7 P=7",0.0411
2026-05-18T20:45:04,VaryP,P,404,"N=7 K=3",-1
2026-05-18T20:45:04,VaryN,N,405,"K=3 P=7",-1
2026-05-18T20:45:04,VaryK,K,404,"N=7 P=7",0.015
2026-05-18T20:45:04,VaryP,P,405,"N=7 K=3",-1
2026-05-18T20:45:04,VaryN,N,406,"K=3 P=7",-1
2026-05-18T20:45:04,VaryK,K,405,"N=7 P=7",0.0109
2026-05-18T20:45:04,VaryP,P,406,"N=7 K=3",-1
2026-05-18T20:45:04,VaryN,N,407,"K=3 P=7",-1
2026-05-18T20:45:04,VaryK,K,406,"N=7 P=7",0.0132
2026-05-18T20:45:04,VaryP,P,407,"N=7 K=3",-1
2026-05-18T20:45:04,VaryN,N,408,"K=3 P=7",-1
2026-05-18T20:45:04,VaryK,K,407,"N=7 P=7",0.0085
2026-05-18T20:45:04,VaryP,P,408,"N=7 K=3",-1
2026-05-18T20:45:04,VaryN,N,409,"K=3 P=7",-1
2026-05-18T20:45:04,VaryK,K,408,"N=7 P=7",0.018
2026-05-18T20:45:04,VaryP,P,409,"N=7 K=3",-1
2026-05-18T20:45:04,VaryN,N,410,"K=3 P=7",-1
2026-05-18T20:45:04,VaryK,K,409,"N=7 P=7",0.016
2026-05-18T20:45:04,VaryP,P,410,"N=7 K=3",-1
2026-05-18T20:45:04,VaryN,N,411,"K=3 P=7",-1
2026-05-18T20:45:04,VaryK,K,410,"N=7 P=7",0.01
2026-05-18T20:45:04,VaryP,P,411,"N=7 K=3",-1
2026-05-18T20:45:04,VaryN,N,412,"K=3 P=7",-1
2026-05-18T20:45:04,VaryK,K,411,"N=7 P=7",0.0122
2026-05-18T20:45:04,VaryP,P,412,"N=7 K=3",-1
2026-05-18T20:45:04,VaryN,N,413,"K=3 P=7",-1
2026-05-18T20:45:04,VaryK,K,412,"N=7 P=7",0.0136
2026-05-18T20:45:04,VaryP,P,413,"N=7 K=3",-1
2026-05-18T20:45:04,VaryN,N,414,"K=3 P=7",-1
2026-05-18T20:45:04,VaryK,K,413,"N=7 P=7",0.0091
2026-05-18T20:45:04,VaryP,P,414,"N=7 K=3",-1
2026-05-18T20:45:04,VaryN,N,415,"K=3 P=7",-1
2026-05-18T20:45:04,VaryK,K,414,"N=7 P=7",0.0104
2026-05-18T20:45:04,VaryP,P,415,"N=7 K=3",-1
2026-05-18T20:45:04,VaryN,N,416,"K=3 P=7",-1
2026-05-18T20:45:04,VaryK,K,415,"N=7 P=7",0.0151
2026-05-18T20:45:04,VaryP,P,416,"N=7 K=3",-1
2026-05-18T20:45:04,VaryN,N,417,"K=3 P=7",-1
2026-05-18T20:45:04,VaryK,K,416,"N=7 P=7",0.0085
2026-05-18T20:45:04,VaryP,P,417,"N=7 K=3",-1
2026-05-18T20:45:04,VaryN,N,418,"K=3 P=7",-1
2026-05-18T20:45:04,VaryK,K,417,"N=7 P=7",0.0079
2026-05-18T20:45:04,VaryP,P,418,"N=7 K=3",-1
2026-05-18T20:45:04,VaryN,N,419,"K=3 P=7",-1
2026-05-18T20:45:04,VaryK,K,418,"N=7 P=7",0.009
2026-05-18T20:45:04,VaryP,P,419,"N=7 K=3",-1
2026-05-18T20:45:04,VaryN,N,420,"K=3 P=7",-1
2026-05-18T20:45:04,VaryK,K,419,"N=7 P=7",0.0076
2026-05-18T20:45:04,VaryP,P,420,"N=7 K=3",-1
2026-05-18T20:45:04,VaryN,N,421,"K=3 P=7",-1
2026-05-18T20:45:04,VaryK,K,420,"N=7 P=7",0.007
2026-05-18T20:45:04,VaryP,P,421,"N=7 K=3",-1
2026-05-18T20:45:04,VaryN,N,422,"K=3 P=7",-1
2026-05-18T20:45:04,VaryK,K,421,"N=7 P=7",0.0195
2026-05-18T20:45:04,VaryP,P,422,"N=7 K=3",-1
2026-05-18T20:45:04,VaryN,N,423,"K=3 P=7",-1
2026-05-18T20:45:04,VaryK,K,422,"N=7 P=7",0.0072
2026-05-18T20:45:04,VaryP,P,423,"N=7 K=3",-1
2026-05-18T20:45:04,VaryN,N,424,"K=3 P=7",-1
2026-05-18T20:45:04,VaryK,K,423,"N=7 P=7",0.0098
2026-05-18T20:45:04,VaryP,P,424,"N=7 K=3",-1
2026-05-18T20:45:04,VaryN,N,425,"K=3 P=7",-1
2026-05-18T20:45:04,VaryK,K,424,"N=7 P=7",0.0069
2026-05-18T20:45:04,VaryP,P,425,"N=7 K=3",-1
2026-05-18T20:45:04,VaryN,N,426,"K=3 P=7",-1
2026-05-18T20:45:04,VaryK,K,425,"N=7 P=7",0.006
2026-05-18T20:45:04,VaryP,P,426,"N=7 K=3",-1
2026-05-18T20:45:04,VaryN,N,427,"K=3 P=7",-1
2026-05-18T20:45:04,VaryK,K,426,"N=7 P=7",0.0066
2026-05-18T20:45:04,VaryP,P,427,"N=7 K=3",-1
2026-05-18T20:45:04,VaryN,N,428,"K=3 P=7",-1
2026-05-18T20:45:04,VaryK,K,427,"N=7 P=7",0.0062
2026-05-18T20:45:04,VaryP,P,428,"N=7 K=3",-1
2026-05-18T20:45:04,VaryN,N,429,"K=3 P=7",-1
2026-05-18T20:45:04,VaryK,K,428,"N=7 P=7",0.0069
2026-05-18T20:45:04,VaryP,P,429,"N=7 K=3",-1
2026-05-18T20:45:04,VaryN,N,430,"K=3 P=7",-1
2026-05-18T20:45:04,VaryK,K,429,"N=7 P=7",0.0118
2026-05-18T20:45:04,VaryP,P,430,"N=7 K=3",-1
2026-05-18T20:45:04,VaryN,N,431,"K=3 P=7",-1
2026-05-18T20:45:04,VaryK,K,430,"N=7 P=7",0.0086
2026-05-18T20:45:04,VaryP,P,431,"N=7 K=3",-1
2026-05-18T20:45:04,VaryN,N,432,"K=3 P=7",-1
2026-05-18T20:45:04,VaryK,K,431,"N=7 P=7",0.0079
2026-05-18T20:45:04,VaryP,P,432,"N=7 K=3",-1
2026-05-18T20:45:04,VaryN,N,433,"K=3 P=7",-1
2026-05-18T20:45:04,VaryK,K,432,"N=7 P=7",0.0074
2026-05-18T20:45:04,VaryP,P,433,"N=7 K=3",-1
2026-05-18T20:45:04,VaryN,N,434,"K=3 P=7",-1
2026-05-18T20:45:04,VaryK,K,433,"N=7 P=7",0.0069
2026-05-18T20:45:04,VaryP,P,434,"N=7 K=3",-1
2026-05-18T20:45:04,VaryN,N,435,"K=3 P=7",-1
2026-05-18T20:45:04,VaryK,K,434,"N=7 P=7",0.0065
2026-05-18T20:45:04,VaryP,P,435,"N=7 K=3",-1
2026-05-18T20:45:04,VaryN,N,436,"K=3 P=7",-1
2026-05-18T20:45:04,VaryK,K,435,"N=7 P=7",0.0067
2026-05-18T20:45:04,VaryP,P,436,"N=7 K=3",-1
2026-05-18T20:45:04,VaryN,N,437,"K=3 P=7",-1
2026-05-18T20:45:04,VaryK,K,436,"N=7 P=7",0.0072
2026-05-18T20:45:04,VaryP,P,437,"N=7 K=3",-1
2026-05-18T20:45:04,VaryN,N,438,"K=3 P=7",-1
2026-05-18T20:45:04,VaryK,K,437,"N=7 P=7",0.0264
2026-05-18T20:45:04,VaryP,P,438,"N=7 K=3",-1
2026-05-18T20:45:04,VaryN,N,439,"K=3 P=7",-1
2026-05-18T20:45:04,VaryK,K,438,"N=7 P=7",0.008
2026-05-18T20:45:04,VaryP,P,439,"N=7 K=3",-1
2026-05-18T20:45:04,VaryN,N,440,"K=3 P=7",-1
2026-05-18T20:45:04,VaryK,K,439,"N=7 P=7",0.0107
2026-05-18T20:45:04,VaryP,P,440,"N=7 K=3",-1
2026-05-18T20:45:04,VaryN,N,441,"K=3 P=7",-1
2026-05-18T20:45:04,VaryK,K,440,"N=7 P=7",0.0084
2026-05-18T20:45:04,VaryP,P,441,"N=7 K=3",-1
2026-05-18T20:45:04,VaryN,N,442,"K=3 P=7",-1
2026-05-18T20:45:04,VaryK,K,441,"N=7 P=7",0.0146
2026-05-18T20:45:04,VaryP,P,442,"N=7 K=3",-1
2026-05-18T20:45:04,VaryN,N,443,"K=3 P=7",-1
2026-05-18T20:45:04,VaryK,K,442,"N=7 P=7",0.0168
2026-05-18T20:45:04,VaryP,P,443,"N=7 K=3",-1
2026-05-18T20:45:04,VaryN,N,444,"K=3 P=7",-1
2026-05-18T20:45:04,VaryK,K,443,"N=7 P=7",0.0098
2026-05-18T20:45:04,VaryP,P,444,"N=7 K=3",-1
2026-05-18T20:45:04,VaryN,N,445,"K=3 P=7",-1
2026-05-18T20:45:04,VaryK,K,444,"N=7 P=7",0.0107
2026-05-18T20:45:04,VaryP,P,445,"N=7 K=3",-1
2026-05-18T20:45:04,VaryN,N,446,"K=3 P=7",-1
2026-05-18T20:45:04,VaryK,K,445,"N=7 P=7",0.0091
2026-05-18T20:45:04,VaryP,P,446,"N=7 K=3",-1
2026-05-18T20:45:04,VaryN,N,447,"K=3 P=7",-1
2026-05-18T20:45:04,VaryK,K,446,"N=7 P=7",0.0185
2026-05-18T20:45:04,VaryP,P,447,"N=7 K=3",-1
2026-05-18T20:45:04,VaryN,N,448,"K=3 P=7",-1
2026-05-18T20:45:04,VaryK,K,447,"N=7 P=7",0.0175
2026-05-18T20:45:04,VaryP,P,448,"N=7 K=3",-1
2026-05-18T20:45:04,VaryN,N,449,"K=3 P=7",-1
2026-05-18T20:45:04,VaryK,K,448,"N=7 P=7",0.0167
2026-05-18T20:45:04,VaryP,P,449,"N=7 K=3",-1
2026-05-18T20:45:04,VaryN,N,450,"K=3 P=7",-1
2026-05-18T20:45:04,VaryK,K,449,"N=7 P=7",0.0143
2026-05-18T20:45:04,VaryP,P,450,"N=7 K=3",-1
2026-05-18T20:45:04,VaryN,N,451,"K=3 P=7",-1
2026-05-18T20:45:04,VaryK,K,450,"N=7 P=7",0.0138
2026-05-18T20:45:04,VaryP,P,451,"N=7 K=3",-1
2026-05-18T20:45:04,VaryN,N,452,"K=3 P=7",-1
2026-05-18T20:45:04,VaryK,K,451,"N=7 P=7",0.012
2026-05-18T20:45:04,VaryP,P,452,"N=7 K=3",-1
2026-05-18T20:45:04,VaryN,N,453,"K=3 P=7",-1
2026-05-18T20:45:04,VaryK,K,452,"N=7 P=7",0.0137
2026-05-18T20:45:04,VaryP,P,453,"N=7 K=3",-1
2026-05-18T20:45:04,VaryN,N,454,"K=3 P=7",-1
2026-05-18T20:45:04,VaryK,K,453,"N=7 P=7",0.0324
2026-05-18T20:45:04,VaryP,P,454,"N=7 K=3",-1
2026-05-18T20:45:04,VaryN,N,455,"K=3 P=7",-1
2026-05-18T20:45:04,VaryK,K,454,"N=7 P=7",0.0094
2026-05-18T20:45:04,VaryP,P,455,"N=7 K=3",-1
2026-05-18T20:45:04,VaryN,N,456,"K=3 P=7",-1
2026-05-18T20:45:04,VaryK,K,455,"N=7 P=7",0.016
2026-05-18T20:45:04,VaryP,P,456,"N=7 K=3",-1
2026-05-18T20:45:04,VaryN,N,457,"K=3 P=7",-1
2026-05-18T20:45:04,VaryK,K,456,"N=7 P=7",0.0121
2026-05-18T20:45:04,VaryP,P,457,"N=7 K=3",-1
2026-05-18T20:45:04,VaryN,N,458,"K=3 P=7",-1
2026-05-18T20:45:04,VaryK,K,457,"N=7 P=7",0.0084
2026-05-18T20:45:04,VaryP,P,458,"N=7 K=3",-1
2026-05-18T20:45:04,VaryN,N,459,"K=3 P=7",-1
2026-05-18T20:45:04,VaryK,K,458,"N=7 P=7",0.0094
2026-05-18T20:45:04,VaryP,P,459,"N=7 K=3",-1
2026-05-18T20:45:04,VaryN,N,460,"K=3 P=7",-1
2026-05-18T20:45:04,VaryK,K,459,"N=7 P=7",0.0071
2026-05-18T20:45:04,VaryP,P,460,"N=7 K=3",-1
2026-05-18T20:45:04,VaryN,N,461,"K=3 P=7",-1
2026-05-18T20:45:04,VaryK,K,460,"N=7 P=7",0.0058
2026-05-18T20:45:04,VaryP,P,461,"N=7 K=3",-1
2026-05-18T20:45:04,VaryN,N,462,"K=3 P=7",-1
2026-05-18T20:45:04,VaryK,K,461,"N=7 P=7",0.0129
2026-05-18T20:45:04,VaryP,P,462,"N=7 K=3",-1
2026-05-18T20:45:04,VaryN,N,463,"K=3 P=7",-1
2026-05-18T20:45:04,VaryK,K,462,"N=7 P=7",0.0095
2026-05-18T20:45:04,VaryP,P,463,"N=7 K=3",-1
2026-05-18T20:45:04,VaryN,N,464,"K=3 P=7",-1
2026-05-18T20:45:04,VaryK,K,463,"N=7 P=7",0.0072
2026-05-18T20:45:04,VaryP,P,464,"N=7 K=3",-1
2026-05-18T20:45:04,VaryN,N,465,"K=3 P=7",-1
2026-05-18T20:45:04,VaryK,K,464,"N=7 P=7",0.013
2026-05-18T20:45:04,VaryP,P,465,"N=7 K=3",-1
2026-05-18T20:45:04,VaryN,N,466,"K=3 P=7",-1
2026-05-18T20:45:04,VaryK,K,465,"N=7 P=7",0.0075
2026-05-18T20:45:04,VaryP,P,466,"N=7 K=3",-1
2026-05-18T20:45:04,VaryN,N,467,"K=3 P=7",-1
2026-05-18T20:45:04,VaryK,K,466,"N=7 P=7",0.0071
2026-05-18T20:45:04,VaryP,P,467,"N=7 K=3",-1
2026-05-18T20:45:04,VaryN,N,468,"K=3 P=7",-1
2026-05-18T20:45:04,VaryK,K,467,"N=7 P=7",0.0082
2026-05-18T20:45:04,VaryP,P,468,"N=7 K=3",-1
2026-05-18T20:45:04,VaryN,N,469,"K=3 P=7",-1
2026-05-18T20:45:04,VaryK,K,468,"N=7 P=7",0.0079
2026-05-18T20:45:04,VaryP,P,469,"N=7 K=3",-1
2026-05-18T20:45:04,VaryN,N,470,"K=3 P=7",-1
2026-05-18T20:45:04,VaryK,K,469,"N=7 P=7",0.0074
2026-05-18T20:45:04,VaryP,P,470,"N=7 K=3",-1
2026-05-18T20:45:04,VaryN,N,471,"K=3 P=7",-1
2026-05-18T20:45:04,VaryK,K,470,"N=7 P=7",0.0069
2026-05-18T20:45:04,VaryP,P,471,"N=7 K=3",-1
2026-05-18T20:45:04,VaryN,N,472,"K=3 P=7",-1
2026-05-18T20:45:04,VaryK,K,471,"N=7 P=7",0.0069
2026-05-18T20:45:04,VaryP,P,472,"N=7 K=3",-1
2026-05-18T20:45:04,VaryN,N,473,"K=3 P=7",-1
2026-05-18T20:45:04,VaryK,K,472,"N=7 P=7",0.0086
2026-05-18T20:45:04,VaryP,P,473,"N=7 K=3",-1
2026-05-18T20:45:04,VaryN,N,474,"K=3 P=7",-1
2026-05-18T20:45:04,VaryK,K,473,"N=7 P=7",0.007
2026-05-18T20:45:04,VaryP,P,474,"N=7 K=3",-1
2026-05-18T20:45:04,VaryN,N,475,"K=3 P=7",-1
2026-05-18T20:45:04,VaryK,K,474,"N=7 P=7",0.0075
2026-05-18T20:45:04,VaryP,P,475,"N=7 K=3",-1
2026-05-18T20:45:04,VaryN,N,476,"K=3 P=7",-1
2026-05-18T20:45:04,VaryK,K,475,"N=7 P=7",0.0068
2026-05-18T20:45:04,VaryP,P,476,"N=7 K=3",-1
2026-05-18T20:45:04,VaryN,N,477,"K=3 P=7",-1
2026-05-18T20:45:04,VaryK,K,476,"N=7 P=7",0.0073
2026-05-18T20:45:04,VaryP,P,477,"N=7 K=3",-1
2026-05-18T20:45:04,VaryN,N,478,"K=3 P=7",-1
2026-05-18T20:45:04,VaryK,K,477,"N=7 P=7",0.0082
2026-05-18T20:45:04,VaryP,P,478,"N=7 K=3",-1
2026-05-18T20:45:04,VaryN,N,479,"K=3 P=7",-1
2026-05-18T20:45:04,VaryK,K,478,"N=7 P=7",0.01
2026-05-18T20:45:04,VaryP,P,479,"N=7 K=3",-1
2026-05-18T20:45:04,VaryN,N,480,"K=3 P=7",-1
2026-05-18T20:45:04,VaryK,K,479,"N=7 P=7",0.0113
2026-05-18T20:45:04,VaryP,P,480,"N=7 K=3",-1
2026-05-18T20:45:04,VaryN,N,481,"K=3 P=7",-1
2026-05-18T20:45:04,VaryK,K,480,"N=7 P=7",0.0106
2026-05-18T20:45:04,VaryP,P,481,"N=7 K=3",-1
2026-05-18T20:45:04,VaryN,N,482,"K=3 P=7",-1
2026-05-18T20:45:04,VaryK,K,481,"N=7 P=7",0.0142
2026-05-18T20:45:04,VaryP,P,482,"N=7 K=3",-1
2026-05-18T20:45:04,VaryN,N,483,"K=3 P=7",-1
2026-05-18T20:45:04,VaryK,K,482,"N=7 P=7",0.0103
2026-05-18T20:45:04,VaryP,P,483,"N=7 K=3",-1
2026-05-18T20:45:04,VaryN,N,484,"K=3 P=7",-1
2026-05-18T20:45:04,VaryK,K,483,"N=7 P=7",0.0128
2026-05-18T20:45:04,VaryP,P,484,"N=7 K=3",-1
2026-05-18T20:45:04,VaryN,N,485,"K=3 P=7",-1
2026-05-18T20:45:04,VaryK,K,484,"N=7 P=7",0.0099
2026-05-18T20:45:04,VaryP,P,485,"N=7 K=3",-1
2026-05-18T20:45:04,VaryN,N,486,"K=3 P=7",-1
2026-05-18T20:45:04,VaryK,K,485,"N=7 P=7",0.012
2026-05-18T20:45:04,VaryP,P,486,"N=7 K=3",-1
2026-05-18T20:45:04,VaryN,N,487,"K=3 P=7",-1
2026-05-18T20:45:04,VaryK,K,486,"N=7 P=7",0.0134
2026-05-18T20:45:04,VaryP,P,487,"N=7 K=3",-1
2026-05-18T20:45:04,VaryN,N,488,"K=3 P=7",-1
2026-05-18T20:45:04,VaryK,K,487,"N=7 P=7",0.0084
2026-05-18T20:45:04,VaryP,P,488,"N=7 K=3",-1
2026-05-18T20:45:04,VaryN,N,489,"K=3 P=7",-1
2026-05-18T20:45:04,VaryK,K,488,"N=7 P=7",0.0173
2026-05-18T20:45:04,VaryP,P,489,"N=7 K=3",-1
2026-05-18T20:45:04,VaryN,N,490,"K=3 P=7",-1
2026-05-18T20:45:04,VaryK,K,489,"N=7 P=7",0.0177
2026-05-18T20:45:04,VaryP,P,490,"N=7 K=3",-1
2026-05-18T20:45:04,VaryN,N,491,"K=3 P=7",-1
2026-05-18T20:45:04,VaryK,K,490,"N=7 P=7",0.0153
2026-05-18T20:45:04,VaryP,P,491,"N=7 K=3",-1
2026-05-18T20:45:04,VaryN,N,492,"K=3 P=7",-1
2026-05-18T20:45:04,VaryK,K,491,"N=7 P=7",0.0143
2026-05-18T20:45:04,VaryP,P,492,"N=7 K=3",-1
2026-05-18T20:45:04,VaryN,N,493,"K=3 P=7",-1
2026-05-18T20:45:04,VaryK,K,492,"N=7 P=7",0.0106
2026-05-18T20:45:04,VaryP,P,493,"N=7 K=3",-1
2026-05-18T20:45:04,VaryN,N,494,"K=3 P=7",-1
2026-05-18T20:45:04,VaryK,K,493,"N=7 P=7",0.014
2026-05-18T20:45:04,VaryP,P,494,"N=7 K=3",-1
2026-05-18T20:45:04,VaryN,N,495,"K=3 P=7",-1
2026-05-18T20:45:04,VaryK,K,494,"N=7 P=7",0.0376
2026-05-18T20:45:04,VaryP,P,495,"N=7 K=3",-1
2026-05-18T20:45:04,VaryN,N,496,"K=3 P=7",-1
2026-05-18T20:45:04,VaryK,K,495,"N=7 P=7",0.0075
2026-05-18T20:45:04,VaryP,P,496,"N=7 K=3",-1
2026-05-18T20:45:04,VaryN,N,497,"K=3 P=7",-1
2026-05-18T20:45:04,VaryK,K,496,"N=7 P=7",0.0063
2026-05-18T20:45:04,VaryP,P,497,"N=7 K=3",-1
2026-05-18T20:45:04,VaryN,N,498,"K=3 P=7",-1
2026-05-18T20:45:04,VaryK,K,497,"N=7 P=7",0.0069
2026-05-18T20:45:04,VaryP,P,498,"N=7 K=3",-1
2026-05-18T20:45:04,VaryN,N,499,"K=3 P=7",-1
2026-05-18T20:45:04,VaryK,K,498,"N=7 P=7",0.0077
2026-05-18T20:45:04,VaryP,P,499,"N=7 K=3",-1
2026-05-18T20:45:04,VaryN,N,500,"K=3 P=7",-1
2026-05-18T20:45:04,VaryK,K,499,"N=7 P=7",0.0087
2026-05-18T20:45:04,VaryP,P,500,"N=7 K=3",-1
2026-05-18T20:45:04,VaryN,N,501,"K=3 P=7",-1
2026-05-18T20:45:04,VaryK,K,500,"N=7 P=7",0.009
2026-05-18T20:45:04,VaryP,P,501,"N=7 K=3",-1
2026-05-18T20:45:04,VaryN,N,502,"K=3 P=7",-1
2026-05-18T20:45:04,VaryK,K,501,"N=7 P=7",0.008
2026-05-18T20:45:04,VaryP,P,502,"N=7 K=3",-1
2026-05-18T20:45:04,VaryN,N,503,"K=3 P=7",-1
2026-05-18T20:45:04,VaryK,K,502,"N=7 P=7",0.0085
2026-05-18T20:45:04,VaryP,P,503,"N=7 K=3",-1
2026-05-18T20:45:04,VaryN,N,504,"K=3 P=7",-1
2026-05-18T20:45:04,VaryK,K,503,"N=7 P=7",0.0073
2026-05-18T20:45:04,VaryP,P,504,"N=7 K=3",-1
2026-05-18T20:45:04,VaryN,N,505,"K=3 P=7",-1
2026-05-18T20:45:04,VaryK,K,504,"N=7 P=7",0.0069
2026-05-18T20:45:04,VaryP,P,505,"N=7 K=3",-1
2026-05-18T20:45:04,VaryN,N,506,"K=3 P=7",-1
2026-05-18T20:45:04,VaryK,K,505,"N=7 P=7",0.0098
2026-05-18T20:45:04,VaryP,P,506,"N=7 K=3",-1
2026-05-18T20:45:04,VaryN,N,507,"K=3 P=7",-1
2026-05-18T20:45:04,VaryK,K,506,"N=7 P=7",0.0075
2026-05-18T20:45:04,VaryP,P,507,"N=7 K=3",-1
2026-05-18T20:45:04,VaryN,N,508,"K=3 P=7",-1
2026-05-18T20:45:04,VaryK,K,507,"N=7 P=7",0.0106
2026-05-18T20:45:04,VaryP,P,508,"N=7 K=3",-1
2026-05-18T20:45:04,VaryN,N,509,"K=3 P=7",-1
2026-05-18T20:45:04,VaryK,K,508,"N=7 P=7",0.0081
2026-05-18T20:45:04,VaryP,P,509,"N=7 K=3",-1
2026-05-18T20:45:04,VaryN,N,510,"K=3 P=7",-1
2026-05-18T20:45:04,VaryK,K,509,"N=7 P=7",0.0095
2026-05-18T20:45:04,VaryP,P,510,"N=7 K=3",-1
2026-05-18T20:45:04,VaryN,N,511,"K=3 P=7",-1
2026-05-18T20:45:04,VaryK,K,510,"N=7 P=7",0.0059
2026-05-18T20:45:04,VaryP,P,511,"N=7 K=3",-1
2026-05-18T20:45:04,VaryN,N,512,"K=3 P=7",-1
2026-05-18T20:45:04,VaryK,K,511,"N=7 P=7",0.0064
2026-05-18T20:45:04,VaryP,P,512,"N=7 K=3",-1
2026-05-18T20:45:04,VaryN,N,513,"K=3 P=7",-1
2026-05-18T20:45:04,VaryK,K,512,"N=7 P=7",0.0069
2026-05-18T20:45:04,VaryP,P,513,"N=7 K=3",-1
2026-05-18T20:45:04,VaryN,N,514,"K=3 P=7",-1
2026-05-18T20:45:04,VaryK,K,513,"N=7 P=7",0.0071
2026-05-18T20:45:04,VaryP,P,514,"N=7 K=3",-1
2026-05-18T20:45:04,VaryN,N,515,"K=3 P=7",-1
2026-05-18T20:45:04,VaryK,K,514,"N=7 P=7",0.007
2026-05-18T20:45:04,VaryP,P,515,"N=7 K=3",-1
2026-05-18T20:45:04,VaryN,N,516,"K=3 P=7",-1
2026-05-18T20:45:04,VaryK,K,515,"N=7 P=7",0.0067
2026-05-18T20:45:04,VaryP,P,516,"N=7 K=3",-1
2026-05-18T20:45:04,VaryN,N,517,"K=3 P=7",-1
2026-05-18T20:45:04,VaryK,K,516,"N=7 P=7",0.0094
2026-05-18T20:45:04,VaryP,P,517,"N=7 K=3",-1
2026-05-18T20:45:04,VaryN,N,518,"K=3 P=7",-1
2026-05-18T20:45:04,VaryK,K,517,"N=7 P=7",0.0116
2026-05-18T20:45:04,VaryP,P,518,"N=7 K=3",-1
2026-05-18T20:45:04,VaryN,N,519,"K=3 P=7",-1
2026-05-18T20:45:04,VaryK,K,518,"N=7 P=7",0.0081
2026-05-18T20:45:04,VaryP,P,519,"N=7 K=3",-1
2026-05-18T20:45:04,VaryN,N,520,"K=3 P=7",-1
2026-05-18T20:45:04,VaryK,K,519,"N=7 P=7",0.012
2026-05-18T20:45:04,VaryP,P,520,"N=7 K=3",-1
2026-05-18T20:45:04,VaryN,N,521,"K=3 P=7",-1
2026-05-18T20:45:04,VaryK,K,520,"N=7 P=7",0.0091
2026-05-18T20:45:04,VaryP,P,521,"N=7 K=3",-1
2026-05-18T20:45:04,VaryN,N,522,"K=3 P=7",-1
2026-05-18T20:45:04,VaryK,K,521,"N=7 P=7",0.0142
2026-05-18T20:45:04,VaryP,P,522,"N=7 K=3",-1
2026-05-18T20:45:04,VaryN,N,523,"K=3 P=7",-1
2026-05-18T20:45:04,VaryK,K,522,"N=7 P=7",0.0131
2026-05-18T20:45:04,VaryP,P,523,"N=7 K=3",-1
2026-05-18T20:45:04,VaryN,N,524,"K=3 P=7",-1
2026-05-18T20:45:04,VaryK,K,523,"N=7 P=7",0.0122
2026-05-18T20:45:04,VaryP,P,524,"N=7 K=3",-1
2026-05-18T20:45:04,VaryN,N,525,"K=3 P=7",-1
2026-05-18T20:45:04,VaryK,K,524,"N=7 P=7",0.0181
2026-05-18T20:45:04,VaryP,P,525,"N=7 K=3",-1
2026-05-18T20:45:04,VaryN,N,526,"K=3 P=7",-1
2026-05-18T20:45:04,VaryK,K,525,"N=7 P=7",0.0127
2026-05-18T20:45:04,VaryP,P,526,"N=7 K=3",-1
2026-05-18T20:45:04,VaryN,N,527,"K=3 P=7",-1
2026-05-18T20:45:04,VaryK,K,526,"N=7 P=7",0.0273
2026-05-18T20:45:04,VaryP,P,527,"N=7 K=3",-1
2026-05-18T20:45:04,VaryN,N,528,"K=3 P=7",-1
2026-05-18T20:45:04,VaryK,K,527,"N=7 P=7",0.0255
2026-05-18T20:45:04,VaryP,P,528,"N=7 K=3",-1
2026-05-18T20:45:04,VaryN,N,529,"K=3 P=7",-1
2026-05-18T20:45:04,VaryK,K,528,"N=7 P=7",0.0158
2026-05-18T20:45:04,VaryP,P,529,"N=7 K=3",-1
2026-05-18T20:45:04,VaryN,N,530,"K=3 P=7",-1
2026-05-18T20:45:04,VaryK,K,529,"N=7 P=7",0.0143
2026-05-18T20:45:04,VaryP,P,530,"N=7 K=3",-1
2026-05-18T20:45:04,VaryN,N,531,"K=3 P=7",-1
2026-05-18T20:45:04,VaryK,K,530,"N=7 P=7",0.0108
2026-05-18T20:45:04,VaryP,P,531,"N=7 K=3",-1
2026-05-18T20:45:04,VaryN,N,532,"K=3 P=7",-1
2026-05-18T20:45:04,VaryK,K,531,"N=7 P=7",0.0125
2026-05-18T20:45:04,VaryP,P,532,"N=7 K=3",-1
2026-05-18T20:45:04,VaryN,N,533,"K=3 P=7",-1
2026-05-18T20:45:04,VaryK,K,532,"N=7 P=7",0.011
2026-05-18T20:45:04,VaryP,P,533,"N=7 K=3",-1
2026-05-18T20:45:04,VaryN,N,534,"K=3 P=7",-1
2026-05-18T20:45:04,VaryK,K,533,"N=7 P=7",0.0128
2026-05-18T20:45:04,VaryP,P,534,"N=7 K=3",-1
2026-05-18T20:45:04,VaryN,N,535,"K=3 P=7",-1
2026-05-18T20:45:04,VaryK,K,534,"N=7 P=7",0.0113
2026-05-18T20:45:04,VaryP,P,535,"N=7 K=3",-1
2026-05-18T20:45:04,VaryN,N,536,"K=3 P=7",-1
2026-05-18T20:45:04,VaryK,K,535,"N=7 P=7",0.0295
2026-05-18T20:45:04,VaryP,P,536,"N=7 K=3",-1
2026-05-18T20:45:04,VaryN,N,537,"K=3 P=7",-1
2026-05-18T20:45:04,VaryK,K,536,"N=7 P=7",0.0108
2026-05-18T20:45:04,VaryP,P,537,"N=7 K=3",-1
2026-05-18T20:45:04,VaryN,N,538,"K=3 P=7",-1
2026-05-18T20:45:04,VaryK,K,537,"N=7 P=7",0.0112
2026-05-18T20:45:04,VaryP,P,538,"N=7 K=3",-1
2026-05-18T20:45:04,VaryN,N,539,"K=3 P=7",-1
2026-05-18T20:45:04,VaryK,K,538,"N=7 P=7",0.0301
2026-05-18T20:45:04,VaryP,P,539,"N=7 K=3",-1
2026-05-18T20:45:04,VaryN,N,540,"K=3 P=7",-1
2026-05-18T20:45:04,VaryK,K,539,"N=7 P=7",0.0097
2026-05-18T20:45:04,VaryP,P,540,"N=7 K=3",-1
2026-05-18T20:45:04,VaryN,N,541,"K=3 P=7",-1
2026-05-18T20:45:04,VaryK,K,540,"N=7 P=7",0.0071
2026-05-18T20:45:04,VaryP,P,541,"N=7 K=3",-1
2026-05-18T20:45:04,VaryN,N,542,"K=3 P=7",-1
2026-05-18T20:45:04,VaryK,K,541,"N=7 P=7",0.0106
2026-05-18T20:45:04,VaryP,P,542,"N=7 K=3",-1
2026-05-18T20:45:04,VaryN,N,543,"K=3 P=7",-1
2026-05-18T20:45:04,VaryK,K,542,"N=7 P=7",0.0072
2026-05-18T20:45:04,VaryP,P,543,"N=7 K=3",-1
2026-05-18T20:45:04,VaryN,N,544,"K=3 P=7",-1
2026-05-18T20:45:04,VaryK,K,543,"N=7 P=7",0.0092
2026-05-18T20:45:04,VaryP,P,544,"N=7 K=3",-1
2026-05-18T20:45:04,VaryN,N,545,"K=3 P=7",-1
2026-05-18T20:45:04,VaryK,K,544,"N=7 P=7",0.0065
2026-05-18T20:45:05,VaryP,P,545,"N=7 K=3",-1
2026-05-18T20:45:05,VaryN,N,546,"K=3 P=7",-1
2026-05-18T20:45:05,VaryK,K,545,"N=7 P=7",0.016
2026-05-18T20:45:05,VaryP,P,546,"N=7 K=3",-1
2026-05-18T20:45:05,VaryN,N,547,"K=3 P=7",-1
2026-05-18T20:45:05,VaryK,K,546,"N=7 P=7",0.0104
2026-05-18T20:45:05,VaryP,P,547,"N=7 K=3",-1
2026-05-18T20:45:05,VaryN,N,548,"K=3 P=7",-1
2026-05-18T20:45:05,VaryK,K,547,"N=7 P=7",0.0072
2026-05-18T20:45:05,VaryP,P,548,"N=7 K=3",-1
2026-05-18T20:45:05,VaryN,N,549,"K=3 P=7",-1
2026-05-18T20:45:05,VaryK,K,548,"N=7 P=7",0.0069
2026-05-18T20:45:05,VaryP,P,549,"N=7 K=3",-1
2026-05-18T20:45:05,VaryN,N,550,"K=3 P=7",-1
2026-05-18T20:45:05,VaryK,K,549,"N=7 P=7",0.0064
2026-05-18T20:45:05,VaryP,P,550,"N=7 K=3",-1
2026-05-18T20:45:05,VaryN,N,551,"K=3 P=7",-1
2026-05-18T20:45:05,VaryK,K,550,"N=7 P=7",0.0084
2026-05-18T20:45:05,VaryP,P,551,"N=7 K=3",-1
2026-05-18T20:45:05,VaryN,N,552,"K=3 P=7",-1
2026-05-18T20:45:05,VaryK,K,551,"N=7 P=7",0.007
2026-05-18T20:45:05,VaryP,P,552,"N=7 K=3",-1
2026-05-18T20:45:05,VaryN,N,553,"K=3 P=7",-1
2026-05-18T20:45:05,VaryK,K,552,"N=7 P=7",0.0139
2026-05-18T20:45:05,VaryP,P,553,"N=7 K=3",-1
2026-05-18T20:45:05,VaryN,N,554,"K=3 P=7",-1
2026-05-18T20:45:05,VaryK,K,553,"N=7 P=7",0.0076
2026-05-18T20:45:05,VaryP,P,554,"N=7 K=3",-1
2026-05-18T20:45:05,VaryN,N,555,"K=3 P=7",-1
2026-05-18T20:45:05,VaryK,K,554,"N=7 P=7",0.0094
2026-05-18T20:45:05,VaryP,P,555,"N=7 K=3",-1
2026-05-18T20:45:05,VaryN,N,556,"K=3 P=7",-1
2026-05-18T20:45:05,VaryK,K,555,"N=7 P=7",0.0094
2026-05-18T20:45:05,VaryP,P,556,"N=7 K=3",-1
2026-05-18T20:45:05,VaryN,N,557,"K=3 P=7",-1
2026-05-18T20:45:05,VaryK,K,556,"N=7 P=7",0.0105
2026-05-18T20:45:05,VaryP,P,557,"N=7 K=3",-1
2026-05-18T20:45:05,VaryN,N,558,"K=3 P=7",-1
2026-05-18T20:45:05,VaryK,K,557,"N=7 P=7",0.0133
2026-05-18T20:45:05,VaryP,P,558,"N=7 K=3",-1
2026-05-18T20:45:05,VaryN,N,559,"K=3 P=7",-1
2026-05-18T20:45:05,VaryK,K,558,"N=7 P=7",0.0318
2026-05-18T20:45:05,VaryP,P,559,"N=7 K=3",-1
2026-05-18T20:45:05,VaryN,N,560,"K=3 P=7",-1
2026-05-18T20:45:05,VaryK,K,559,"N=7 P=7",0.0152
2026-05-18T20:45:05,VaryP,P,560,"N=7 K=3",-1
2026-05-18T20:45:05,VaryN,N,561,"K=3 P=7",-1
2026-05-18T20:45:05,VaryK,K,560,"N=7 P=7",0.0278
2026-05-18T20:45:05,VaryP,P,561,"N=7 K=3",-1
2026-05-18T20:45:05,VaryN,N,562,"K=3 P=7",-1
2026-05-18T20:45:05,VaryK,K,561,"N=7 P=7",0.0245
2026-05-18T20:45:05,VaryP,P,562,"N=7 K=3",-1
2026-05-18T20:45:05,VaryN,N,563,"K=3 P=7",-1
2026-05-18T20:45:05,VaryK,K,562,"N=7 P=7",0.0106
2026-05-18T20:45:05,VaryP,P,563,"N=7 K=3",-1
2026-05-18T20:45:05,VaryN,N,564,"K=3 P=7",-1
2026-05-18T20:45:05,VaryK,K,563,"N=7 P=7",0.0176
2026-05-18T20:45:05,VaryP,P,564,"N=7 K=3",-1
2026-05-18T20:45:05,VaryN,N,565,"K=3 P=7",-1
2026-05-18T20:45:05,VaryK,K,564,"N=7 P=7",0.0274
2026-05-18T20:45:05,VaryP,P,565,"N=7 K=3",-1
2026-05-18T20:45:05,VaryN,N,566,"K=3 P=7",-1
2026-05-18T20:45:05,VaryK,K,565,"N=7 P=7",0.0102
2026-05-18T20:45:05,VaryP,P,566,"N=7 K=3",-1
2026-05-18T20:45:05,VaryN,N,567,"K=3 P=7",-1
2026-05-18T20:45:05,VaryK,K,566,"N=7 P=7",0.0079
2026-05-18T20:45:05,VaryP,P,567,"N=7 K=3",-1
2026-05-18T20:45:05,VaryN,N,568,"K=3 P=7",-1
2026-05-18T20:45:05,VaryK,K,567,"N=7 P=7",0.0122
2026-05-18T20:45:05,VaryP,P,568,"N=7 K=3",-1
2026-05-18T20:45:05,VaryN,N,569,"K=3 P=7",-1
2026-05-18T20:45:05,VaryK,K,568,"N=7 P=7",0.0239
2026-05-18T20:45:05,VaryP,P,569,"N=7 K=3",-1
2026-05-18T20:45:05,VaryN,N,570,"K=3 P=7",-1
2026-05-18T20:45:05,VaryK,K,569,"N=7 P=7",0.027
2026-05-18T20:45:05,VaryP,P,570,"N=7 K=3",-1
2026-05-18T20:45:05,VaryN,N,571,"K=3 P=7",-1
2026-05-18T20:45:05,VaryK,K,570,"N=7 P=7",0.0105
2026-05-18T20:45:05,VaryP,P,571,"N=7 K=3",-1
2026-05-18T20:45:05,VaryN,N,572,"K=3 P=7",-1
2026-05-18T20:45:05,VaryK,K,571,"N=7 P=7",0.0105
2026-05-18T20:45:05,VaryP,P,572,"N=7 K=3",-1
2026-05-18T20:45:05,VaryN,N,573,"K=3 P=7",-1
2026-05-18T20:45:05,VaryK,K,572,"N=7 P=7",0.0089
2026-05-18T20:45:05,VaryP,P,573,"N=7 K=3",-1
2026-05-18T20:45:05,VaryN,N,574,"K=3 P=7",-1
2026-05-18T20:45:05,VaryK,K,573,"N=7 P=7",0.0247
2026-05-18T20:45:05,VaryP,P,574,"N=7 K=3",-1
2026-05-18T20:45:05,VaryN,N,575,"K=3 P=7",-1
2026-05-18T20:45:05,VaryK,K,574,"N=7 P=7",0.0091
2026-05-18T20:45:05,VaryP,P,575,"N=7 K=3",-1
2026-05-18T20:45:05,VaryN,N,576,"K=3 P=7",-1
2026-05-18T20:45:05,VaryK,K,575,"N=7 P=7",0.0098
2026-05-18T20:45:05,VaryP,P,576,"N=7 K=3",-1
2026-05-18T20:45:05,VaryN,N,577,"K=3 P=7",-1
2026-05-18T20:45:05,VaryK,K,576,"N=7 P=7",0.0067
2026-05-18T20:45:05,VaryP,P,577,"N=7 K=3",-1
2026-05-18T20:45:05,VaryN,N,578,"K=3 P=7",-1
2026-05-18T20:45:05,VaryK,K,577,"N=7 P=7",0.0338
2026-05-18T20:45:05,VaryP,P,578,"N=7 K=3",-1
2026-05-18T20:45:05,VaryN,N,579,"K=3 P=7",-1
2026-05-18T20:45:05,VaryK,K,578,"N=7 P=7",0.0089
2026-05-18T20:45:05,VaryP,P,579,"N=7 K=3",-1
2026-05-18T20:45:05,VaryN,N,580,"K=3 P=7",-1
2026-05-18T20:45:05,VaryK,K,579,"N=7 P=7",0.0058
2026-05-18T20:45:05,VaryP,P,580,"N=7 K=3",-1
2026-05-18T20:45:05,VaryN,N,581,"K=3 P=7",-1
2026-05-18T20:45:05,VaryK,K,580,"N=7 P=7",0.0062
2026-05-18T20:45:05,VaryP,P,581,"N=7 K=3",-1
2026-05-18T20:45:05,VaryN,N,582,"K=3 P=7",-1
2026-05-18T20:45:05,VaryK,K,581,"N=7 P=7",0.0087
2026-05-18T20:45:05,VaryP,P,582,"N=7 K=3",-1
2026-05-18T20:45:05,VaryN,N,583,"K=3 P=7",-1
2026-05-18T20:45:05,VaryK,K,582,"N=7 P=7",0.0098
2026-05-18T20:45:05,VaryP,P,583,"N=7 K=3",-1
2026-05-18T20:45:05,VaryN,N,584,"K=3 P=7",-1
2026-05-18T20:45:05,VaryK,K,583,"N=7 P=7",0.0069
2026-05-18T20:45:05,VaryP,P,584,"N=7 K=3",-1
2026-05-18T20:45:05,VaryN,N,585,"K=3 P=7",-1
2026-05-18T20:45:05,VaryK,K,584,"N=7 P=7",0.0066
2026-05-18T20:45:05,VaryP,P,585,"N=7 K=3",-1
2026-05-18T20:45:05,VaryN,N,586,"K=3 P=7",-1
2026-05-18T20:45:05,VaryK,K,585,"N=7 P=7",0.0059
2026-05-18T20:45:05,VaryP,P,586,"N=7 K=3",-1
2026-05-18T20:45:05,VaryN,N,587,"K=3 P=7",-1
2026-05-18T20:45:05,VaryK,K,586,"N=7 P=7",0.0069
2026-05-18T20:45:05,VaryP,P,587,"N=7 K=3",-1
2026-05-18T20:45:05,VaryN,N,588,"K=3 P=7",-1
2026-05-18T20:45:05,VaryK,K,587,"N=7 P=7",0.0079
2026-05-18T20:45:05,VaryP,P,588,"N=7 K=3",-1
2026-05-18T20:45:05,VaryN,N,589,"K=3 P=7",-1
2026-05-18T20:45:05,VaryK,K,588,"N=7 P=7",0.0058
2026-05-18T20:45:05,VaryP,P,589,"N=7 K=3",-1
2026-05-18T20:45:05,VaryN,N,590,"K=3 P=7",-1
2026-05-18T20:45:05,VaryK,K,589,"N=7 P=7",0.0261
2026-05-18T20:45:05,VaryP,P,590,"N=7 K=3",-1
2026-05-18T20:45:05,VaryN,N,591,"K=3 P=7",-1
2026-05-18T20:45:05,VaryK,K,590,"N=7 P=7",0.0093
2026-05-18T20:45:05,VaryP,P,591,"N=7 K=3",-1
2026-05-18T20:45:05,VaryN,N,592,"K=3 P=7",-1
2026-05-18T20:45:05,VaryK,K,591,"N=7 P=7",0.0093
2026-05-18T20:45:05,VaryP,P,592,"N=7 K=3",-1
2026-05-18T20:45:05,VaryN,N,593,"K=3 P=7",-1
2026-05-18T20:45:05,VaryK,K,592,"N=7 P=7",0.007
2026-05-18T20:45:05,VaryP,P,593,"N=7 K=3",-1
2026-05-18T20:45:05,VaryN,N,594,"K=3 P=7",-1
2026-05-18T20:45:05,VaryK,K,593,"N=7 P=7",0.0074
2026-05-18T20:45:05,VaryP,P,594,"N=7 K=3",-1
2026-05-18T20:45:05,VaryN,N,595,"K=3 P=7",-1
2026-05-18T20:45:05,VaryK,K,594,"N=7 P=7",0.0059
2026-05-18T20:45:05,VaryP,P,595,"N=7 K=3",-1
2026-05-18T20:45:05,VaryN,N,596,"K=3 P=7",-1
2026-05-18T20:45:05,VaryK,K,595,"N=7 P=7",0.0056
2026-05-18T20:45:05,VaryP,P,596,"N=7 K=3",-1
2026-05-18T20:45:05,VaryN,N,597,"K=3 P=7",-1
2026-05-18T20:45:05,VaryK,K,596,"N=7 P=7",0.0055
2026-05-18T20:45:05,VaryP,P,597,"N=7 K=3",-1
2026-05-18T20:45:05,VaryN,N,598,"K=3 P=7",-1
2026-05-18T20:45:05,VaryK,K,597,"N=7 P=7",0.0079
2026-05-18T20:45:05,VaryP,P,598,"N=7 K=3",-1
2026-05-18T20:45:05,VaryN,N,599,"K=3 P=7",-1
2026-05-18T20:45:05,VaryK,K,598,"N=7 P=7",0.0076
2026-05-18T20:45:05,VaryP,P,599,"N=7 K=3",-1
2026-05-18T20:45:05,VaryN,N,600,"K=3 P=7",-1
2026-05-18T20:45:05,VaryK,K,599,"N=7 P=7",0.0083
2026-05-18T20:45:05,VaryP,P,600,"N=7 K=3",-1
2026-05-18T20:45:05,VaryN,N,601,"K=3 P=7",-1
2026-05-18T20:45:05,VaryK,K,600,"N=7 P=7",0.0125
2026-05-18T20:45:05,VaryP,P,601,"N=7 K=3",-1
2026-05-18T20:45:05,VaryN,N,602,"K=3 P=7",-1
2026-05-18T20:45:05,VaryK,K,601,"N=7 P=7",0.0089
2026-05-18T20:45:05,VaryP,P,602,"N=7 K=3",-1
2026-05-18T20:45:05,VaryN,N,603,"K=3 P=7",-1
2026-05-18T20:45:05,VaryK,K,602,"N=7 P=7",0.0122
2026-05-18T20:45:05,VaryP,P,603,"N=7 K=3",-1
2026-05-18T20:45:05,VaryN,N,604,"K=3 P=7",-1
2026-05-18T20:45:05,VaryK,K,603,"N=7 P=7",0.0171
2026-05-18T20:45:05,VaryP,P,604,"N=7 K=3",-1
2026-05-18T20:45:05,VaryN,N,605,"K=3 P=7",-1
2026-05-18T20:45:05,VaryK,K,604,"N=7 P=7",0.0146
2026-05-18T20:45:05,VaryP,P,605,"N=7 K=3",-1
2026-05-18T20:45:05,VaryN,N,606,"K=3 P=7",-1
2026-05-18T20:45:05,VaryK,K,605,"N=7 P=7",0.0108
2026-05-18T20:45:05,VaryP,P,606,"N=7 K=3",-1
2026-05-18T20:45:05,VaryN,N,607,"K=3 P=7",-1
2026-05-18T20:45:05,VaryK,K,606,"N=7 P=7",0.0094
2026-05-18T20:45:05,VaryP,P,607,"N=7 K=3",-1
2026-05-18T20:45:05,VaryN,N,608,"K=3 P=7",-1
2026-05-18T20:45:05,VaryK,K,607,"N=7 P=7",0.0361
2026-05-18T20:45:05,VaryP,P,608,"N=7 K=3",-1
2026-05-18T20:45:05,VaryN,N,609,"K=3 P=7",-1
2026-05-18T20:45:05,VaryK,K,608,"N=7 P=7",0.0092
2026-05-18T20:45:05,VaryP,P,609,"N=7 K=3",-1
2026-05-18T20:45:05,VaryN,N,610,"K=3 P=7",-1
2026-05-18T20:45:05,VaryK,K,609,"N=7 P=7",0.0129
2026-05-18T20:45:05,VaryP,P,610,"N=7 K=3",-1
2026-05-18T20:45:05,VaryN,N,611,"K=3 P=7",-1
2026-05-18T20:45:05,VaryK,K,610,"N=7 P=7",0.0088
2026-05-18T20:45:05,VaryP,P,611,"N=7 K=3",-1
2026-05-18T20:45:05,VaryN,N,612,"K=3 P=7",-1
2026-05-18T20:45:05,VaryK,K,611,"N=7 P=7",0.0117
2026-05-18T20:45:05,VaryP,P,612,"N=7 K=3",-1
2026-05-18T20:45:05,VaryN,N,613,"K=3 P=7",-1
2026-05-18T20:45:05,VaryK,K,612,"N=7 P=7",0.0117
2026-05-18T20:45:05,VaryP,P,613,"N=7 K=3",-1
2026-05-18T20:45:05,VaryN,N,614,"K=3 P=7",-1
2026-05-18T20:45:05,VaryK,K,613,"N=7 P=7",0.0366
2026-05-18T20:45:05,VaryP,P,614,"N=7 K=3",-1
2026-05-18T20:45:05,VaryN,N,615,"K=3 P=7",-1
2026-05-18T20:45:05,VaryK,K,614,"N=7 P=7",0.0089
2026-05-18T20:45:05,VaryP,P,615,"N=7 K=3",-1
2026-05-18T20:45:05,VaryN,N,616,"K=3 P=7",-1
2026-05-18T20:45:05,VaryK,K,615,"N=7 P=7",0.009
2026-05-18T20:45:05,VaryP,P,616,"N=7 K=3",-1
2026-05-18T20:45:05,VaryN,N,617,"K=3 P=7",-1
2026-05-18T20:45:05,VaryK,K,616,"N=7 P=7",0.0152
2026-05-18T20:45:05,VaryP,P,617,"N=7 K=3",-1
2026-05-18T20:45:05,VaryN,N,618,"K=3 P=7",-1
2026-05-18T20:45:05,VaryK,K,617,"N=7 P=7",0.0087
2026-05-18T20:45:05,VaryP,P,618,"N=7 K=3",-1
2026-05-18T20:45:05,VaryN,N,619,"K=3 P=7",-1
2026-05-18T20:45:05,VaryK,K,618,"N=7 P=7",0.0319
2026-05-18T20:45:05,VaryP,P,619,"N=7 K=3",-1
2026-05-18T20:45:05,VaryN,N,620,"K=3 P=7",-1
2026-05-18T20:45:05,VaryK,K,619,"N=7 P=7",0.007
2026-05-18T20:45:05,VaryP,P,620,"N=7 K=3",-1
2026-05-18T20:45:05,VaryN,N,621,"K=3 P=7",-1
2026-05-18T20:45:05,VaryK,K,620,"N=7 P=7",0.0062
2026-05-18T20:45:05,VaryP,P,621,"N=7 K=3",-1
2026-05-18T20:45:05,VaryN,N,622,"K=3 P=7",-1
2026-05-18T20:45:05,VaryK,K,621,"N=7 P=7",0.0061
2026-05-18T20:45:05,VaryP,P,622,"N=7 K=3",-1
2026-05-18T20:45:05,VaryN,N,623,"K=3 P=7",-1
2026-05-18T20:45:05,VaryK,K,622,"N=7 P=7",0.0093
2026-05-18T20:45:05,VaryP,P,623,"N=7 K=3",-1
2026-05-18T20:45:05,VaryN,N,624,"K=3 P=7",-1
2026-05-18T20:45:05,VaryK,K,623,"N=7 P=7",0.0067
2026-05-18T20:45:05,VaryP,P,624,"N=7 K=3",-1
2026-05-18T20:45:05,VaryN,N,625,"K=3 P=7",-1
2026-05-18T20:45:05,VaryK,K,624,"N=7 P=7",0.0055
2026-05-18T20:45:05,VaryP,P,625,"N=7 K=3",-1
2026-05-18T20:45:05,VaryN,N,626,"K=3 P=7",-1
2026-05-18T20:45:05,VaryK,K,625,"N=7 P=7",0.0103
2026-05-18T20:45:05,VaryP,P,626,"N=7 K=3",-1
2026-05-18T20:45:05,VaryN,N,627,"K=3 P=7",-1
2026-05-18T20:45:05,VaryK,K,626,"N=7 P=7",0.0071
2026-05-18T20:45:05,VaryP,P,627,"N=7 K=3",-1
2026-05-18T20:45:05,VaryN,N,628,"K=3 P=7",-1
2026-05-18T20:45:05,VaryK,K,627,"N=7 P=7",0.0071
2026-05-18T20:45:05,VaryP,P,628,"N=7 K=3",-1
2026-05-18T20:45:05,VaryN,N,629,"K=3 P=7",-1
2026-05-18T20:45:05,VaryK,K,628,"N=7 P=7",0.0105
2026-05-18T20:45:05,VaryP,P,629,"N=7 K=3",-1
2026-05-18T20:45:05,VaryN,N,630,"K=3 P=7",-1
2026-05-18T20:45:05,VaryK,K,629,"N=7 P=7",0.0062
2026-05-18T20:45:05,VaryP,P,630,"N=7 K=3",-1
2026-05-18T20:45:05,VaryN,N,631,"K=3 P=7",-1
2026-05-18T20:45:05,VaryK,K,630,"N=7 P=7",0.0062
2026-05-18T20:45:05,VaryP,P,631,"N=7 K=3",-1
2026-05-18T20:45:05,VaryN,N,632,"K=3 P=7",-1
2026-05-18T20:45:05,VaryK,K,631,"N=7 P=7",0.0084
2026-05-18T20:45:05,VaryP,P,632,"N=7 K=3",-1
2026-05-18T20:45:05,VaryN,N,633,"K=3 P=7",-1
2026-05-18T20:45:05,VaryK,K,632,"N=7 P=7",0.0063
2026-05-18T20:45:05,VaryP,P,633,"N=7 K=3",-1
2026-05-18T20:45:05,VaryN,N,634,"K=3 P=7",-1
2026-05-18T20:45:05,VaryK,K,633,"N=7 P=7",0.0118
2026-05-18T20:45:05,VaryP,P,634,"N=7 K=3",-1
2026-05-18T20:45:05,VaryN,N,635,"K=3 P=7",-1
2026-05-18T20:45:05,VaryK,K,634,"N=7 P=7",0.0101
2026-05-18T20:45:05,VaryP,P,635,"N=7 K=3",-1
2026-05-18T20:45:05,VaryN,N,636,"K=3 P=7",-1
2026-05-18T20:45:05,VaryK,K,635,"N=7 P=7",0.007
2026-05-18T20:45:05,VaryP,P,636,"N=7 K=3",-1
2026-05-18T20:45:05,VaryN,N,637,"K=3 P=7",-1
2026-05-18T20:45:05,VaryK,K,636,"N=7 P=7",0.0063
2026-05-18T20:45:05,VaryP,P,637,"N=7 K=3",-1
2026-05-18T20:45:05,VaryN,N,638,"K=3 P=7",-1
2026-05-18T20:45:05,VaryK,K,637,"N=7 P=7",0.0068
2026-05-18T20:45:05,VaryP,P,638,"N=7 K=3",-1
2026-05-18T20:45:05,VaryN,N,639,"K=3 P=7",-1
2026-05-18T20:45:05,VaryK,K,638,"N=7 P=7",0.0108
2026-05-18T20:45:05,VaryP,P,639,"N=7 K=3",-1
2026-05-18T20:45:05,VaryN,N,640,"K=3 P=7",-1
2026-05-18T20:45:05,VaryK,K,639,"N=7 P=7",0.0099
2026-05-18T20:45:05,VaryP,P,640,"N=7 K=3",-1
2026-05-18T20:45:05,VaryN,N,641,"K=3 P=7",-1
2026-05-18T20:45:05,VaryK,K,640,"N=7 P=7",0.0115
2026-05-18T20:45:05,VaryP,P,641,"N=7 K=3",-1
2026-05-18T20:45:05,VaryN,N,642,"K=3 P=7",-1
2026-05-18T20:45:05,VaryK,K,641,"N=7 P=7",0.0128
2026-05-18T20:45:05,VaryP,P,642,"N=7 K=3",-1
2026-05-18T20:45:05,VaryN,N,643,"K=3 P=7",-1
2026-05-18T20:45:05,VaryK,K,642,"N=7 P=7",0.0135
2026-05-18T20:45:05,VaryP,P,643,"N=7 K=3",-1
2026-05-18T20:45:05,VaryN,N,644,"K=3 P=7",-1
2026-05-18T20:45:05,VaryK,K,643,"N=7 P=7",0.0109
2026-05-18T20:45:05,VaryP,P,644,"N=7 K=3",-1
2026-05-18T20:45:05,VaryN,N,645,"K=3 P=7",-1
2026-05-18T20:45:05,VaryK,K,644,"N=7 P=7",0.0097
2026-05-18T20:45:05,VaryP,P,645,"N=7 K=3",-1
2026-05-18T20:45:05,VaryN,N,646,"K=3 P=7",-1
2026-05-18T20:45:05,VaryK,K,645,"N=7 P=7",0.0169
2026-05-18T20:45:05,VaryP,P,646,"N=7 K=3",-1
2026-05-18T20:45:05,VaryN,N,647,"K=3 P=7",-1
2026-05-18T20:45:05,VaryK,K,646,"N=7 P=7",0.0081
2026-05-18T20:45:05,VaryP,P,647,"N=7 K=3",-1
2026-05-18T20:45:05,VaryN,N,648,"K=3 P=7",-1
2026-05-18T20:45:05,VaryK,K,647,"N=7 P=7",0.0116
2026-05-18T20:45:05,VaryP,P,648,"N=7 K=3",-1
2026-05-18T20:45:05,VaryN,N,649,"K=3 P=7",-1
2026-05-18T20:45:05,VaryK,K,648,"N=7 P=7",0.0079
2026-05-18T20:45:05,VaryP,P,649,"N=7 K=3",-1
2026-05-18T20:45:05,VaryN,N,650,"K=3 P=7",-1
2026-05-18T20:45:05,VaryK,K,649,"N=7 P=7",0.0102
2026-05-18T20:45:05,VaryP,P,650,"N=7 K=3",-1
2026-05-18T20:45:05,VaryN,N,651,"K=3 P=7",-1
2026-05-18T20:45:05,VaryK,K,650,"N=7 P=7",0.0107
2026-05-18T20:45:05,VaryP,P,651,"N=7 K=3",-1
2026-05-18T20:45:05,VaryN,N,652,"K=3 P=7",-1
2026-05-18T20:45:05,VaryK,K,651,"N=7 P=7",0.0112
2026-05-18T20:45:05,VaryP,P,652,"N=7 K=3",-1
2026-05-18T20:45:05,VaryN,N,653,"K=3 P=7",-1
2026-05-18T20:45:05,VaryK,K,652,"N=7 P=7",0.0088
2026-05-18T20:45:05,VaryP,P,653,"N=7 K=3",-1
2026-05-18T20:45:05,VaryN,N,654,"K=3 P=7",-1
2026-05-18T20:45:05,VaryK,K,653,"N=7 P=7",0.0213
2026-05-18T20:45:05,VaryP,P,654,"N=7 K=3",-1
2026-05-18T20:45:05,VaryN,N,655,"K=3 P=7",-1
2026-05-18T20:45:05,VaryK,K,654,"N=7 P=7",0.016
2026-05-18T20:45:05,VaryP,P,655,"N=7 K=3",-1
2026-05-18T20:45:05,VaryN,N,656,"K=3 P=7",-1
2026-05-18T20:45:05,VaryK,K,655,"N=7 P=7",0.0336
2026-05-18T20:45:05,VaryP,P,656,"N=7 K=3",-1
2026-05-18T20:45:05,VaryN,N,657,"K=3 P=7",-1
2026-05-18T20:45:05,VaryK,K,656,"N=7 P=7",0.0471
2026-05-18T20:45:05,VaryP,P,657,"N=7 K=3",-1
2026-05-18T20:45:05,VaryN,N,658,"K=3 P=7",-1
2026-05-18T20:45:05,VaryK,K,657,"N=7 P=7",0.0086
2026-05-18T20:45:05,VaryP,P,658,"N=7 K=3",-1
2026-05-18T20:45:05,VaryN,N,659,"K=3 P=7",-1
2026-05-18T20:45:05,VaryK,K,658,"N=7 P=7",0.0073
2026-05-18T20:45:05,VaryP,P,659,"N=7 K=3",-1
2026-05-18T20:45:05,VaryN,N,660,"K=3 P=7",-1
2026-05-18T20:45:05,VaryK,K,659,"N=7 P=7",0.0104
2026-05-18T20:45:05,VaryP,P,660,"N=7 K=3",-1
2026-05-18T20:45:05,VaryN,N,661,"K=3 P=7",-1
2026-05-18T20:45:05,VaryK,K,660,"N=7 P=7",0.0078
2026-05-18T20:45:05,VaryP,P,661,"N=7 K=3",-1
2026-05-18T20:45:05,VaryN,N,662,"K=3 P=7",-1
2026-05-18T20:45:05,VaryK,K,661,"N=7 P=7",0.0088
2026-05-18T20:45:05,VaryP,P,662,"N=7 K=3",-1
2026-05-18T20:45:05,VaryN,N,663,"K=3 P=7",-1
2026-05-18T20:45:05,VaryK,K,662,"N=7 P=7",0.0081
2026-05-18T20:45:05,VaryP,P,663,"N=7 K=3",-1
2026-05-18T20:45:05,VaryN,N,664,"K=3 P=7",-1
2026-05-18T20:45:05,VaryK,K,663,"N=7 P=7",0.007
2026-05-18T20:45:05,VaryP,P,664,"N=7 K=3",-1
2026-05-18T20:45:05,VaryN,N,665,"K=3 P=7",-1
2026-05-18T20:45:05,VaryK,K,664,"N=7 P=7",0.0073
2026-05-18T20:45:05,VaryP,P,665,"N=7 K=3",-1
2026-05-18T20:45:05,VaryN,N,666,"K=3 P=7",-1
2026-05-18T20:45:05,VaryK,K,665,"N=7 P=7",0.0084
2026-05-18T20:45:05,VaryP,P,666,"N=7 K=3",-1
2026-05-18T20:45:05,VaryN,N,667,"K=3 P=7",-1
2026-05-18T20:45:05,VaryK,K,666,"N=7 P=7",0.0088
2026-05-18T20:45:05,VaryP,P,667,"N=7 K=3",-1
2026-05-18T20:45:05,VaryN,N,668,"K=3 P=7",-1
2026-05-18T20:45:05,VaryK,K,667,"N=7 P=7",0.0078
2026-05-18T20:45:05,VaryP,P,668,"N=7 K=3",-1
2026-05-18T20:45:05,VaryN,N,669,"K=3 P=7",-1
2026-05-18T20:45:05,VaryK,K,668,"N=7 P=7",0.0259
2026-05-18T20:45:05,VaryP,P,669,"N=7 K=3",-1
2026-05-18T20:45:05,VaryN,N,670,"K=3 P=7",-1
2026-05-18T20:45:05,VaryK,K,669,"N=7 P=7",0.0081
2026-05-18T20:45:05,VaryP,P,670,"N=7 K=3",-1
2026-05-18T20:45:05,VaryN,N,671,"K=3 P=7",-1
2026-05-18T20:45:05,VaryK,K,670,"N=7 P=7",0.0066
2026-05-18T20:45:05,VaryP,P,671,"N=7 K=3",-1
2026-05-18T20:45:05,VaryN,N,672,"K=3 P=7",-1
2026-05-18T20:45:05,VaryK,K,671,"N=7 P=7",0.0084
2026-05-18T20:45:05,VaryP,P,672,"N=7 K=3",-1
2026-05-18T20:45:05,VaryN,N,673,"K=3 P=7",-1
2026-05-18T20:45:05,VaryK,K,672,"N=7 P=7",0.0061
2026-05-18T20:45:05,VaryP,P,673,"N=7 K=3",-1
2026-05-18T20:45:05,VaryN,N,674,"K=3 P=7",-1
2026-05-18T20:45:05,VaryK,K,673,"N=7 P=7",0.0094
2026-05-18T20:45:05,VaryP,P,674,"N=7 K=3",-1
2026-05-18T20:45:05,VaryN,N,675,"K=3 P=7",-1
2026-05-18T20:45:05,VaryK,K,674,"N=7 P=7",0.0091
2026-05-18T20:45:05,VaryP,P,675,"N=7 K=3",-1
2026-05-18T20:45:05,VaryN,N,676,"K=3 P=7",-1
2026-05-18T20:45:05,VaryK,K,675,"N=7 P=7",0.0066
2026-05-18T20:45:05,VaryP,P,676,"N=7 K=3",-1
2026-05-18T20:45:05,VaryN,N,677,"K=3 P=7",-1
2026-05-18T20:45:05,VaryK,K,676,"N=7 P=7",0.0099
2026-05-18T20:45:05,VaryP,P,677,"N=7 K=3",-1
2026-05-18T20:45:05,VaryN,N,678,"K=3 P=7",-1
2026-05-18T20:45:05,VaryK,K,677,"N=7 P=7",0.0104
2026-05-18T20:45:05,VaryP,P,678,"N=7 K=3",-1
2026-05-18T20:45:05,VaryN,N,679,"K=3 P=7",-1
2026-05-18T20:45:05,VaryK,K,678,"N=7 P=7",0.0079
2026-05-18T20:45:05,VaryP,P,679,"N=7 K=3",-1
2026-05-18T20:45:05,VaryN,N,680,"K=3 P=7",-1
2026-05-18T20:45:05,VaryK,K,679,"N=7 P=7",0.0084
2026-05-18T20:45:05,VaryP,P,680,"N=7 K=3",-1
2026-05-18T20:45:05,VaryN,N,681,"K=3 P=7",-1
2026-05-18T20:45:05,VaryK,K,680,"N=7 P=7",0.0111
2026-05-18T20:45:05,VaryP,P,681,"N=7 K=3",-1
2026-05-18T20:45:05,VaryN,N,682,"K=3 P=7",-1
2026-05-18T20:45:05,VaryK,K,681,"N=7 P=7",0.0171
2026-05-18T20:45:05,VaryP,P,682,"N=7 K=3",-1
2026-05-18T20:45:05,VaryN,N,683,"K=3 P=7",-1
2026-05-18T20:45:05,VaryK,K,682,"N=7 P=7",0.0369
2026-05-18T20:45:05,VaryP,P,683,"N=7 K=3",-1
2026-05-18T20:45:05,VaryN,N,684,"K=3 P=7",-1
2026-05-18T20:45:05,VaryK,K,683,"N=7 P=7",0.0093
2026-05-18T20:45:05,VaryP,P,684,"N=7 K=3",-1
2026-05-18T20:45:05,VaryN,N,685,"K=3 P=7",-1
2026-05-18T20:45:05,VaryK,K,684,"N=7 P=7",0.0311
2026-05-18T20:45:05,VaryP,P,685,"N=7 K=3",-1
2026-05-18T20:45:05,VaryN,N,686,"K=3 P=7",-1
2026-05-18T20:45:05,VaryK,K,685,"N=7 P=7",0.0119
2026-05-18T20:45:05,VaryP,P,686,"N=7 K=3",-1
2026-05-18T20:45:05,VaryN,N,687,"K=3 P=7",-1
2026-05-18T20:45:05,VaryK,K,686,"N=7 P=7",0.0121
2026-05-18T20:45:05,VaryP,P,687,"N=7 K=3",-1
2026-05-18T20:45:05,VaryN,N,688,"K=3 P=7",-1
2026-05-18T20:45:05,VaryK,K,687,"N=7 P=7",0.0366
2026-05-18T20:45:05,VaryP,P,688,"N=7 K=3",-1
2026-05-18T20:45:05,VaryN,N,689,"K=3 P=7",-1
2026-05-18T20:45:05,VaryK,K,688,"N=7 P=7",0.0091
2026-05-18T20:45:05,VaryP,P,689,"N=7 K=3",-1
2026-05-18T20:45:05,VaryN,N,690,"K=3 P=7",-1
2026-05-18T20:45:05,VaryK,K,689,"N=7 P=7",0.0109
2026-05-18T20:45:05,VaryP,P,690,"N=7 K=3",-1
2026-05-18T20:45:05,VaryN,N,691,"K=3 P=7",-1
2026-05-18T20:45:05,VaryK,K,690,"N=7 P=7",0.0092
2026-05-18T20:45:05,VaryP,P,691,"N=7 K=3",-1
2026-05-18T20:45:05,VaryN,N,692,"K=3 P=7",-1
2026-05-18T20:45:05,VaryK,K,691,"N=7 P=7",0.0097
2026-05-18T20:45:05,VaryP,P,692,"N=7 K=3",-1
2026-05-18T20:45:05,VaryN,N,693,"K=3 P=7",-1
2026-05-18T20:45:05,VaryK,K,692,"N=7 P=7",0.0149
2026-05-18T20:45:05,VaryP,P,693,"N=7 K=3",-1
2026-05-18T20:45:05,VaryN,N,694,"K=3 P=7",-1
2026-05-18T20:45:05,VaryK,K,693,"N=7 P=7",0.0087
2026-05-18T20:45:05,VaryP,P,694,"N=7 K=3",-1
2026-05-18T20:45:05,VaryN,N,695,"K=3 P=7",-1
2026-05-18T20:45:05,VaryK,K,694,"N=7 P=7",0.0129
2026-05-18T20:45:05,VaryP,P,695,"N=7 K=3",-1
2026-05-18T20:45:05,VaryN,N,696,"K=3 P=7",-1
2026-05-18T20:45:05,VaryK,K,695,"N=7 P=7",0.0127
2026-05-18T20:45:05,VaryP,P,696,"N=7 K=3",-1
2026-05-18T20:45:05,VaryN,N,697,"K=3 P=7",-1
2026-05-18T20:45:05,VaryK,K,696,"N=7 P=7",0.0073
2026-05-18T20:45:05,VaryP,P,697,"N=7 K=3",-1
2026-05-18T20:45:05,VaryN,N,698,"K=3 P=7",-1
2026-05-18T20:45:05,VaryK,K,697,"N=7 P=7",0.0092
2026-05-18T20:45:05,VaryP,P,698,"N=7 K=3",-1
2026-05-18T20:45:05,VaryN,N,699,"K=3 P=7",-1
2026-05-18T20:45:05,VaryK,K,698,"N=7 P=7",0.0082
2026-05-18T20:45:05,VaryP,P,699,"N=7 K=3",-1
2026-05-18T20:45:05,VaryN,N,700,"K=3 P=7",-1
2026-05-18T20:45:05,VaryK,K,699,"N=7 P=7",0.0092
2026-05-18T20:45:05,VaryP,P,700,"N=7 K=3",-1
2026-05-18T20:45:05,VaryN,N,701,"K=3 P=7",-1
2026-05-18T20:45:05,VaryK,K,700,"N=7 P=7",0.0086
2026-05-18T20:45:05,VaryP,P,701,"N=7 K=3",-1
2026-05-18T20:45:05,VaryN,N,702,"K=3 P=7",-1
2026-05-18T20:45:05,VaryK,K,701,"N=7 P=7",0.0107
2026-05-18T20:45:05,VaryP,P,702,"N=7 K=3",-1
2026-05-18T20:45:05,VaryN,N,703,"K=3 P=7",-1
2026-05-18T20:45:05,VaryK,K,702,"N=7 P=7",0.007
2026-05-18T20:45:05,VaryP,P,703,"N=7 K=3",-1
2026-05-18T20:45:05,VaryN,N,704,"K=3 P=7",-1
2026-05-18T20:45:05,VaryK,K,703,"N=7 P=7",0.01
2026-05-18T20:45:05,VaryP,P,704,"N=7 K=3",-1
2026-05-18T20:45:05,VaryN,N,705,"K=3 P=7",-1
2026-05-18T20:45:05,VaryK,K,704,"N=7 P=7",0.0096
2026-05-18T20:45:05,VaryP,P,705,"N=7 K=3",-1
2026-05-18T20:45:05,VaryN,N,706,"K=3 P=7",-1
2026-05-18T20:45:05,VaryK,K,705,"N=7 P=7",0.0079
2026-05-18T20:45:05,VaryP,P,706,"N=7 K=3",-1
2026-05-18T20:45:05,VaryN,N,707,"K=3 P=7",-1
2026-05-18T20:45:05,VaryK,K,706,"N=7 P=7",0.0072
2026-05-18T20:45:05,VaryP,P,707,"N=7 K=3",-1
2026-05-18T20:45:05,VaryN,N,708,"K=3 P=7",-1
2026-05-18T20:45:05,VaryK,K,707,"N=7 P=7",0.0091
2026-05-18T20:45:05,VaryP,P,708,"N=7 K=3",-1
2026-05-18T20:45:05,VaryN,N,709,"K=3 P=7",-1
2026-05-18T20:45:05,VaryK,K,708,"N=7 P=7",0.0103
2026-05-18T20:45:05,VaryP,P,709,"N=7 K=3",-1
2026-05-18T20:45:05,VaryN,N,710,"K=3 P=7",-1
2026-05-18T20:45:05,VaryK,K,709,"N=7 P=7",0.0093
2026-05-18T20:45:05,VaryP,P,710,"N=7 K=3",-1
2026-05-18T20:45:05,VaryN,N,711,"K=3 P=7",-1
2026-05-18T20:45:05,VaryK,K,710,"N=7 P=7",0.0071
2026-05-18T20:45:05,VaryP,P,711,"N=7 K=3",-1
2026-05-18T20:45:05,VaryN,N,712,"K=3 P=7",-1
2026-05-18T20:45:05,VaryK,K,711,"N=7 P=7",0.0123
2026-05-18T20:45:05,VaryP,P,712,"N=7 K=3",-1
2026-05-18T20:45:05,VaryN,N,713,"K=3 P=7",-1
2026-05-18T20:45:05,VaryK,K,712,"N=7 P=7",0.0073
2026-05-18T20:45:05,VaryP,P,713,"N=7 K=3",-1
2026-05-18T20:45:05,VaryN,N,714,"K=3 P=7",-1
2026-05-18T20:45:05,VaryK,K,713,"N=7 P=7",0.0061
2026-05-18T20:45:05,VaryP,P,714,"N=7 K=3",-1
2026-05-18T20:45:05,VaryN,N,715,"K=3 P=7",-1
2026-05-18T20:45:05,VaryK,K,714,"N=7 P=7",0.0083
2026-05-18T20:45:05,VaryP,P,715,"N=7 K=3",-1
2026-05-18T20:45:05,VaryN,N,716,"K=3 P=7",-1
2026-05-18T20:45:05,VaryK,K,715,"N=7 P=7",0.0091
2026-05-18T20:45:05,VaryP,P,716,"N=7 K=3",-1
2026-05-18T20:45:05,VaryN,N,717,"K=3 P=7",-1
2026-05-18T20:45:05,VaryK,K,716,"N=7 P=7",0.0074
2026-05-18T20:45:05,VaryP,P,717,"N=7 K=3",-1
2026-05-18T20:45:05,VaryN,N,718,"K=3 P=7",-1
2026-05-18T20:45:05,VaryK,K,717,"N=7 P=7",0.0118
2026-05-18T20:45:05,VaryP,P,718,"N=7 K=3",-1
2026-05-18T20:45:05,VaryN,N,719,"K=3 P=7",-1
2026-05-18T20:45:05,VaryK,K,718,"N=7 P=7",0.0182
2026-05-18T20:45:05,VaryP,P,719,"N=7 K=3",-1
2026-05-18T20:45:05,VaryN,N,720,"K=3 P=7",-1
2026-05-18T20:45:05,VaryK,K,719,"N=7 P=7",0.0097
2026-05-18T20:45:05,VaryP,P,720,"N=7 K=3",-1
2026-05-18T20:45:05,VaryN,N,721,"K=3 P=7",-1
2026-05-18T20:45:05,VaryK,K,720,"N=7 P=7",0.0118
2026-05-18T20:45:05,VaryP,P,721,"N=7 K=3",-1
2026-05-18T20:45:05,VaryN,N,722,"K=3 P=7",-1
2026-05-18T20:45:05,VaryK,K,721,"N=7 P=7",0.0125
2026-05-18T20:45:05,VaryP,P,722,"N=7 K=3",-1
2026-05-18T20:45:05,VaryN,N,723,"K=3 P=7",-1
2026-05-18T20:45:05,VaryK,K,722,"N=7 P=7",0.0234
2026-05-18T20:45:05,VaryP,P,723,"N=7 K=3",-1
2026-05-18T20:45:05,VaryN,N,724,"K=3 P=7",-1
2026-05-18T20:45:05,VaryK,K,723,"N=7 P=7",0.0121
2026-05-18T20:45:05,VaryP,P,724,"N=7 K=3",-1
2026-05-18T20:45:05,VaryN,N,725,"K=3 P=7",-1
2026-05-18T20:45:05,VaryK,K,724,"N=7 P=7",0.0147
2026-05-18T20:45:05,VaryP,P,725,"N=7 K=3",-1
2026-05-18T20:45:05,VaryN,N,726,"K=3 P=7",-1
2026-05-18T20:45:05,VaryK,K,725,"N=7 P=7",0.02
2026-05-18T20:45:05,VaryP,P,726,"N=7 K=3",-1
2026-05-18T20:45:05,VaryN,N,727,"K=3 P=7",-1
2026-05-18T20:45:05,VaryK,K,726,"N=7 P=7",0.0141
2026-05-18T20:45:05,VaryP,P,727,"N=7 K=3",-1
2026-05-18T20:45:06,VaryN,N,728,"K=3 P=7",-1
2026-05-18T20:45:06,VaryK,K,727,"N=7 P=7",0.0441
2026-05-18T20:45:06,VaryP,P,728,"N=7 K=3",-1
2026-05-18T20:45:06,VaryN,N,729,"K=3 P=7",-1
2026-05-18T20:45:06,VaryK,K,728,"N=7 P=7",0.0106
2026-05-18T20:45:06,VaryP,P,729,"N=7 K=3",-1
2026-05-18T20:45:06,VaryN,N,730,"K=3 P=7",-1
2026-05-18T20:45:06,VaryK,K,729,"N=7 P=7",0.012
2026-05-18T20:45:06,VaryP,P,730,"N=7 K=3",-1
2026-05-18T20:45:06,VaryN,N,731,"K=3 P=7",-1
2026-05-18T20:45:06,VaryK,K,730,"N=7 P=7",0.0094
2026-05-18T20:45:06,VaryP,P,731,"N=7 K=3",-1
2026-05-18T20:45:06,VaryN,N,732,"K=3 P=7",-1
2026-05-18T20:45:06,VaryK,K,731,"N=7 P=7",0.0106
2026-05-18T20:45:06,VaryP,P,732,"N=7 K=3",-1
2026-05-18T20:45:06,VaryN,N,733,"K=3 P=7",-1
2026-05-18T20:45:06,VaryK,K,732,"N=7 P=7",0.0127
2026-05-18T20:45:06,VaryP,P,733,"N=7 K=3",-1
2026-05-18T20:45:06,VaryN,N,734,"K=3 P=7",-1
2026-05-18T20:45:06,VaryK,K,733,"N=7 P=7",0.0141
2026-05-18T20:45:06,VaryP,P,734,"N=7 K=3",-1
2026-05-18T20:45:06,VaryN,N,735,"K=3 P=7",-1
2026-05-18T20:45:06,VaryK,K,734,"N=7 P=7",0.0097
2026-05-18T20:45:06,VaryP,P,735,"N=7 K=3",-1
2026-05-18T20:45:06,VaryN,N,736,"K=3 P=7",-1
2026-05-18T20:45:06,VaryK,K,735,"N=7 P=7",0.0097
2026-05-18T20:45:06,VaryP,P,736,"N=7 K=3",-1
2026-05-18T20:45:06,VaryN,N,737,"K=3 P=7",-1
2026-05-18T20:45:06,VaryK,K,736,"N=7 P=7",0.0088
2026-05-18T20:45:06,VaryP,P,737,"N=7 K=3",-1
2026-05-18T20:45:06,VaryN,N,738,"K=3 P=7",-1
2026-05-18T20:45:06,VaryK,K,737,"N=7 P=7",0.0074
2026-05-18T20:45:06,VaryP,P,738,"N=7 K=3",-1
2026-05-18T20:45:06,VaryN,N,739,"K=3 P=7",-1
2026-05-18T20:45:06,VaryK,K,738,"N=7 P=7",0.0081
2026-05-18T20:45:06,VaryP,P,739,"N=7 K=3",-1
2026-05-18T20:45:06,VaryN,N,740,"K=3 P=7",-1
2026-05-18T20:45:06,VaryK,K,739,"N=7 P=7",0.0213
2026-05-18T20:45:06,VaryP,P,740,"N=7 K=3",-1
2026-05-18T20:45:06,VaryN,N,741,"K=3 P=7",-1
2026-05-18T20:45:06,VaryK,K,740,"N=7 P=7",0.0071
2026-05-18T20:45:06,VaryP,P,741,"N=7 K=3",-1
2026-05-18T20:45:06,VaryN,N,742,"K=3 P=7",-1
2026-05-18T20:45:06,VaryK,K,741,"N=7 P=7",0.0077
2026-05-18T20:45:06,VaryP,P,742,"N=7 K=3",-1
2026-05-18T20:45:06,VaryN,N,743,"K=3 P=7",-1
2026-05-18T20:45:06,VaryK,K,742,"N=7 P=7",0.0078
2026-05-18T20:45:06,VaryP,P,743,"N=7 K=3",-1
2026-05-18T20:45:06,VaryN,N,744,"K=3 P=7",-1
2026-05-18T20:45:06,VaryK,K,743,"N=7 P=7",0.0072
2026-05-18T20:45:06,VaryP,P,744,"N=7 K=3",-1
2026-05-18T20:45:06,VaryN,N,745,"K=3 P=7",-1
2026-05-18T20:45:06,VaryK,K,744,"N=7 P=7",0.0072
2026-05-18T20:45:06,VaryP,P,745,"N=7 K=3",-1
2026-05-18T20:45:06,VaryN,N,746,"K=3 P=7",-1
2026-05-18T20:45:06,VaryK,K,745,"N=7 P=7",0.0179
2026-05-18T20:45:06,VaryP,P,746,"N=7 K=3",-1
2026-05-18T20:45:06,VaryN,N,747,"K=3 P=7",-1
2026-05-18T20:45:06,VaryK,K,746,"N=7 P=7",0.0084
2026-05-18T20:45:06,VaryP,P,747,"N=7 K=3",-1
2026-05-18T20:45:06,VaryN,N,748,"K=3 P=7",-1
2026-05-18T20:45:06,VaryK,K,747,"N=7 P=7",0.0067
2026-05-18T20:45:06,VaryP,P,748,"N=7 K=3",-1
2026-05-18T20:45:06,VaryN,N,749,"K=3 P=7",-1
2026-05-18T20:45:06,VaryK,K,748,"N=7 P=7",0.0059
2026-05-18T20:45:06,VaryP,P,749,"N=7 K=3",-1
2026-05-18T20:45:06,VaryN,N,750,"K=3 P=7",-1
2026-05-18T20:45:06,VaryK,K,749,"N=7 P=7",0.0081
2026-05-18T20:45:06,VaryP,P,750,"N=7 K=3",-1
2026-05-18T20:45:06,VaryN,N,751,"K=3 P=7",-1
2026-05-18T20:45:06,VaryK,K,750,"N=7 P=7",0.0068
2026-05-18T20:45:06,VaryP,P,751,"N=7 K=3",-1
2026-05-18T20:45:06,VaryN,N,752,"K=3 P=7",-1
2026-05-18T20:45:06,VaryK,K,751,"N=7 P=7",0.0073
2026-05-18T20:45:06,VaryP,P,752,"N=7 K=3",-1
2026-05-18T20:45:06,VaryN,N,753,"K=3 P=7",-1
2026-05-18T20:45:06,VaryK,K,752,"N=7 P=7",0.0061
2026-05-18T20:45:06,VaryP,P,753,"N=7 K=3",-1
2026-05-18T20:45:06,VaryN,N,754,"K=3 P=7",-1
2026-05-18T20:45:06,VaryK,K,753,"N=7 P=7",0.0101
2026-05-18T20:45:06,VaryP,P,754,"N=7 K=3",-1
2026-05-18T20:45:06,VaryN,N,755,"K=3 P=7",-1
2026-05-18T20:45:06,VaryK,K,754,"N=7 P=7",0.0075
2026-05-18T20:45:06,VaryP,P,755,"N=7 K=3",-1
2026-05-18T20:45:06,VaryN,N,756,"K=3 P=7",-1
2026-05-18T20:45:06,VaryK,K,755,"N=7 P=7",0.0143
2026-05-18T20:45:06,VaryP,P,756,"N=7 K=3",-1
2026-05-18T20:45:06,VaryN,N,757,"K=3 P=7",-1
2026-05-18T20:45:06,VaryK,K,756,"N=7 P=7",0.01
2026-05-18T20:45:06,VaryP,P,757,"N=7 K=3",-1
2026-05-18T20:45:06,VaryN,N,758,"K=3 P=7",-1
2026-05-18T20:45:06,VaryK,K,757,"N=7 P=7",0.0155
2026-05-18T20:45:06,VaryP,P,758,"N=7 K=3",-1
2026-05-18T20:45:06,VaryN,N,759,"K=3 P=7",-1
2026-05-18T20:45:06,VaryK,K,758,"N=7 P=7",0.0288
2026-05-18T20:45:06,VaryP,P,759,"N=7 K=3",-1
2026-05-18T20:45:06,VaryN,N,760,"K=3 P=7",-1
2026-05-18T20:45:06,VaryK,K,759,"N=7 P=7",0.0124
2026-05-18T20:45:06,VaryP,P,760,"N=7 K=3",-1
2026-05-18T20:45:06,VaryN,N,761,"K=3 P=7",-1
2026-05-18T20:45:06,VaryK,K,760,"N=7 P=7",0.0125
2026-05-18T20:45:06,VaryP,P,761,"N=7 K=3",-1
2026-05-18T20:45:06,VaryN,N,762,"K=3 P=7",-1
2026-05-18T20:45:06,VaryK,K,761,"N=7 P=7",0.0097
2026-05-18T20:45:06,VaryP,P,762,"N=7 K=3",-1
2026-05-18T20:45:06,VaryN,N,763,"K=3 P=7",-1
2026-05-18T20:45:06,VaryK,K,762,"N=7 P=7",0.0325
2026-05-18T20:45:06,VaryP,P,763,"N=7 K=3",-1
2026-05-18T20:45:06,VaryN,N,764,"K=3 P=7",-1
2026-05-18T20:45:06,VaryK,K,763,"N=7 P=7",0.0198
2026-05-18T20:45:06,VaryP,P,764,"N=7 K=3",-1
2026-05-18T20:45:06,VaryN,N,765,"K=3 P=7",-1
2026-05-18T20:45:06,VaryK,K,764,"N=7 P=7",0.0096
2026-05-18T20:45:06,VaryP,P,765,"N=7 K=3",-1
2026-05-18T20:45:06,VaryN,N,766,"K=3 P=7",-1
2026-05-18T20:45:06,VaryK,K,765,"N=7 P=7",0.0114
2026-05-18T20:45:06,VaryP,P,766,"N=7 K=3",-1
2026-05-18T20:45:06,VaryN,N,767,"K=3 P=7",-1
2026-05-18T20:45:06,VaryK,K,766,"N=7 P=7",0.0085
2026-05-18T20:45:06,VaryP,P,767,"N=7 K=3",-1
2026-05-18T20:45:06,VaryN,N,768,"K=3 P=7",-1
2026-05-18T20:45:06,VaryK,K,767,"N=7 P=7",0.0211
2026-05-18T20:45:06,VaryP,P,768,"N=7 K=3",-1
2026-05-18T20:45:06,VaryN,N,769,"K=3 P=7",-1
2026-05-18T20:45:06,VaryK,K,768,"N=7 P=7",0.0112
2026-05-18T20:45:06,VaryP,P,769,"N=7 K=3",-1
2026-05-18T20:45:06,VaryN,N,770,"K=3 P=7",-1
2026-05-18T20:45:06,VaryK,K,769,"N=7 P=7",0.0127
2026-05-18T20:45:06,VaryP,P,770,"N=7 K=3",-1
2026-05-18T20:45:06,VaryN,N,771,"K=3 P=7",-1
2026-05-18T20:45:06,VaryK,K,770,"N=7 P=7",0.0129
2026-05-18T20:45:06,VaryP,P,771,"N=7 K=3",-1
2026-05-18T20:45:06,VaryN,N,772,"K=3 P=7",-1
2026-05-18T20:45:06,VaryK,K,771,"N=7 P=7",0.0072
2026-05-18T20:45:06,VaryP,P,772,"N=7 K=3",-1
2026-05-18T20:45:06,VaryN,N,773,"K=3 P=7",-1
2026-05-18T20:45:06,VaryK,K,772,"N=7 P=7",0.0366
2026-05-18T20:45:06,VaryP,P,773,"N=7 K=3",-1
2026-05-18T20:45:06,VaryN,N,774,"K=3 P=7",-1
2026-05-18T20:45:06,VaryK,K,773,"N=7 P=7",0.0093
2026-05-18T20:45:06,VaryP,P,774,"N=7 K=3",-1
2026-05-18T20:45:06,VaryN,N,775,"K=3 P=7",-1
2026-05-18T20:45:06,VaryK,K,774,"N=7 P=7",0.0088
2026-05-18T20:45:06,VaryP,P,775,"N=7 K=3",-1
2026-05-18T20:45:06,VaryN,N,776,"K=3 P=7",-1
2026-05-18T20:45:06,VaryK,K,775,"N=7 P=7",0.0066
2026-05-18T20:45:06,VaryP,P,776,"N=7 K=3",-1
2026-05-18T20:45:06,VaryN,N,777,"K=3 P=7",-1
2026-05-18T20:45:06,VaryK,K,776,"N=7 P=7",0.0068
2026-05-18T20:45:06,VaryP,P,777,"N=7 K=3",-1
2026-05-18T20:45:06,VaryN,N,778,"K=3 P=7",-1
2026-05-18T20:45:06,VaryK,K,777,"N=7 P=7",0.0072
2026-05-18T20:45:06,VaryP,P,778,"N=7 K=3",-1
2026-05-18T20:45:06,VaryN,N,779,"K=3 P=7",-1
2026-05-18T20:45:06,VaryK,K,778,"N=7 P=7",0.0071
2026-05-18T20:45:06,VaryP,P,779,"N=7 K=3",-1
2026-05-18T20:45:06,VaryN,N,780,"K=3 P=7",-1
2026-05-18T20:45:06,VaryK,K,779,"N=7 P=7",0.0098
2026-05-18T20:45:06,VaryP,P,780,"N=7 K=3",-1
2026-05-18T20:45:06,VaryN,N,781,"K=3 P=7",-1
2026-05-18T20:45:06,VaryK,K,780,"N=7 P=7",0.0113
2026-05-18T20:45:06,VaryP,P,781,"N=7 K=3",-1
2026-05-18T20:45:06,VaryN,N,782,"K=3 P=7",-1
2026-05-18T20:45:06,VaryK,K,781,"N=7 P=7",0.0071
2026-05-18T20:45:06,VaryP,P,782,"N=7 K=3",-1
2026-05-18T20:45:06,VaryN,N,783,"K=3 P=7",-1
2026-05-18T20:45:06,VaryK,K,782,"N=7 P=7",0.0067
2026-05-18T20:45:06,VaryP,P,783,"N=7 K=3",-1
2026-05-18T20:45:06,VaryN,N,784,"K=3 P=7",-1
2026-05-18T20:45:06,VaryK,K,783,"N=7 P=7",0.0079
2026-05-18T20:45:06,VaryP,P,784,"N=7 K=3",-1
2026-05-18T20:45:06,VaryN,N,785,"K=3 P=7",-1
2026-05-18T20:45:06,VaryK,K,784,"N=7 P=7",0.0077
2026-05-18T20:45:06,VaryP,P,785,"N=7 K=3",-1
2026-05-18T20:45:06,VaryN,N,786,"K=3 P=7",-1
2026-05-18T20:45:06,VaryK,K,785,"N=7 P=7",0.0071
2026-05-18T20:45:06,VaryP,P,786,"N=7 K=3",-1
2026-05-18T20:45:06,VaryN,N,787,"K=3 P=7",-1
2026-05-18T20:45:06,VaryK,K,786,"N=7 P=7",0.0062
2026-05-18T20:45:06,VaryP,P,787,"N=7 K=3",-1
2026-05-18T20:45:06,VaryN,N,788,"K=3 P=7",-1
2026-05-18T20:45:06,VaryK,K,787,"N=7 P=7",0.009
2026-05-18T20:45:06,VaryP,P,788,"N=7 K=3",-1
2026-05-18T20:45:06,VaryN,N,789,"K=3 P=7",-1
2026-05-18T20:45:06,VaryK,K,788,"N=7 P=7",0.0075
2026-05-18T20:45:06,VaryP,P,789,"N=7 K=3",-1
2026-05-18T20:45:06,VaryN,N,790,"K=3 P=7",-1
2026-05-18T20:45:06,VaryK,K,789,"N=7 P=7",0.0077
2026-05-18T20:45:06,VaryP,P,790,"N=7 K=3",-1
2026-05-18T20:45:06,VaryN,N,791,"K=3 P=7",-1
2026-05-18T20:45:06,VaryK,K,790,"N=7 P=7",0.0066
2026-05-18T20:45:06,VaryP,P,791,"N=7 K=3",-1
2026-05-18T20:45:06,VaryN,N,792,"K=3 P=7",-1
2026-05-18T20:45:06,VaryK,K,791,"N=7 P=7",0.0107
2026-05-18T20:45:06,VaryP,P,792,"N=7 K=3",-1
2026-05-18T20:45:06,VaryN,N,793,"K=3 P=7",-1
2026-05-18T20:45:06,VaryK,K,792,"N=7 P=7",0.009
2026-05-18T20:45:06,VaryP,P,793,"N=7 K=3",-1
2026-05-18T20:45:06,VaryN,N,794,"K=3 P=7",-1
2026-05-18T20:45:06,VaryK,K,793,"N=7 P=7",0.0101
2026-05-18T20:45:06,VaryP,P,794,"N=7 K=3",-1
2026-05-18T20:45:06,VaryN,N,795,"K=3 P=7",-1
2026-05-18T20:45:06,VaryK,K,794,"N=7 P=7",0.0091
2026-05-18T20:45:06,VaryP,P,795,"N=7 K=3",-1
2026-05-18T20:45:06,VaryN,N,796,"K=3 P=7",-1
2026-05-18T20:45:06,VaryK,K,795,"N=7 P=7",0.0106
2026-05-18T20:45:06,VaryP,P,796,"N=7 K=3",-1
2026-05-18T20:45:06,VaryN,N,797,"K=3 P=7",-1
2026-05-18T20:45:06,VaryK,K,796,"N=7 P=7",0.0121
2026-05-18T20:45:06,VaryP,P,797,"N=7 K=3",-1
2026-05-18T20:45:06,VaryN,N,798,"K=3 P=7",-1
2026-05-18T20:45:06,VaryK,K,797,"N=7 P=7",0.0091
2026-05-18T20:45:06,VaryP,P,798,"N=7 K=3",-1
2026-05-18T20:45:06,VaryN,N,799,"K=3 P=7",-1
2026-05-18T20:45:06,VaryK,K,798,"N=7 P=7",0.0085
2026-05-18T20:45:06,VaryP,P,799,"N=7 K=3",-1
2026-05-18T20:45:06,VaryN,N,800,"K=3 P=7",-1
2026-05-18T20:45:06,VaryK,K,799,"N=7 P=7",0.0101
2026-05-18T20:45:06,VaryP,P,800,"N=7 K=3",-1
2026-05-18T20:45:06,VaryN,N,801,"K=3 P=7",-1
2026-05-18T20:45:06,VaryK,K,800,"N=7 P=7",0.0189
2026-05-18T20:45:06,VaryP,P,801,"N=7 K=3",-1
2026-05-18T20:45:06,VaryN,N,802,"K=3 P=7",-1
2026-05-18T20:45:06,VaryK,K,801,"N=7 P=7",0.0111
2026-05-18T20:45:06,VaryP,P,802,"N=7 K=3",-1
2026-05-18T20:45:06,VaryN,N,803,"K=3 P=7",-1
2026-05-18T20:45:06,VaryK,K,802,"N=7 P=7",0.0111
2026-05-18T20:45:06,VaryP,P,803,"N=7 K=3",-1
2026-05-18T20:45:06,VaryN,N,804,"K=3 P=7",-1
2026-05-18T20:45:06,VaryK,K,803,"N=7 P=7",0.0137
2026-05-18T20:45:06,VaryP,P,804,"N=7 K=3",-1
2026-05-18T20:45:06,VaryN,N,805,"K=3 P=7",-1
2026-05-18T20:45:06,VaryK,K,804,"N=7 P=7",0.0105
2026-05-18T20:45:06,VaryP,P,805,"N=7 K=3",-1
2026-05-18T20:45:06,VaryN,N,806,"K=3 P=7",-1
2026-05-18T20:45:06,VaryK,K,805,"N=7 P=7",0.0191
2026-05-18T20:45:06,VaryP,P,806,"N=7 K=3",-1
2026-05-18T20:45:06,VaryN,N,807,"K=3 P=7",-1
2026-05-18T20:45:06,VaryK,K,806,"N=7 P=7",0.0153
2026-05-18T20:45:06,VaryP,P,807,"N=7 K=3",-1
2026-05-18T20:45:06,VaryN,N,808,"K=3 P=7",-1
2026-05-18T20:45:06,VaryK,K,807,"N=7 P=7",0.0085
2026-05-18T20:45:06,VaryP,P,808,"N=7 K=3",-1
2026-05-18T20:45:06,VaryN,N,809,"K=3 P=7",-1
2026-05-18T20:45:06,VaryK,K,808,"N=7 P=7",0.0165
2026-05-18T20:45:06,VaryP,P,809,"N=7 K=3",-1
2026-05-18T20:45:06,VaryN,N,810,"K=3 P=7",-1
2026-05-18T20:45:06,VaryK,K,809,"N=7 P=7",0.0224
2026-05-18T20:45:06,VaryP,P,810,"N=7 K=3",-1
2026-05-18T20:45:06,VaryN,N,811,"K=3 P=7",-1
2026-05-18T20:45:06,VaryK,K,810,"N=7 P=7",0.0082
2026-05-18T20:45:06,VaryP,P,811,"N=7 K=3",-1
2026-05-18T20:45:06,VaryN,N,812,"K=3 P=7",-1
2026-05-18T20:45:06,VaryK,K,811,"N=7 P=7",0.0207
2026-05-18T20:45:06,VaryP,P,812,"N=7 K=3",-1
2026-05-18T20:45:06,VaryN,N,813,"K=3 P=7",-1
2026-05-18T20:45:06,VaryK,K,812,"N=7 P=7",0.0076
2026-05-18T20:45:06,VaryP,P,813,"N=7 K=3",-1
2026-05-18T20:45:06,VaryN,N,814,"K=3 P=7",-1
2026-05-18T20:45:06,VaryK,K,813,"N=7 P=7",0.0082
2026-05-18T20:45:06,VaryP,P,814,"N=7 K=3",-1
2026-05-18T20:45:06,VaryN,N,815,"K=3 P=7",-1
2026-05-18T20:45:06,VaryK,K,814,"N=7 P=7",0.008
2026-05-18T20:45:06,VaryP,P,815,"N=7 K=3",-1
2026-05-18T20:45:06,VaryN,N,816,"K=3 P=7",-1
2026-05-18T20:45:06,VaryK,K,815,"N=7 P=7",0.0343
2026-05-18T20:45:06,VaryP,P,816,"N=7 K=3",-1
2026-05-18T20:45:06,VaryN,N,817,"K=3 P=7",-1
2026-05-18T20:45:06,VaryK,K,816,"N=7 P=7",0.0075
2026-05-18T20:45:06,VaryP,P,817,"N=7 K=3",-1
2026-05-18T20:45:06,VaryN,N,818,"K=3 P=7",-1
2026-05-18T20:45:06,VaryK,K,817,"N=7 P=7",0.0084
2026-05-18T20:45:06,VaryP,P,818,"N=7 K=3",-1
2026-05-18T20:45:06,VaryN,N,819,"K=3 P=7",-1
2026-05-18T20:45:06,VaryK,K,818,"N=7 P=7",0.0072
2026-05-18T20:45:06,VaryP,P,819,"N=7 K=3",-1
2026-05-18T20:45:06,VaryN,N,820,"K=3 P=7",-1
2026-05-18T20:45:06,VaryK,K,819,"N=7 P=7",0.0063
2026-05-18T20:45:06,VaryP,P,820,"N=7 K=3",-1
2026-05-18T20:45:06,VaryN,N,821,"K=3 P=7",-1
2026-05-18T20:45:06,VaryK,K,820,"N=7 P=7",0.007
2026-05-18T20:45:06,VaryP,P,821,"N=7 K=3",-1
2026-05-18T20:45:06,VaryN,N,822,"K=3 P=7",-1
2026-05-18T20:45:06,VaryK,K,821,"N=7 P=7",0.0073
2026-05-18T20:45:06,VaryP,P,822,"N=7 K=3",-1
2026-05-18T20:45:06,VaryN,N,823,"K=3 P=7",-1
2026-05-18T20:45:06,VaryK,K,822,"N=7 P=7",0.0085
2026-05-18T20:45:06,VaryP,P,823,"N=7 K=3",-1
2026-05-18T20:45:06,VaryN,N,824,"K=3 P=7",-1
2026-05-18T20:45:06,VaryK,K,823,"N=7 P=7",0.0071
2026-05-18T20:45:06,VaryP,P,824,"N=7 K=3",-1
2026-05-18T20:45:06,VaryN,N,825,"K=3 P=7",-1
2026-05-18T20:45:06,VaryK,K,824,"N=7 P=7",0.0081
2026-05-18T20:45:06,VaryP,P,825,"N=7 K=3",-1
2026-05-18T20:45:06,VaryN,N,826,"K=3 P=7",-1
2026-05-18T20:45:06,VaryK,K,825,"N=7 P=7",0.0063
2026-05-18T20:45:06,VaryP,P,826,"N=7 K=3",-1
2026-05-18T20:45:06,VaryN,N,827,"K=3 P=7",-1
2026-05-18T20:45:06,VaryK,K,826,"N=7 P=7",0.0099
2026-05-18T20:45:06,VaryP,P,827,"N=7 K=3",-1
2026-05-18T20:45:06,VaryN,N,828,"K=3 P=7",-1
2026-05-18T20:45:06,VaryK,K,827,"N=7 P=7",0.0078
2026-05-18T20:45:06,VaryP,P,828,"N=7 K=3",-1
2026-05-18T20:45:06,VaryN,N,829,"K=3 P=7",-1
2026-05-18T20:45:06,VaryK,K,828,"N=7 P=7",0.007
2026-05-18T20:45:06,VaryP,P,829,"N=7 K=3",-1
2026-05-18T20:45:06,VaryN,N,830,"K=3 P=7",-1
2026-05-18T20:45:06,VaryK,K,829,"N=7 P=7",0.0069
2026-05-18T20:45:06,VaryP,P,830,"N=7 K=3",-1
2026-05-18T20:45:06,VaryN,N,831,"K=3 P=7",-1
2026-05-18T20:45:06,VaryK,K,830,"N=7 P=7",0.0092
2026-05-18T20:45:06,VaryP,P,831,"N=7 K=3",-1
2026-05-18T20:45:06,VaryN,N,832,"K=3 P=7",-1
2026-05-18T20:45:06,VaryK,K,831,"N=7 P=7",0.0095
2026-05-18T20:45:06,VaryP,P,832,"N=7 K=3",-1
2026-05-18T20:45:06,VaryN,N,833,"K=3 P=7",-1
2026-05-18T20:45:06,VaryK,K,832,"N=7 P=7",0.0078
2026-05-18T20:45:06,VaryP,P,833,"N=7 K=3",-1
2026-05-18T20:45:06,VaryN,N,834,"K=3 P=7",-1
2026-05-18T20:45:06,VaryK,K,833,"N=7 P=7",0.0079
2026-05-18T20:45:06,VaryP,P,834,"N=7 K=3",-1
2026-05-18T20:45:06,VaryN,N,835,"K=3 P=7",-1
2026-05-18T20:45:06,VaryK,K,834,"N=7 P=7",0.0072
2026-05-18T20:45:06,VaryP,P,835,"N=7 K=3",-1
2026-05-18T20:45:06,VaryN,N,836,"K=3 P=7",-1
2026-05-18T20:45:06,VaryK,K,835,"N=7 P=7",0.0096
2026-05-18T20:45:06,VaryP,P,836,"N=7 K=3",-1
2026-05-18T20:45:06,VaryN,N,837,"K=3 P=7",-1
2026-05-18T20:45:06,VaryK,K,836,"N=7 P=7",0.011
2026-05-18T20:45:06,VaryP,P,837,"N=7 K=3",-1
2026-05-18T20:45:06,VaryN,N,838,"K=3 P=7",-1
2026-05-18T20:45:06,VaryK,K,837,"N=7 P=7",0.0089
2026-05-18T20:45:06,VaryP,P,838,"N=7 K=3",-1
2026-05-18T20:45:06,VaryN,N,839,"K=3 P=7",-1
2026-05-18T20:45:06,VaryK,K,838,"N=7 P=7",0.0132
2026-05-18T20:45:06,VaryP,P,839,"N=7 K=3",-1
2026-05-18T20:45:06,VaryN,N,840,"K=3 P=7",-1
2026-05-18T20:45:06,VaryK,K,839,"N=7 P=7",0.009
2026-05-18T20:45:06,VaryP,P,840,"N=7 K=3",-1
2026-05-18T20:45:06,VaryN,N,841,"K=3 P=7",-1
2026-05-18T20:45:06,VaryK,K,840,"N=7 P=7",0.0079
2026-05-18T20:45:06,VaryP,P,841,"N=7 K=3",-1
2026-05-18T20:45:06,VaryN,N,842,"K=3 P=7",-1
2026-05-18T20:45:06,VaryK,K,841,"N=7 P=7",0.0174
2026-05-18T20:45:06,VaryP,P,842,"N=7 K=3",-1
2026-05-18T20:45:06,VaryN,N,843,"K=3 P=7",-1
2026-05-18T20:45:06,VaryK,K,842,"N=7 P=7",0.0168
2026-05-18T20:45:06,VaryP,P,843,"N=7 K=3",-1
2026-05-18T20:45:06,VaryN,N,844,"K=3 P=7",-1
2026-05-18T20:45:06,VaryK,K,843,"N=7 P=7",0.0091
2026-05-18T20:45:06,VaryP,P,844,"N=7 K=3",-1
2026-05-18T20:45:06,VaryN,N,845,"K=3 P=7",-1
2026-05-18T20:45:06,VaryK,K,844,"N=7 P=7",0.0177
2026-05-18T20:45:06,VaryP,P,845,"N=7 K=3",-1
2026-05-18T20:45:06,VaryN,N,846,"K=3 P=7",-1
2026-05-18T20:45:06,VaryK,K,845,"N=7 P=7",0.0082
2026-05-18T20:45:06,VaryP,P,846,"N=7 K=3",-1
2026-05-18T20:45:06,VaryN,N,847,"K=3 P=7",-1
2026-05-18T20:45:06,VaryK,K,846,"N=7 P=7",0.0107
2026-05-18T20:45:06,VaryP,P,847,"N=7 K=3",-1
2026-05-18T20:45:06,VaryN,N,848,"K=3 P=7",-1
2026-05-18T20:45:06,VaryK,K,847,"N=7 P=7",0.0319
2026-05-18T20:45:06,VaryP,P,848,"N=7 K=3",-1
2026-05-18T20:45:06,VaryN,N,849,"K=3 P=7",-1
2026-05-18T20:45:06,VaryK,K,848,"N=7 P=7",0.0091
2026-05-18T20:45:06,VaryP,P,849,"N=7 K=3",-1
2026-05-18T20:45:06,VaryN,N,850,"K=3 P=7",-1
2026-05-18T20:45:06,VaryK,K,849,"N=7 P=7",0.0124
2026-05-18T20:45:06,VaryP,P,850,"N=7 K=3",-1
2026-05-18T20:45:06,VaryN,N,851,"K=3 P=7",-1
2026-05-18T20:45:06,VaryK,K,850,"N=7 P=7",0.0077
2026-05-18T20:45:06,VaryP,P,851,"N=7 K=3",-1
2026-05-18T20:45:06,VaryN,N,852,"K=3 P=7",-1
2026-05-18T20:45:06,VaryK,K,851,"N=7 P=7",0.0098
2026-05-18T20:45:06,VaryP,P,852,"N=7 K=3",-1
2026-05-18T20:45:06,VaryN,N,853,"K=3 P=7",-1
2026-05-18T20:45:06,VaryK,K,852,"N=7 P=7",0.0085
2026-05-18T20:45:06,VaryP,P,853,"N=7 K=3",-1
2026-05-18T20:45:06,VaryN,N,854,"K=3 P=7",-1
2026-05-18T20:45:06,VaryK,K,853,"N=7 P=7",0.0108
2026-05-18T20:45:06,VaryP,P,854,"N=7 K=3",-1
2026-05-18T20:45:06,VaryN,N,855,"K=3 P=7",-1
2026-05-18T20:45:06,VaryK,K,854,"N=7 P=7",0.0086
2026-05-18T20:45:06,VaryP,P,855,"N=7 K=3",-1
2026-05-18T20:45:06,VaryN,N,856,"K=3 P=7",-1
2026-05-18T20:45:06,VaryK,K,855,"N=7 P=7",0.0064
2026-05-18T20:45:06,VaryP,P,856,"N=7 K=3",-1
2026-05-18T20:45:06,VaryN,N,857,"K=3 P=7",-1
2026-05-18T20:45:06,VaryK,K,856,"N=7 P=7",0.0068
2026-05-18T20:45:06,VaryP,P,857,"N=7 K=3",-1
2026-05-18T20:45:06,VaryN,N,858,"K=3 P=7",-1
2026-05-18T20:45:06,VaryK,K,857,"N=7 P=7",0.0084
2026-05-18T20:45:06,VaryP,P,858,"N=7 K=3",-1
2026-05-18T20:45:06,VaryN,N,859,"K=3 P=7",-1
2026-05-18T20:45:06,VaryK,K,858,"N=7 P=7",0.01
2026-05-18T20:45:06,VaryP,P,859,"N=7 K=3",-1
2026-05-18T20:45:06,VaryN,N,860,"K=3 P=7",-1
2026-05-18T20:45:06,VaryK,K,859,"N=7 P=7",0.0085
2026-05-18T20:45:06,VaryP,P,860,"N=7 K=3",-1
2026-05-18T20:45:06,VaryN,N,861,"K=3 P=7",-1
2026-05-18T20:45:06,VaryK,K,860,"N=7 P=7",0.0078
2026-05-18T20:45:06,VaryP,P,861,"N=7 K=3",-1
2026-05-18T20:45:06,VaryN,N,862,"K=3 P=7",-1
2026-05-18T20:45:06,VaryK,K,861,"N=7 P=7",0.0069
2026-05-18T20:45:06,VaryP,P,862,"N=7 K=3",-1
2026-05-18T20:45:06,VaryN,N,863,"K=3 P=7",-1
2026-05-18T20:45:06,VaryK,K,862,"N=7 P=7",0.0066
2026-05-18T20:45:06,VaryP,P,863,"N=7 K=3",-1
2026-05-18T20:45:06,VaryN,N,864,"K=3 P=7",-1
2026-05-18T20:45:06,VaryK,K,863,"N=7 P=7",0.0067
2026-05-18T20:45:06,VaryP,P,864,"N=7 K=3",-1
2026-05-18T20:45:06,VaryN,N,865,"K=3 P=7",-1
2026-05-18T20:45:06,VaryK,K,864,"N=7 P=7",0.0086
2026-05-18T20:45:06,VaryP,P,865,"N=7 K=3",-1
2026-05-18T20:45:06,VaryN,N,866,"K=3 P=7",-1
2026-05-18T20:45:06,VaryK,K,865,"N=7 P=7",0.0229
2026-05-18T20:45:06,VaryP,P,866,"N=7 K=3",-1
2026-05-18T20:45:06,VaryN,N,867,"K=3 P=7",-1
2026-05-18T20:45:06,VaryK,K,866,"N=7 P=7",0.0121
2026-05-18T20:45:06,VaryP,P,867,"N=7 K=3",-1
2026-05-18T20:45:06,VaryN,N,868,"K=3 P=7",-1
2026-05-18T20:45:06,VaryK,K,867,"N=7 P=7",0.013
2026-05-18T20:45:06,VaryP,P,868,"N=7 K=3",-1
2026-05-18T20:45:06,VaryN,N,869,"K=3 P=7",-1
2026-05-18T20:45:06,VaryK,K,868,"N=7 P=7",0.0123
2026-05-18T20:45:06,VaryP,P,869,"N=7 K=3",-1
2026-05-18T20:45:06,VaryN,N,870,"K=3 P=7",-1
2026-05-18T20:45:06,VaryK,K,869,"N=7 P=7",0.014
2026-05-18T20:45:06,VaryP,P,870,"N=7 K=3",-1
2026-05-18T20:45:06,VaryN,N,871,"K=3 P=7",-1
2026-05-18T20:45:06,VaryK,K,870,"N=7 P=7",0.028
2026-05-18T20:45:06,VaryP,P,871,"N=7 K=3",-1
2026-05-18T20:45:06,VaryN,N,872,"K=3 P=7",-1
2026-05-18T20:45:06,VaryK,K,871,"N=7 P=7",0.014
2026-05-18T20:45:06,VaryP,P,872,"N=7 K=3",-1
2026-05-18T20:45:06,VaryN,N,873,"K=3 P=7",-1
2026-05-18T20:45:06,VaryK,K,872,"N=7 P=7",0.0216
2026-05-18T20:45:06,VaryP,P,873,"N=7 K=3",-1
2026-05-18T20:45:06,VaryN,N,874,"K=3 P=7",-1
2026-05-18T20:45:06,VaryK,K,873,"N=7 P=7",0.0097
2026-05-18T20:45:06,VaryP,P,874,"N=7 K=3",-1
2026-05-18T20:45:06,VaryN,N,875,"K=3 P=7",-1
2026-05-18T20:45:06,VaryK,K,874,"N=7 P=7",0.0094
2026-05-18T20:45:06,VaryP,P,875,"N=7 K=3",-1
2026-05-18T20:45:06,VaryN,N,876,"K=3 P=7",-1
2026-05-18T20:45:06,VaryK,K,875,"N=7 P=7",0.0246
2026-05-18T20:45:06,VaryP,P,876,"N=7 K=3",-1
2026-05-18T20:45:06,VaryN,N,877,"K=3 P=7",-1
2026-05-18T20:45:06,VaryK,K,876,"N=7 P=7",0.0109
2026-05-18T20:45:06,VaryP,P,877,"N=7 K=3",-1
2026-05-18T20:45:06,VaryN,N,878,"K=3 P=7",-1
2026-05-18T20:45:06,VaryK,K,877,"N=7 P=7",0.0134
2026-05-18T20:45:06,VaryP,P,878,"N=7 K=3",-1
2026-05-18T20:45:06,VaryN,N,879,"K=3 P=7",-1
2026-05-18T20:45:06,VaryK,K,878,"N=7 P=7",0.0185
2026-05-18T20:45:06,VaryP,P,879,"N=7 K=3",-1
2026-05-18T20:45:06,VaryN,N,880,"K=3 P=7",-1
2026-05-18T20:45:06,VaryK,K,879,"N=7 P=7",0.0156
2026-05-18T20:45:06,VaryP,P,880,"N=7 K=3",-1
2026-05-18T20:45:06,VaryN,N,881,"K=3 P=7",-1
2026-05-18T20:45:06,VaryK,K,880,"N=7 P=7",0.0105
2026-05-18T20:45:06,VaryP,P,881,"N=7 K=3",-1
2026-05-18T20:45:06,VaryN,N,882,"K=3 P=7",-1
2026-05-18T20:45:06,VaryK,K,881,"N=7 P=7",0.0096
2026-05-18T20:45:06,VaryP,P,882,"N=7 K=3",-1
2026-05-18T20:45:06,VaryN,N,883,"K=3 P=7",-1
2026-05-18T20:45:06,VaryK,K,882,"N=7 P=7",0.0106
2026-05-18T20:45:06,VaryP,P,883,"N=7 K=3",-1
2026-05-18T20:45:06,VaryN,N,884,"K=3 P=7",-1
2026-05-18T20:45:06,VaryK,K,883,"N=7 P=7",0.0094
2026-05-18T20:45:06,VaryP,P,884,"N=7 K=3",-1
2026-05-18T20:45:06,VaryN,N,885,"K=3 P=7",-1
2026-05-18T20:45:06,VaryK,K,884,"N=7 P=7",0.0091
2026-05-18T20:45:06,VaryP,P,885,"N=7 K=3",-1
2026-05-18T20:45:06,VaryN,N,886,"K=3 P=7",-1
2026-05-18T20:45:06,VaryK,K,885,"N=7 P=7",0.0086
2026-05-18T20:45:06,VaryP,P,886,"N=7 K=3",-1
2026-05-18T20:45:06,VaryN,N,887,"K=3 P=7",-1
2026-05-18T20:45:06,VaryK,K,886,"N=7 P=7",0.0109
2026-05-18T20:45:06,VaryP,P,887,"N=7 K=3",-1
2026-05-18T20:45:06,VaryN,N,888,"K=3 P=7",-1
2026-05-18T20:45:06,VaryK,K,887,"N=7 P=7",0.0092
2026-05-18T20:45:06,VaryP,P,888,"N=7 K=3",-1
2026-05-18T20:45:06,VaryN,N,889,"K=3 P=7",-1
2026-05-18T20:45:06,VaryK,K,888,"N=7 P=7",0.0108
2026-05-18T20:45:06,VaryP,P,889,"N=7 K=3",-1
2026-05-18T20:45:06,VaryN,N,890,"K=3 P=7",-1
2026-05-18T20:45:06,VaryK,K,889,"N=7 P=7",0.0246
2026-05-18T20:45:06,VaryP,P,890,"N=7 K=3",-1
2026-05-18T20:45:06,VaryN,N,891,"K=3 P=7",-1
2026-05-18T20:45:06,VaryK,K,890,"N=7 P=7",0.0132
2026-05-18T20:45:06,VaryP,P,891,"N=7 K=3",-1
2026-05-18T20:45:06,VaryN,N,892,"K=3 P=7",-1
2026-05-18T20:45:06,VaryK,K,891,"N=7 P=7",0.0113
2026-05-18T20:45:06,VaryP,P,892,"N=7 K=3",-1
2026-05-18T20:45:06,VaryN,N,893,"K=3 P=7",-1
2026-05-18T20:45:06,VaryK,K,892,"N=7 P=7",0.0101
2026-05-18T20:45:06,VaryP,P,893,"N=7 K=3",-1
2026-05-18T20:45:06,VaryN,N,894,"K=3 P=7",-1
2026-05-18T20:45:06,VaryK,K,893,"N=7 P=7",0.0134
2026-05-18T20:45:06,VaryP,P,894,"N=7 K=3",-1
2026-05-18T20:45:06,VaryN,N,895,"K=3 P=7",-1
2026-05-18T20:45:06,VaryK,K,894,"N=7 P=7",0.011
2026-05-18T20:45:06,VaryP,P,895,"N=7 K=3",-1
2026-05-18T20:45:06,VaryN,N,896,"K=3 P=7",-1
2026-05-18T20:45:06,VaryK,K,895,"N=7 P=7",0.0088
2026-05-18T20:45:06,VaryP,P,896,"N=7 K=3",-1
2026-05-18T20:45:06,VaryN,N,897,"K=3 P=7",-1
2026-05-18T20:45:06,VaryK,K,896,"N=7 P=7",0.008
2026-05-18T20:45:06,VaryP,P,897,"N=7 K=3",-1
2026-05-18T20:45:06,VaryN,N,898,"K=3 P=7",-1
2026-05-18T20:45:06,VaryK,K,897,"N=7 P=7",0.01
2026-05-18T20:45:07,VaryP,P,898,"N=7 K=3",-1
2026-05-18T20:45:07,VaryN,N,899,"K=3 P=7",-1
2026-05-18T20:45:07,VaryK,K,898,"N=7 P=7",0.0136
2026-05-18T20:45:07,VaryP,P,899,"N=7 K=3",-1
2026-05-18T20:45:07,VaryN,N,900,"K=3 P=7",-1
2026-05-18T20:45:07,VaryK,K,899,"N=7 P=7",0.0101
2026-05-18T20:45:07,VaryP,P,900,"N=7 K=3",-1
2026-05-18T20:45:07,VaryN,N,901,"K=3 P=7",-1
2026-05-18T20:45:07,VaryK,K,900,"N=7 P=7",0.0111
2026-05-18T20:45:07,VaryP,P,901,"N=7 K=3",-1
2026-05-18T20:45:07,VaryN,N,902,"K=3 P=7",-1
2026-05-18T20:45:07,VaryK,K,901,"N=7 P=7",0.0087
2026-05-18T20:45:07,VaryP,P,902,"N=7 K=3",-1
2026-05-18T20:45:07,VaryN,N,903,"K=3 P=7",-1
2026-05-18T20:45:07,VaryK,K,902,"N=7 P=7",0.0104
2026-05-18T20:45:07,VaryP,P,903,"N=7 K=3",-1
2026-05-18T20:45:07,VaryN,N,904,"K=3 P=7",-1
2026-05-18T20:45:07,VaryK,K,903,"N=7 P=7",0.0087
2026-05-18T20:45:07,VaryP,P,904,"N=7 K=3",-1
2026-05-18T20:45:07,VaryN,N,905,"K=3 P=7",-1
2026-05-18T20:45:07,VaryK,K,904,"N=7 P=7",0.0144
2026-05-18T20:45:07,VaryP,P,905,"N=7 K=3",-1
2026-05-18T20:45:07,VaryN,N,906,"K=3 P=7",-1
2026-05-18T20:45:07,VaryK,K,905,"N=7 P=7",0.0167
2026-05-18T20:45:07,VaryP,P,906,"N=7 K=3",-1
2026-05-18T20:45:07,VaryN,N,907,"K=3 P=7",-1
2026-05-18T20:45:07,VaryK,K,906,"N=7 P=7",0.0085
2026-05-18T20:45:07,VaryP,P,907,"N=7 K=3",-1
2026-05-18T20:45:07,VaryN,N,908,"K=3 P=7",-1
2026-05-18T20:45:07,VaryK,K,907,"N=7 P=7",0.0102
2026-05-18T20:45:07,VaryP,P,908,"N=7 K=3",-1
2026-05-18T20:45:07,VaryN,N,909,"K=3 P=7",-1
2026-05-18T20:45:07,VaryK,K,908,"N=7 P=7",0.0147
2026-05-18T20:45:07,VaryP,P,909,"N=7 K=3",-1
2026-05-18T20:45:07,VaryN,N,910,"K=3 P=7",-1
2026-05-18T20:45:07,VaryK,K,909,"N=7 P=7",0.0103
2026-05-18T20:45:07,VaryP,P,910,"N=7 K=3",-1
2026-05-18T20:45:07,VaryN,N,911,"K=3 P=7",-1
2026-05-18T20:45:07,VaryK,K,910,"N=7 P=7",0.0078
2026-05-18T20:45:07,VaryP,P,911,"N=7 K=3",-1
2026-05-18T20:45:07,VaryN,N,912,"K=3 P=7",-1
2026-05-18T20:45:07,VaryK,K,911,"N=7 P=7",0.01
2026-05-18T20:45:07,VaryP,P,912,"N=7 K=3",-1
2026-05-18T20:45:07,VaryN,N,913,"K=3 P=7",-1
2026-05-18T20:45:07,VaryK,K,912,"N=7 P=7",0.0135
2026-05-18T20:45:07,VaryP,P,913,"N=7 K=3",-1
2026-05-18T20:45:07,VaryN,N,914,"K=3 P=7",-1
2026-05-18T20:45:07,VaryK,K,913,"N=7 P=7",0.0102
2026-05-18T20:45:07,VaryP,P,914,"N=7 K=3",-1
2026-05-18T20:45:07,VaryN,N,915,"K=3 P=7",-1
2026-05-18T20:45:07,VaryK,K,914,"N=7 P=7",0.0087
2026-05-18T20:45:07,VaryP,P,915,"N=7 K=3",-1
2026-05-18T20:45:07,VaryN,N,916,"K=3 P=7",-1
2026-05-18T20:45:07,VaryK,K,915,"N=7 P=7",0.0145
2026-05-18T20:45:07,VaryP,P,916,"N=7 K=3",-1
2026-05-18T20:45:07,VaryN,N,917,"K=3 P=7",-1
2026-05-18T20:45:07,VaryK,K,916,"N=7 P=7",0.0134
2026-05-18T20:45:07,VaryP,P,917,"N=7 K=3",-1
2026-05-18T20:45:07,VaryN,N,918,"K=3 P=7",-1
2026-05-18T20:45:07,VaryK,K,917,"N=7 P=7",0.0125
2026-05-18T20:45:07,VaryP,P,918,"N=7 K=3",-1
2026-05-18T20:45:07,VaryN,N,919,"K=3 P=7",-1
2026-05-18T20:45:07,VaryK,K,918,"N=7 P=7",0.0094
2026-05-18T20:45:07,VaryP,P,919,"N=7 K=3",-1
2026-05-18T20:45:07,VaryN,N,920,"K=3 P=7",-1
2026-05-18T20:45:07,VaryK,K,919,"N=7 P=7",0.0129
2026-05-18T20:45:07,VaryP,P,920,"N=7 K=3",-1
2026-05-18T20:45:07,VaryN,N,921,"K=3 P=7",-1
2026-05-18T20:45:07,VaryK,K,920,"N=7 P=7",0.0087
2026-05-18T20:45:07,VaryP,P,921,"N=7 K=3",-1
2026-05-18T20:45:07,VaryN,N,922,"K=3 P=7",-1
2026-05-18T20:45:07,VaryK,K,921,"N=7 P=7",0.0107
2026-05-18T20:45:07,VaryP,P,922,"N=7 K=3",-1
2026-05-18T20:45:07,VaryN,N,923,"K=3 P=7",-1
2026-05-18T20:45:07,VaryK,K,922,"N=7 P=7",0.009
2026-05-18T20:45:07,VaryP,P,923,"N=7 K=3",-1
2026-05-18T20:45:07,VaryN,N,924,"K=3 P=7",-1
2026-05-18T20:45:07,VaryK,K,923,"N=7 P=7",0.0213
2026-05-18T20:45:07,VaryP,P,924,"N=7 K=3",-1
2026-05-18T20:45:07,VaryN,N,925,"K=3 P=7",-1
2026-05-18T20:45:07,VaryK,K,924,"N=7 P=7",0.0098
2026-05-18T20:45:07,VaryP,P,925,"N=7 K=3",-1
2026-05-18T20:45:07,VaryN,N,926,"K=3 P=7",-1
2026-05-18T20:45:07,VaryK,K,925,"N=7 P=7",0.0085
2026-05-18T20:45:07,VaryP,P,926,"N=7 K=3",-1
2026-05-18T20:45:07,VaryN,N,927,"K=3 P=7",-1
2026-05-18T20:45:07,VaryK,K,926,"N=7 P=7",0.0073
2026-05-18T20:45:07,VaryP,P,927,"N=7 K=3",-1
2026-05-18T20:45:07,VaryN,N,928,"K=3 P=7",-1
2026-05-18T20:45:07,VaryK,K,927,"N=7 P=7",0.0211
2026-05-18T20:45:07,VaryP,P,928,"N=7 K=3",-1
2026-05-18T20:45:07,VaryN,N,929,"K=3 P=7",-1
2026-05-18T20:45:07,VaryK,K,928,"N=7 P=7",0.007
2026-05-18T20:45:07,VaryP,P,929,"N=7 K=3",-1
2026-05-18T20:45:07,VaryN,N,930,"K=3 P=7",-1
2026-05-18T20:45:07,VaryK,K,929,"N=7 P=7",0.0085
2026-05-18T20:45:07,VaryP,P,930,"N=7 K=3",-1
2026-05-18T20:45:07,VaryN,N,931,"K=3 P=7",-1
2026-05-18T20:45:07,VaryK,K,930,"N=7 P=7",0.0071
2026-05-18T20:45:07,VaryP,P,931,"N=7 K=3",-1
2026-05-18T20:45:07,VaryN,N,932,"K=3 P=7",-1
2026-05-18T20:45:07,VaryK,K,931,"N=7 P=7",0.0109
2026-05-18T20:45:07,VaryP,P,932,"N=7 K=3",-1
2026-05-18T20:45:07,VaryN,N,933,"K=3 P=7",-1
2026-05-18T20:45:07,VaryK,K,932,"N=7 P=7",0.0166
2026-05-18T20:45:07,VaryP,P,933,"N=7 K=3",-1
2026-05-18T20:45:07,VaryN,N,934,"K=3 P=7",-1
2026-05-18T20:45:07,VaryK,K,933,"N=7 P=7",0.013
2026-05-18T20:45:07,VaryP,P,934,"N=7 K=3",-1
2026-05-18T20:45:07,VaryN,N,935,"K=3 P=7",-1
2026-05-18T20:45:07,VaryK,K,934,"N=7 P=7",0.0162
2026-05-18T20:45:07,VaryP,P,935,"N=7 K=3",-1
2026-05-18T20:45:07,VaryN,N,936,"K=3 P=7",-1
2026-05-18T20:45:07,VaryK,K,935,"N=7 P=7",0.0131
2026-05-18T20:45:07,VaryP,P,936,"N=7 K=3",-1
2026-05-18T20:45:07,VaryN,N,937,"K=3 P=7",-1
2026-05-18T20:45:07,VaryK,K,936,"N=7 P=7",0.0142
2026-05-18T20:45:07,VaryP,P,937,"N=7 K=3",-1
2026-05-18T20:45:07,VaryN,N,938,"K=3 P=7",-1
2026-05-18T20:45:07,VaryK,K,937,"N=7 P=7",0.0154
2026-05-18T20:45:07,VaryP,P,938,"N=7 K=3",-1
2026-05-18T20:45:07,VaryN,N,939,"K=3 P=7",-1
2026-05-18T20:45:07,VaryK,K,938,"N=7 P=7",0.0156
2026-05-18T20:45:07,VaryP,P,939,"N=7 K=3",-1
2026-05-18T20:45:07,VaryN,N,940,"K=3 P=7",-1
2026-05-18T20:45:07,VaryK,K,939,"N=7 P=7",0.0113
2026-05-18T20:45:07,VaryP,P,940,"N=7 K=3",-1
2026-05-18T20:45:07,VaryN,N,941,"K=3 P=7",-1
2026-05-18T20:45:07,VaryK,K,940,"N=7 P=7",0.0094
2026-05-18T20:45:07,VaryP,P,941,"N=7 K=3",-1
2026-05-18T20:45:07,VaryN,N,942,"K=3 P=7",-1
2026-05-18T20:45:07,VaryK,K,941,"N=7 P=7",0.0129
2026-05-18T20:45:07,VaryP,P,942,"N=7 K=3",-1
2026-05-18T20:45:07,VaryN,N,943,"K=3 P=7",-1
2026-05-18T20:45:07,VaryK,K,942,"N=7 P=7",0.011
2026-05-18T20:45:07,VaryP,P,943,"N=7 K=3",-1
2026-05-18T20:45:07,VaryN,N,944,"K=3 P=7",-1
2026-05-18T20:45:07,VaryK,K,943,"N=7 P=7",0.0321
2026-05-18T20:45:07,VaryP,P,944,"N=7 K=3",-1
2026-05-18T20:45:07,VaryN,N,945,"K=3 P=7",-1
2026-05-18T20:45:07,VaryK,K,944,"N=7 P=7",0.0101
2026-05-18T20:45:07,VaryP,P,945,"N=7 K=3",-1
2026-05-18T20:45:07,VaryN,N,946,"K=3 P=7",-1
2026-05-18T20:45:07,VaryK,K,945,"N=7 P=7",0.0111
2026-05-18T20:45:07,VaryP,P,946,"N=7 K=3",-1
2026-05-18T20:45:07,VaryN,N,947,"K=3 P=7",-1
2026-05-18T20:45:07,VaryK,K,946,"N=7 P=7",0.0179
2026-05-18T20:45:07,VaryP,P,947,"N=7 K=3",-1
2026-05-18T20:45:07,VaryN,N,948,"K=3 P=7",-1
2026-05-18T20:45:07,VaryK,K,947,"N=7 P=7",0.0126
2026-05-18T20:45:07,VaryP,P,948,"N=7 K=3",-1
2026-05-18T20:45:07,VaryN,N,949,"K=3 P=7",-1
2026-05-18T20:45:07,VaryK,K,948,"N=7 P=7",0.0247
2026-05-18T20:45:07,VaryP,P,949,"N=7 K=3",-1
2026-05-18T20:45:07,VaryN,N,950,"K=3 P=7",-1
2026-05-18T20:45:07,VaryK,K,949,"N=7 P=7",0.0093
2026-05-18T20:45:07,VaryP,P,950,"N=7 K=3",-1
2026-05-18T20:45:07,VaryN,N,951,"K=3 P=7",-1
2026-05-18T20:45:07,VaryK,K,950,"N=7 P=7",0.0077
2026-05-18T20:45:07,VaryP,P,951,"N=7 K=3",-1
2026-05-18T20:45:07,VaryN,N,952,"K=3 P=7",-1
2026-05-18T20:45:07,VaryK,K,951,"N=7 P=7",0.0091
2026-05-18T20:45:07,VaryP,P,952,"N=7 K=3",-1
2026-05-18T20:45:07,VaryN,N,953,"K=3 P=7",-1
2026-05-18T20:45:07,VaryK,K,952,"N=7 P=7",0.0067
2026-05-18T20:45:07,VaryP,P,953,"N=7 K=3",-1
2026-05-18T20:45:07,VaryN,N,954,"K=3 P=7",-1
2026-05-18T20:45:07,VaryK,K,953,"N=7 P=7",0.0075
2026-05-18T20:45:07,VaryP,P,954,"N=7 K=3",-1
2026-05-18T20:45:07,VaryN,N,955,"K=3 P=7",-1
2026-05-18T20:45:07,VaryK,K,954,"N=7 P=7",0.009
2026-05-18T20:45:07,VaryP,P,955,"N=7 K=3",-1
2026-05-18T20:45:07,VaryN,N,956,"K=3 P=7",-1
2026-05-18T20:45:07,VaryK,K,955,"N=7 P=7",0.0091
2026-05-18T20:45:07,VaryP,P,956,"N=7 K=3",-1
2026-05-18T20:45:07,VaryN,N,957,"K=3 P=7",-1
2026-05-18T20:45:07,VaryK,K,956,"N=7 P=7",0.009
2026-05-18T20:45:07,VaryP,P,957,"N=7 K=3",-1
2026-05-18T20:45:07,VaryN,N,958,"K=3 P=7",-1
2026-05-18T20:45:07,VaryK,K,957,"N=7 P=7",0.01
2026-05-18T20:45:07,VaryP,P,958,"N=7 K=3",-1
2026-05-18T20:45:07,VaryN,N,959,"K=3 P=7",-1
2026-05-18T20:45:07,VaryK,K,958,"N=7 P=7",0.0085
2026-05-18T20:45:07,VaryP,P,959,"N=7 K=3",-1
2026-05-18T20:45:07,VaryN,N,960,"K=3 P=7",-1
2026-05-18T20:45:07,VaryK,K,959,"N=7 P=7",0.0173
2026-05-18T20:45:07,VaryP,P,960,"N=7 K=3",-1
2026-05-18T20:45:07,VaryN,N,961,"K=3 P=7",-1
2026-05-18T20:45:07,VaryK,K,960,"N=7 P=7",0.0388
2026-05-18T20:45:07,VaryP,P,961,"N=7 K=3",-1
2026-05-18T20:45:07,VaryN,N,962,"K=3 P=7",-1
2026-05-18T20:45:07,VaryK,K,961,"N=7 P=7",0.0116
2026-05-18T20:45:07,VaryP,P,962,"N=7 K=3",-1
2026-05-18T20:45:07,VaryN,N,963,"K=3 P=7",-1
2026-05-18T20:45:07,VaryK,K,962,"N=7 P=7",0.0075
2026-05-18T20:45:07,VaryP,P,963,"N=7 K=3",-1
2026-05-18T20:45:07,VaryN,N,964,"K=3 P=7",-1
2026-05-18T20:45:07,VaryK,K,963,"N=7 P=7",0.0099
2026-05-18T20:45:07,VaryP,P,964,"N=7 K=3",-1
2026-05-18T20:45:07,VaryN,N,965,"K=3 P=7",-1
2026-05-18T20:45:07,VaryK,K,964,"N=7 P=7",0.0087
2026-05-18T20:45:07,VaryP,P,965,"N=7 K=3",-1
2026-05-18T20:45:07,VaryN,N,966,"K=3 P=7",-1
2026-05-18T20:45:07,VaryK,K,965,"N=7 P=7",0.0085
2026-05-18T20:45:07,VaryP,P,966,"N=7 K=3",-1
2026-05-18T20:45:07,VaryN,N,967,"K=3 P=7",-1
2026-05-18T20:45:07,VaryK,K,966,"N=7 P=7",0.0175
2026-05-18T20:45:07,VaryP,P,967,"N=7 K=3",-1
2026-05-18T20:45:07,VaryN,N,968,"K=3 P=7",-1
2026-05-18T20:45:07,VaryK,K,967,"N=7 P=7",0.0091
2026-05-18T20:45:07,VaryP,P,968,"N=7 K=3",-1
2026-05-18T20:45:07,VaryN,N,969,"K=3 P=7",-1
2026-05-18T20:45:07,VaryK,K,968,"N=7 P=7",0.0116
2026-05-18T20:45:07,VaryP,P,969,"N=7 K=3",-1
2026-05-18T20:45:07,VaryN,N,970,"K=3 P=7",-1
2026-05-18T20:45:07,VaryK,K,969,"N=7 P=7",0.0088
2026-05-18T20:45:07,VaryP,P,970,"N=7 K=3",-1
2026-05-18T20:45:07,VaryN,N,971,"K=3 P=7",-1
2026-05-18T20:45:07,VaryK,K,970,"N=7 P=7",0.014
2026-05-18T20:45:07,VaryP,P,971,"N=7 K=3",-1
2026-05-18T20:45:07,VaryN,N,972,"K=3 P=7",-1
2026-05-18T20:45:07,VaryK,K,971,"N=7 P=7",0.0107
2026-05-18T20:45:07,VaryP,P,972,"N=7 K=3",-1
2026-05-18T20:45:07,VaryN,N,973,"K=3 P=7",-1
2026-05-18T20:45:07,VaryK,K,972,"N=7 P=7",0.0319
2026-05-18T20:45:07,VaryP,P,973,"N=7 K=3",-1
2026-05-18T20:45:07,VaryN,N,974,"K=3 P=7",-1
2026-05-18T20:45:07,VaryK,K,973,"N=7 P=7",0.0113
2026-05-18T20:45:07,VaryP,P,974,"N=7 K=3",-1
2026-05-18T20:45:07,VaryN,N,975,"K=3 P=7",-1
2026-05-18T20:45:07,VaryK,K,974,"N=7 P=7",0.014
2026-05-18T20:45:07,VaryP,P,975,"N=7 K=3",-1
2026-05-18T20:45:07,VaryN,N,976,"K=3 P=7",-1
2026-05-18T20:45:07,VaryK,K,975,"N=7 P=7",0.0168
2026-05-18T20:45:07,VaryP,P,976,"N=7 K=3",-1
2026-05-18T20:45:07,VaryN,N,977,"K=3 P=7",-1
2026-05-18T20:45:07,VaryK,K,976,"N=7 P=7",0.0188
2026-05-18T20:45:07,VaryP,P,977,"N=7 K=3",-1
2026-05-18T20:45:07,VaryN,N,978,"K=3 P=7",-1
2026-05-18T20:45:07,VaryK,K,977,"N=7 P=7",0.0353
2026-05-18T20:45:07,VaryP,P,978,"N=7 K=3",-1
2026-05-18T20:45:07,VaryN,N,979,"K=3 P=7",-1
2026-05-18T20:45:07,VaryK,K,978,"N=7 P=7",0.0158
2026-05-18T20:45:07,VaryP,P,979,"N=7 K=3",-1
2026-05-18T20:45:07,VaryN,N,980,"K=3 P=7",-1
2026-05-18T20:45:07,VaryK,K,979,"N=7 P=7",0.0133
2026-05-18T20:45:07,VaryP,P,980,"N=7 K=3",-1
2026-05-18T20:45:07,VaryN,N,981,"K=3 P=7",-1
2026-05-18T20:45:07,VaryK,K,980,"N=7 P=7",0.0223
2026-05-18T20:45:07,VaryP,P,981,"N=7 K=3",-1
2026-05-18T20:45:07,VaryN,N,982,"K=3 P=7",-1
2026-05-18T20:45:07,VaryK,K,981,"N=7 P=7",0.0127
2026-05-18T20:45:07,VaryP,P,982,"N=7 K=3",-1
2026-05-18T20:45:07,VaryN,N,983,"K=3 P=7",-1
2026-05-18T20:45:07,VaryK,K,982,"N=7 P=7",0.0136
2026-05-18T20:45:07,VaryP,P,983,"N=7 K=3",-1
2026-05-18T20:45:07,VaryN,N,984,"K=3 P=7",-1
2026-05-18T20:45:07,VaryK,K,983,"N=7 P=7",0.0108
2026-05-18T20:45:07,VaryP,P,984,"N=7 K=3",-1
2026-05-18T20:45:07,VaryN,N,985,"K=3 P=7",-1
2026-05-18T20:45:07,VaryK,K,984,"N=7 P=7",0.029
2026-05-18T20:45:07,VaryP,P,985,"N=7 K=3",-1
2026-05-18T20:45:07,VaryN,N,986,"K=3 P=7",-1
2026-05-18T20:45:07,VaryK,K,985,"N=7 P=7",0.0097
2026-05-18T20:45:07,VaryP,P,986,"N=7 K=3",-1
2026-05-18T20:45:07,VaryN,N,987,"K=3 P=7",-1
2026-05-18T20:45:07,VaryK,K,986,"N=7 P=7",0.0206
2026-05-18T20:45:07,VaryP,P,987,"N=7 K=3",-1
2026-05-18T20:45:07,VaryN,N,988,"K=3 P=7",-1
2026-05-18T20:45:07,VaryK,K,987,"N=7 P=7",0.0071
2026-05-18T20:45:07,VaryP,P,988,"N=7 K=3",-1
2026-05-18T20:45:07,VaryN,N,989,"K=3 P=7",-1
2026-05-18T20:45:07,VaryK,K,988,"N=7 P=7",0.0077
2026-05-18T20:45:07,VaryP,P,989,"N=7 K=3",-1
2026-05-18T20:45:07,VaryN,N,990,"K=3 P=7",-1
2026-05-18T20:45:07,VaryK,K,989,"N=7 P=7",0.0081
2026-05-18T20:45:07,VaryP,P,990,"N=7 K=3",-1
2026-05-18T20:45:07,VaryN,N,991,"K=3 P=7",-1
2026-05-18T20:45:07,VaryK,K,990,"N=7 P=7",0.0092
2026-05-18T20:45:07,VaryP,P,991,"N=7 K=3",-1
2026-05-18T20:45:07,VaryN,N,992,"K=3 P=7",-1
2026-05-18T20:45:07,VaryK,K,991,"N=7 P=7",0.01
2026-05-18T20:45:07,VaryP,P,992,"N=7 K=3",-1
2026-05-18T20:45:07,VaryN,N,993,"K=3 P=7",-1
2026-05-18T20:45:07,VaryK,K,992,"N=7 P=7",0.0077
2026-05-18T20:45:07,VaryP,P,993,"N=7 K=3",-1
2026-05-18T20:45:07,VaryN,N,994,"K=3 P=7",-1
2026-05-18T20:45:07,VaryK,K,993,"N=7 P=7",0.0077
2026-05-18T20:45:07,VaryP,P,994,"N=7 K=3",-1
2026-05-18T20:45:07,VaryN,N,995,"K=3 P=7",-1
2026-05-18T20:45:07,VaryK,K,994,"N=7 P=7",0.0082
2026-05-18T20:45:07,VaryP,P,995,"N=7 K=3",-1
2026-05-18T20:45:07,VaryN,N,996,"K=3 P=7",-1
2026-05-18T20:45:07,VaryK,K,995,"N=7 P=7",0.0082
2026-05-18T20:45:07,VaryP,P,996,"N=7 K=3",-1
2026-05-18T20:45:07,VaryN,N,997,"K=3 P=7",-1
2026-05-18T20:45:07,VaryK,K,996,"N=7 P=7",0.0068
2026-05-18T20:45:07,VaryP,P,997,"N=7 K=3",-1
2026-05-18T20:45:07,VaryN,N,998,"K=3 P=7",-1
2026-05-18T20:45:07,VaryK,K,997,"N=7 P=7",0.0091
2026-05-18T20:45:07,VaryP,P,998,"N=7 K=3",-1
2026-05-18T20:45:07,VaryN,N,999,"K=3 P=7",-1
2026-05-18T20:45:07,VaryK,K,998,"N=7 P=7",0.0073
2026-05-18T20:45:07,VaryP,P,999,"N=7 K=3",-1
2026-05-18T20:45:07,VaryN,N,1000,"K=3 P=7",-1
2026-05-18T20:45:07,VaryK,K,999,"N=7 P=7",0.0093
2026-05-18T20:45:07,VaryP,P,1000,"N=7 K=3",-1
2026-05-18T20:45:07,VaryK,K,1000,"N=7 P=7",0.0071
